date,year,quarter,quarter_num,month_num,month_name_de,month_name_en,year_month,week_num,day_of_week,is_weekend,day_num,year_quarter
2011-01-01,2011,Q1,1,1,Januar,January,2011-01,52,Saturday,True,1,2011 Q1
2011-01-02,2011,Q1,1,1,Januar,January,2011-01,52,Sunday,True,2,2011 Q1
2011-01-03,2011,Q1,1,1,Januar,January,2011-01,1,Monday,False,3,2011 Q1
2011-01-04,2011,Q1,1,1,Januar,January,2011-01,1,Tuesday,False,4,2011 Q1
2011-01-05,2011,Q1,1,1,Januar,January,2011-01,1,Wednesday,False,5,2011 Q1
2011-01-06,2011,Q1,1,1,Januar,January,2011-01,1,Thursday,False,6,2011 Q1
2011-01-07,2011,Q1,1,1,Januar,January,2011-01,1,Friday,False,7,2011 Q1
2011-01-08,2011,Q1,1,1,Januar,January,2011-01,1,Saturday,True,8,2011 Q1
2011-01-09,2011,Q1,1,1,Januar,January,2011-01,1,Sunday,True,9,2011 Q1
2011-01-10,2011,Q1,1,1,Januar,January,2011-01,2,Monday,False,10,2011 Q1
2011-01-11,2011,Q1,1,1,Januar,January,2011-01,2,Tuesday,False,11,2011 Q1
2011-01-12,2011,Q1,1,1,Januar,January,2011-01,2,Wednesday,False,12,2011 Q1
2011-01-13,2011,Q1,1,1,Januar,January,2011-01,2,Thursday,False,13,2011 Q1
2011-01-14,2011,Q1,1,1,Januar,January,2011-01,2,Friday,False,14,2011 Q1
2011-01-15,2011,Q1,1,1,Januar,January,2011-01,2,Saturday,True,15,2011 Q1
2011-01-16,2011,Q1,1,1,Januar,January,2011-01,2,Sunday,True,16,2011 Q1
2011-01-17,2011,Q1,1,1,Januar,January,2011-01,3,Monday,False,17,2011 Q1
2011-01-18,2011,Q1,1,1,Januar,January,2011-01,3,Tuesday,False,18,2011 Q1
2011-01-19,2011,Q1,1,1,Januar,January,2011-01,3,Wednesday,False,19,2011 Q1
2011-01-20,2011,Q1,1,1,Januar,January,2011-01,3,Thursday,False,20,2011 Q1
2011-01-21,2011,Q1,1,1,Januar,January,2011-01,3,Friday,False,21,2011 Q1
2011-01-22,2011,Q1,1,1,Januar,January,2011-01,3,Saturday,True,22,2011 Q1
2011-01-23,2011,Q1,1,1,Januar,January,2011-01,3,Sunday,True,23,2011 Q1
2011-01-24,2011,Q1,1,1,Januar,January,2011-01,4,Monday,False,24,2011 Q1
2011-01-25,2011,Q1,1,1,Januar,January,2011-01,4,Tuesday,False,25,2011 Q1
2011-01-26,2011,Q1,1,1,Januar,January,2011-01,4,Wednesday,False,26,2011 Q1
2011-01-27,2011,Q1,1,1,Januar,January,2011-01,4,Thursday,False,27,2011 Q1
2011-01-28,2011,Q1,1,1,Januar,January,2011-01,4,Friday,False,28,2011 Q1
2011-01-29,2011,Q1,1,1,Januar,January,2011-01,4,Saturday,True,29,2011 Q1
2011-01-30,2011,Q1,1,1,Januar,January,2011-01,4,Sunday,True,30,2011 Q1
2011-01-31,2011,Q1,1,1,Januar,January,2011-01,5,Monday,False,31,2011 Q1
2011-02-01,2011,Q1,1,2,Februar,February,2011-02,5,Tuesday,False,1,2011 Q1
2011-02-02,2011,Q1,1,2,Februar,February,2011-02,5,Wednesday,False,2,2011 Q1
2011-02-03,2011,Q1,1,2,Februar,February,2011-02,5,Thursday,False,3,2011 Q1
2011-02-04,2011,Q1,1,2,Februar,February,2011-02,5,Friday,False,4,2011 Q1
2011-02-05,2011,Q1,1,2,Februar,February,2011-02,5,Saturday,True,5,2011 Q1
2011-02-06,2011,Q1,1,2,Februar,February,2011-02,5,Sunday,True,6,2011 Q1
2011-02-07,2011,Q1,1,2,Februar,February,2011-02,6,Monday,False,7,2011 Q1
2011-02-08,2011,Q1,1,2,Februar,February,2011-02,6,Tuesday,False,8,2011 Q1
2011-02-09,2011,Q1,1,2,Februar,February,2011-02,6,Wednesday,False,9,2011 Q1
2011-02-10,2011,Q1,1,2,Februar,February,2011-02,6,Thursday,False,10,2011 Q1
2011-02-11,2011,Q1,1,2,Februar,February,2011-02,6,Friday,False,11,2011 Q1
2011-02-12,2011,Q1,1,2,Februar,February,2011-02,6,Saturday,True,12,2011 Q1
2011-02-13,2011,Q1,1,2,Februar,February,2011-02,6,Sunday,True,13,2011 Q1
2011-02-14,2011,Q1,1,2,Februar,February,2011-02,7,Monday,False,14,2011 Q1
2011-02-15,2011,Q1,1,2,Februar,February,2011-02,7,Tuesday,False,15,2011 Q1
2011-02-16,2011,Q1,1,2,Februar,February,2011-02,7,Wednesday,False,16,2011 Q1
2011-02-17,2011,Q1,1,2,Februar,February,2011-02,7,Thursday,False,17,2011 Q1
2011-02-18,2011,Q1,1,2,Februar,February,2011-02,7,Friday,False,18,2011 Q1
2011-02-19,2011,Q1,1,2,Februar,February,2011-02,7,Saturday,True,19,2011 Q1
2011-02-20,2011,Q1,1,2,Februar,February,2011-02,7,Sunday,True,20,2011 Q1
2011-02-21,2011,Q1,1,2,Februar,February,2011-02,8,Monday,False,21,2011 Q1
2011-02-22,2011,Q1,1,2,Februar,February,2011-02,8,Tuesday,False,22,2011 Q1
2011-02-23,2011,Q1,1,2,Februar,February,2011-02,8,Wednesday,False,23,2011 Q1
2011-02-24,2011,Q1,1,2,Februar,February,2011-02,8,Thursday,False,24,2011 Q1
2011-02-25,2011,Q1,1,2,Februar,February,2011-02,8,Friday,False,25,2011 Q1
2011-02-26,2011,Q1,1,2,Februar,February,2011-02,8,Saturday,True,26,2011 Q1
2011-02-27,2011,Q1,1,2,Februar,February,2011-02,8,Sunday,True,27,2011 Q1
2011-02-28,2011,Q1,1,2,Februar,February,2011-02,9,Monday,False,28,2011 Q1
2011-03-01,2011,Q1,1,3,März,March,2011-03,9,Tuesday,False,1,2011 Q1
2011-03-02,2011,Q1,1,3,März,March,2011-03,9,Wednesday,False,2,2011 Q1
2011-03-03,2011,Q1,1,3,März,March,2011-03,9,Thursday,False,3,2011 Q1
2011-03-04,2011,Q1,1,3,März,March,2011-03,9,Friday,False,4,2011 Q1
2011-03-05,2011,Q1,1,3,März,March,2011-03,9,Saturday,True,5,2011 Q1
2011-03-06,2011,Q1,1,3,März,March,2011-03,9,Sunday,True,6,2011 Q1
2011-03-07,2011,Q1,1,3,März,March,2011-03,10,Monday,False,7,2011 Q1
2011-03-08,2011,Q1,1,3,März,March,2011-03,10,Tuesday,False,8,2011 Q1
2011-03-09,2011,Q1,1,3,März,March,2011-03,10,Wednesday,False,9,2011 Q1
2011-03-10,2011,Q1,1,3,März,March,2011-03,10,Thursday,False,10,2011 Q1
2011-03-11,2011,Q1,1,3,März,March,2011-03,10,Friday,False,11,2011 Q1
2011-03-12,2011,Q1,1,3,März,March,2011-03,10,Saturday,True,12,2011 Q1
2011-03-13,2011,Q1,1,3,März,March,2011-03,10,Sunday,True,13,2011 Q1
2011-03-14,2011,Q1,1,3,März,March,2011-03,11,Monday,False,14,2011 Q1
2011-03-15,2011,Q1,1,3,März,March,2011-03,11,Tuesday,False,15,2011 Q1
2011-03-16,2011,Q1,1,3,März,March,2011-03,11,Wednesday,False,16,2011 Q1
2011-03-17,2011,Q1,1,3,März,March,2011-03,11,Thursday,False,17,2011 Q1
2011-03-18,2011,Q1,1,3,März,March,2011-03,11,Friday,False,18,2011 Q1
2011-03-19,2011,Q1,1,3,März,March,2011-03,11,Saturday,True,19,2011 Q1
2011-03-20,2011,Q1,1,3,März,March,2011-03,11,Sunday,True,20,2011 Q1
2011-03-21,2011,Q1,1,3,März,March,2011-03,12,Monday,False,21,2011 Q1
2011-03-22,2011,Q1,1,3,März,March,2011-03,12,Tuesday,False,22,2011 Q1
2011-03-23,2011,Q1,1,3,März,March,2011-03,12,Wednesday,False,23,2011 Q1
2011-03-24,2011,Q1,1,3,März,March,2011-03,12,Thursday,False,24,2011 Q1
2011-03-25,2011,Q1,1,3,März,March,2011-03,12,Friday,False,25,2011 Q1
2011-03-26,2011,Q1,1,3,März,March,2011-03,12,Saturday,True,26,2011 Q1
2011-03-27,2011,Q1,1,3,März,March,2011-03,12,Sunday,True,27,2011 Q1
2011-03-28,2011,Q1,1,3,März,March,2011-03,13,Monday,False,28,2011 Q1
2011-03-29,2011,Q1,1,3,März,March,2011-03,13,Tuesday,False,29,2011 Q1
2011-03-30,2011,Q1,1,3,März,March,2011-03,13,Wednesday,False,30,2011 Q1
2011-03-31,2011,Q1,1,3,März,March,2011-03,13,Thursday,False,31,2011 Q1
2011-04-01,2011,Q2,2,4,April,April,2011-04,13,Friday,False,1,2011 Q2
2011-04-02,2011,Q2,2,4,April,April,2011-04,13,Saturday,True,2,2011 Q2
2011-04-03,2011,Q2,2,4,April,April,2011-04,13,Sunday,True,3,2011 Q2
2011-04-04,2011,Q2,2,4,April,April,2011-04,14,Monday,False,4,2011 Q2
2011-04-05,2011,Q2,2,4,April,April,2011-04,14,Tuesday,False,5,2011 Q2
2011-04-06,2011,Q2,2,4,April,April,2011-04,14,Wednesday,False,6,2011 Q2
2011-04-07,2011,Q2,2,4,April,April,2011-04,14,Thursday,False,7,2011 Q2
2011-04-08,2011,Q2,2,4,April,April,2011-04,14,Friday,False,8,2011 Q2
2011-04-09,2011,Q2,2,4,April,April,2011-04,14,Saturday,True,9,2011 Q2
2011-04-10,2011,Q2,2,4,April,April,2011-04,14,Sunday,True,10,2011 Q2
2011-04-11,2011,Q2,2,4,April,April,2011-04,15,Monday,False,11,2011 Q2
2011-04-12,2011,Q2,2,4,April,April,2011-04,15,Tuesday,False,12,2011 Q2
2011-04-13,2011,Q2,2,4,April,April,2011-04,15,Wednesday,False,13,2011 Q2
2011-04-14,2011,Q2,2,4,April,April,2011-04,15,Thursday,False,14,2011 Q2
2011-04-15,2011,Q2,2,4,April,April,2011-04,15,Friday,False,15,2011 Q2
2011-04-16,2011,Q2,2,4,April,April,2011-04,15,Saturday,True,16,2011 Q2
2011-04-17,2011,Q2,2,4,April,April,2011-04,15,Sunday,True,17,2011 Q2
2011-04-18,2011,Q2,2,4,April,April,2011-04,16,Monday,False,18,2011 Q2
2011-04-19,2011,Q2,2,4,April,April,2011-04,16,Tuesday,False,19,2011 Q2
2011-04-20,2011,Q2,2,4,April,April,2011-04,16,Wednesday,False,20,2011 Q2
2011-04-21,2011,Q2,2,4,April,April,2011-04,16,Thursday,False,21,2011 Q2
2011-04-22,2011,Q2,2,4,April,April,2011-04,16,Friday,False,22,2011 Q2
2011-04-23,2011,Q2,2,4,April,April,2011-04,16,Saturday,True,23,2011 Q2
2011-04-24,2011,Q2,2,4,April,April,2011-04,16,Sunday,True,24,2011 Q2
2011-04-25,2011,Q2,2,4,April,April,2011-04,17,Monday,False,25,2011 Q2
2011-04-26,2011,Q2,2,4,April,April,2011-04,17,Tuesday,False,26,2011 Q2
2011-04-27,2011,Q2,2,4,April,April,2011-04,17,Wednesday,False,27,2011 Q2
2011-04-28,2011,Q2,2,4,April,April,2011-04,17,Thursday,False,28,2011 Q2
2011-04-29,2011,Q2,2,4,April,April,2011-04,17,Friday,False,29,2011 Q2
2011-04-30,2011,Q2,2,4,April,April,2011-04,17,Saturday,True,30,2011 Q2
2011-05-01,2011,Q2,2,5,Mai,May,2011-05,17,Sunday,True,1,2011 Q2
2011-05-02,2011,Q2,2,5,Mai,May,2011-05,18,Monday,False,2,2011 Q2
2011-05-03,2011,Q2,2,5,Mai,May,2011-05,18,Tuesday,False,3,2011 Q2
2011-05-04,2011,Q2,2,5,Mai,May,2011-05,18,Wednesday,False,4,2011 Q2
2011-05-05,2011,Q2,2,5,Mai,May,2011-05,18,Thursday,False,5,2011 Q2
2011-05-06,2011,Q2,2,5,Mai,May,2011-05,18,Friday,False,6,2011 Q2
2011-05-07,2011,Q2,2,5,Mai,May,2011-05,18,Saturday,True,7,2011 Q2
2011-05-08,2011,Q2,2,5,Mai,May,2011-05,18,Sunday,True,8,2011 Q2
2011-05-09,2011,Q2,2,5,Mai,May,2011-05,19,Monday,False,9,2011 Q2
2011-05-10,2011,Q2,2,5,Mai,May,2011-05,19,Tuesday,False,10,2011 Q2
2011-05-11,2011,Q2,2,5,Mai,May,2011-05,19,Wednesday,False,11,2011 Q2
2011-05-12,2011,Q2,2,5,Mai,May,2011-05,19,Thursday,False,12,2011 Q2
2011-05-13,2011,Q2,2,5,Mai,May,2011-05,19,Friday,False,13,2011 Q2
2011-05-14,2011,Q2,2,5,Mai,May,2011-05,19,Saturday,True,14,2011 Q2
2011-05-15,2011,Q2,2,5,Mai,May,2011-05,19,Sunday,True,15,2011 Q2
2011-05-16,2011,Q2,2,5,Mai,May,2011-05,20,Monday,False,16,2011 Q2
2011-05-17,2011,Q2,2,5,Mai,May,2011-05,20,Tuesday,False,17,2011 Q2
2011-05-18,2011,Q2,2,5,Mai,May,2011-05,20,Wednesday,False,18,2011 Q2
2011-05-19,2011,Q2,2,5,Mai,May,2011-05,20,Thursday,False,19,2011 Q2
2011-05-20,2011,Q2,2,5,Mai,May,2011-05,20,Friday,False,20,2011 Q2
2011-05-21,2011,Q2,2,5,Mai,May,2011-05,20,Saturday,True,21,2011 Q2
2011-05-22,2011,Q2,2,5,Mai,May,2011-05,20,Sunday,True,22,2011 Q2
2011-05-23,2011,Q2,2,5,Mai,May,2011-05,21,Monday,False,23,2011 Q2
2011-05-24,2011,Q2,2,5,Mai,May,2011-05,21,Tuesday,False,24,2011 Q2
2011-05-25,2011,Q2,2,5,Mai,May,2011-05,21,Wednesday,False,25,2011 Q2
2011-05-26,2011,Q2,2,5,Mai,May,2011-05,21,Thursday,False,26,2011 Q2
2011-05-27,2011,Q2,2,5,Mai,May,2011-05,21,Friday,False,27,2011 Q2
2011-05-28,2011,Q2,2,5,Mai,May,2011-05,21,Saturday,True,28,2011 Q2
2011-05-29,2011,Q2,2,5,Mai,May,2011-05,21,Sunday,True,29,2011 Q2
2011-05-30,2011,Q2,2,5,Mai,May,2011-05,22,Monday,False,30,2011 Q2
2011-05-31,2011,Q2,2,5,Mai,May,2011-05,22,Tuesday,False,31,2011 Q2
2011-06-01,2011,Q2,2,6,Juni,June,2011-06,22,Wednesday,False,1,2011 Q2
2011-06-02,2011,Q2,2,6,Juni,June,2011-06,22,Thursday,False,2,2011 Q2
2011-06-03,2011,Q2,2,6,Juni,June,2011-06,22,Friday,False,3,2011 Q2
2011-06-04,2011,Q2,2,6,Juni,June,2011-06,22,Saturday,True,4,2011 Q2
2011-06-05,2011,Q2,2,6,Juni,June,2011-06,22,Sunday,True,5,2011 Q2
2011-06-06,2011,Q2,2,6,Juni,June,2011-06,23,Monday,False,6,2011 Q2
2011-06-07,2011,Q2,2,6,Juni,June,2011-06,23,Tuesday,False,7,2011 Q2
2011-06-08,2011,Q2,2,6,Juni,June,2011-06,23,Wednesday,False,8,2011 Q2
2011-06-09,2011,Q2,2,6,Juni,June,2011-06,23,Thursday,False,9,2011 Q2
2011-06-10,2011,Q2,2,6,Juni,June,2011-06,23,Friday,False,10,2011 Q2
2011-06-11,2011,Q2,2,6,Juni,June,2011-06,23,Saturday,True,11,2011 Q2
2011-06-12,2011,Q2,2,6,Juni,June,2011-06,23,Sunday,True,12,2011 Q2
2011-06-13,2011,Q2,2,6,Juni,June,2011-06,24,Monday,False,13,2011 Q2
2011-06-14,2011,Q2,2,6,Juni,June,2011-06,24,Tuesday,False,14,2011 Q2
2011-06-15,2011,Q2,2,6,Juni,June,2011-06,24,Wednesday,False,15,2011 Q2
2011-06-16,2011,Q2,2,6,Juni,June,2011-06,24,Thursday,False,16,2011 Q2
2011-06-17,2011,Q2,2,6,Juni,June,2011-06,24,Friday,False,17,2011 Q2
2011-06-18,2011,Q2,2,6,Juni,June,2011-06,24,Saturday,True,18,2011 Q2
2011-06-19,2011,Q2,2,6,Juni,June,2011-06,24,Sunday,True,19,2011 Q2
2011-06-20,2011,Q2,2,6,Juni,June,2011-06,25,Monday,False,20,2011 Q2
2011-06-21,2011,Q2,2,6,Juni,June,2011-06,25,Tuesday,False,21,2011 Q2
2011-06-22,2011,Q2,2,6,Juni,June,2011-06,25,Wednesday,False,22,2011 Q2
2011-06-23,2011,Q2,2,6,Juni,June,2011-06,25,Thursday,False,23,2011 Q2
2011-06-24,2011,Q2,2,6,Juni,June,2011-06,25,Friday,False,24,2011 Q2
2011-06-25,2011,Q2,2,6,Juni,June,2011-06,25,Saturday,True,25,2011 Q2
2011-06-26,2011,Q2,2,6,Juni,June,2011-06,25,Sunday,True,26,2011 Q2
2011-06-27,2011,Q2,2,6,Juni,June,2011-06,26,Monday,False,27,2011 Q2
2011-06-28,2011,Q2,2,6,Juni,June,2011-06,26,Tuesday,False,28,2011 Q2
2011-06-29,2011,Q2,2,6,Juni,June,2011-06,26,Wednesday,False,29,2011 Q2
2011-06-30,2011,Q2,2,6,Juni,June,2011-06,26,Thursday,False,30,2011 Q2
2011-07-01,2011,Q3,3,7,Juli,July,2011-07,26,Friday,False,1,2011 Q3
2011-07-02,2011,Q3,3,7,Juli,July,2011-07,26,Saturday,True,2,2011 Q3
2011-07-03,2011,Q3,3,7,Juli,July,2011-07,26,Sunday,True,3,2011 Q3
2011-07-04,2011,Q3,3,7,Juli,July,2011-07,27,Monday,False,4,2011 Q3
2011-07-05,2011,Q3,3,7,Juli,July,2011-07,27,Tuesday,False,5,2011 Q3
2011-07-06,2011,Q3,3,7,Juli,July,2011-07,27,Wednesday,False,6,2011 Q3
2011-07-07,2011,Q3,3,7,Juli,July,2011-07,27,Thursday,False,7,2011 Q3
2011-07-08,2011,Q3,3,7,Juli,July,2011-07,27,Friday,False,8,2011 Q3
2011-07-09,2011,Q3,3,7,Juli,July,2011-07,27,Saturday,True,9,2011 Q3
2011-07-10,2011,Q3,3,7,Juli,July,2011-07,27,Sunday,True,10,2011 Q3
2011-07-11,2011,Q3,3,7,Juli,July,2011-07,28,Monday,False,11,2011 Q3
2011-07-12,2011,Q3,3,7,Juli,July,2011-07,28,Tuesday,False,12,2011 Q3
2011-07-13,2011,Q3,3,7,Juli,July,2011-07,28,Wednesday,False,13,2011 Q3
2011-07-14,2011,Q3,3,7,Juli,July,2011-07,28,Thursday,False,14,2011 Q3
2011-07-15,2011,Q3,3,7,Juli,July,2011-07,28,Friday,False,15,2011 Q3
2011-07-16,2011,Q3,3,7,Juli,July,2011-07,28,Saturday,True,16,2011 Q3
2011-07-17,2011,Q3,3,7,Juli,July,2011-07,28,Sunday,True,17,2011 Q3
2011-07-18,2011,Q3,3,7,Juli,July,2011-07,29,Monday,False,18,2011 Q3
2011-07-19,2011,Q3,3,7,Juli,July,2011-07,29,Tuesday,False,19,2011 Q3
2011-07-20,2011,Q3,3,7,Juli,July,2011-07,29,Wednesday,False,20,2011 Q3
2011-07-21,2011,Q3,3,7,Juli,July,2011-07,29,Thursday,False,21,2011 Q3
2011-07-22,2011,Q3,3,7,Juli,July,2011-07,29,Friday,False,22,2011 Q3
2011-07-23,2011,Q3,3,7,Juli,July,2011-07,29,Saturday,True,23,2011 Q3
2011-07-24,2011,Q3,3,7,Juli,July,2011-07,29,Sunday,True,24,2011 Q3
2011-07-25,2011,Q3,3,7,Juli,July,2011-07,30,Monday,False,25,2011 Q3
2011-07-26,2011,Q3,3,7,Juli,July,2011-07,30,Tuesday,False,26,2011 Q3
2011-07-27,2011,Q3,3,7,Juli,July,2011-07,30,Wednesday,False,27,2011 Q3
2011-07-28,2011,Q3,3,7,Juli,July,2011-07,30,Thursday,False,28,2011 Q3
2011-07-29,2011,Q3,3,7,Juli,July,2011-07,30,Friday,False,29,2011 Q3
2011-07-30,2011,Q3,3,7,Juli,July,2011-07,30,Saturday,True,30,2011 Q3
2011-07-31,2011,Q3,3,7,Juli,July,2011-07,30,Sunday,True,31,2011 Q3
2011-08-01,2011,Q3,3,8,August,August,2011-08,31,Monday,False,1,2011 Q3
2011-08-02,2011,Q3,3,8,August,August,2011-08,31,Tuesday,False,2,2011 Q3
2011-08-03,2011,Q3,3,8,August,August,2011-08,31,Wednesday,False,3,2011 Q3
2011-08-04,2011,Q3,3,8,August,August,2011-08,31,Thursday,False,4,2011 Q3
2011-08-05,2011,Q3,3,8,August,August,2011-08,31,Friday,False,5,2011 Q3
2011-08-06,2011,Q3,3,8,August,August,2011-08,31,Saturday,True,6,2011 Q3
2011-08-07,2011,Q3,3,8,August,August,2011-08,31,Sunday,True,7,2011 Q3
2011-08-08,2011,Q3,3,8,August,August,2011-08,32,Monday,False,8,2011 Q3
2011-08-09,2011,Q3,3,8,August,August,2011-08,32,Tuesday,False,9,2011 Q3
2011-08-10,2011,Q3,3,8,August,August,2011-08,32,Wednesday,False,10,2011 Q3
2011-08-11,2011,Q3,3,8,August,August,2011-08,32,Thursday,False,11,2011 Q3
2011-08-12,2011,Q3,3,8,August,August,2011-08,32,Friday,False,12,2011 Q3
2011-08-13,2011,Q3,3,8,August,August,2011-08,32,Saturday,True,13,2011 Q3
2011-08-14,2011,Q3,3,8,August,August,2011-08,32,Sunday,True,14,2011 Q3
2011-08-15,2011,Q3,3,8,August,August,2011-08,33,Monday,False,15,2011 Q3
2011-08-16,2011,Q3,3,8,August,August,2011-08,33,Tuesday,False,16,2011 Q3
2011-08-17,2011,Q3,3,8,August,August,2011-08,33,Wednesday,False,17,2011 Q3
2011-08-18,2011,Q3,3,8,August,August,2011-08,33,Thursday,False,18,2011 Q3
2011-08-19,2011,Q3,3,8,August,August,2011-08,33,Friday,False,19,2011 Q3
2011-08-20,2011,Q3,3,8,August,August,2011-08,33,Saturday,True,20,2011 Q3
2011-08-21,2011,Q3,3,8,August,August,2011-08,33,Sunday,True,21,2011 Q3
2011-08-22,2011,Q3,3,8,August,August,2011-08,34,Monday,False,22,2011 Q3
2011-08-23,2011,Q3,3,8,August,August,2011-08,34,Tuesday,False,23,2011 Q3
2011-08-24,2011,Q3,3,8,August,August,2011-08,34,Wednesday,False,24,2011 Q3
2011-08-25,2011,Q3,3,8,August,August,2011-08,34,Thursday,False,25,2011 Q3
2011-08-26,2011,Q3,3,8,August,August,2011-08,34,Friday,False,26,2011 Q3
2011-08-27,2011,Q3,3,8,August,August,2011-08,34,Saturday,True,27,2011 Q3
2011-08-28,2011,Q3,3,8,August,August,2011-08,34,Sunday,True,28,2011 Q3
2011-08-29,2011,Q3,3,8,August,August,2011-08,35,Monday,False,29,2011 Q3
2011-08-30,2011,Q3,3,8,August,August,2011-08,35,Tuesday,False,30,2011 Q3
2011-08-31,2011,Q3,3,8,August,August,2011-08,35,Wednesday,False,31,2011 Q3
2011-09-01,2011,Q3,3,9,September,September,2011-09,35,Thursday,False,1,2011 Q3
2011-09-02,2011,Q3,3,9,September,September,2011-09,35,Friday,False,2,2011 Q3
2011-09-03,2011,Q3,3,9,September,September,2011-09,35,Saturday,True,3,2011 Q3
2011-09-04,2011,Q3,3,9,September,September,2011-09,35,Sunday,True,4,2011 Q3
2011-09-05,2011,Q3,3,9,September,September,2011-09,36,Monday,False,5,2011 Q3
2011-09-06,2011,Q3,3,9,September,September,2011-09,36,Tuesday,False,6,2011 Q3
2011-09-07,2011,Q3,3,9,September,September,2011-09,36,Wednesday,False,7,2011 Q3
2011-09-08,2011,Q3,3,9,September,September,2011-09,36,Thursday,False,8,2011 Q3
2011-09-09,2011,Q3,3,9,September,September,2011-09,36,Friday,False,9,2011 Q3
2011-09-10,2011,Q3,3,9,September,September,2011-09,36,Saturday,True,10,2011 Q3
2011-09-11,2011,Q3,3,9,September,September,2011-09,36,Sunday,True,11,2011 Q3
2011-09-12,2011,Q3,3,9,September,September,2011-09,37,Monday,False,12,2011 Q3
2011-09-13,2011,Q3,3,9,September,September,2011-09,37,Tuesday,False,13,2011 Q3
2011-09-14,2011,Q3,3,9,September,September,2011-09,37,Wednesday,False,14,2011 Q3
2011-09-15,2011,Q3,3,9,September,September,2011-09,37,Thursday,False,15,2011 Q3
2011-09-16,2011,Q3,3,9,September,September,2011-09,37,Friday,False,16,2011 Q3
2011-09-17,2011,Q3,3,9,September,September,2011-09,37,Saturday,True,17,2011 Q3
2011-09-18,2011,Q3,3,9,September,September,2011-09,37,Sunday,True,18,2011 Q3
2011-09-19,2011,Q3,3,9,September,September,2011-09,38,Monday,False,19,2011 Q3
2011-09-20,2011,Q3,3,9,September,September,2011-09,38,Tuesday,False,20,2011 Q3
2011-09-21,2011,Q3,3,9,September,September,2011-09,38,Wednesday,False,21,2011 Q3
2011-09-22,2011,Q3,3,9,September,September,2011-09,38,Thursday,False,22,2011 Q3
2011-09-23,2011,Q3,3,9,September,September,2011-09,38,Friday,False,23,2011 Q3
2011-09-24,2011,Q3,3,9,September,September,2011-09,38,Saturday,True,24,2011 Q3
2011-09-25,2011,Q3,3,9,September,September,2011-09,38,Sunday,True,25,2011 Q3
2011-09-26,2011,Q3,3,9,September,September,2011-09,39,Monday,False,26,2011 Q3
2011-09-27,2011,Q3,3,9,September,September,2011-09,39,Tuesday,False,27,2011 Q3
2011-09-28,2011,Q3,3,9,September,September,2011-09,39,Wednesday,False,28,2011 Q3
2011-09-29,2011,Q3,3,9,September,September,2011-09,39,Thursday,False,29,2011 Q3
2011-09-30,2011,Q3,3,9,September,September,2011-09,39,Friday,False,30,2011 Q3
2011-10-01,2011,Q4,4,10,Oktober,October,2011-10,39,Saturday,True,1,2011 Q4
2011-10-02,2011,Q4,4,10,Oktober,October,2011-10,39,Sunday,True,2,2011 Q4
2011-10-03,2011,Q4,4,10,Oktober,October,2011-10,40,Monday,False,3,2011 Q4
2011-10-04,2011,Q4,4,10,Oktober,October,2011-10,40,Tuesday,False,4,2011 Q4
2011-10-05,2011,Q4,4,10,Oktober,October,2011-10,40,Wednesday,False,5,2011 Q4
2011-10-06,2011,Q4,4,10,Oktober,October,2011-10,40,Thursday,False,6,2011 Q4
2011-10-07,2011,Q4,4,10,Oktober,October,2011-10,40,Friday,False,7,2011 Q4
2011-10-08,2011,Q4,4,10,Oktober,October,2011-10,40,Saturday,True,8,2011 Q4
2011-10-09,2011,Q4,4,10,Oktober,October,2011-10,40,Sunday,True,9,2011 Q4
2011-10-10,2011,Q4,4,10,Oktober,October,2011-10,41,Monday,False,10,2011 Q4
2011-10-11,2011,Q4,4,10,Oktober,October,2011-10,41,Tuesday,False,11,2011 Q4
2011-10-12,2011,Q4,4,10,Oktober,October,2011-10,41,Wednesday,False,12,2011 Q4
2011-10-13,2011,Q4,4,10,Oktober,October,2011-10,41,Thursday,False,13,2011 Q4
2011-10-14,2011,Q4,4,10,Oktober,October,2011-10,41,Friday,False,14,2011 Q4
2011-10-15,2011,Q4,4,10,Oktober,October,2011-10,41,Saturday,True,15,2011 Q4
2011-10-16,2011,Q4,4,10,Oktober,October,2011-10,41,Sunday,True,16,2011 Q4
2011-10-17,2011,Q4,4,10,Oktober,October,2011-10,42,Monday,False,17,2011 Q4
2011-10-18,2011,Q4,4,10,Oktober,October,2011-10,42,Tuesday,False,18,2011 Q4
2011-10-19,2011,Q4,4,10,Oktober,October,2011-10,42,Wednesday,False,19,2011 Q4
2011-10-20,2011,Q4,4,10,Oktober,October,2011-10,42,Thursday,False,20,2011 Q4
2011-10-21,2011,Q4,4,10,Oktober,October,2011-10,42,Friday,False,21,2011 Q4
2011-10-22,2011,Q4,4,10,Oktober,October,2011-10,42,Saturday,True,22,2011 Q4
2011-10-23,2011,Q4,4,10,Oktober,October,2011-10,42,Sunday,True,23,2011 Q4
2011-10-24,2011,Q4,4,10,Oktober,October,2011-10,43,Monday,False,24,2011 Q4
2011-10-25,2011,Q4,4,10,Oktober,October,2011-10,43,Tuesday,False,25,2011 Q4
2011-10-26,2011,Q4,4,10,Oktober,October,2011-10,43,Wednesday,False,26,2011 Q4
2011-10-27,2011,Q4,4,10,Oktober,October,2011-10,43,Thursday,False,27,2011 Q4
2011-10-28,2011,Q4,4,10,Oktober,October,2011-10,43,Friday,False,28,2011 Q4
2011-10-29,2011,Q4,4,10,Oktober,October,2011-10,43,Saturday,True,29,2011 Q4
2011-10-30,2011,Q4,4,10,Oktober,October,2011-10,43,Sunday,True,30,2011 Q4
2011-10-31,2011,Q4,4,10,Oktober,October,2011-10,44,Monday,False,31,2011 Q4
2011-11-01,2011,Q4,4,11,November,November,2011-11,44,Tuesday,False,1,2011 Q4
2011-11-02,2011,Q4,4,11,November,November,2011-11,44,Wednesday,False,2,2011 Q4
2011-11-03,2011,Q4,4,11,November,November,2011-11,44,Thursday,False,3,2011 Q4
2011-11-04,2011,Q4,4,11,November,November,2011-11,44,Friday,False,4,2011 Q4
2011-11-05,2011,Q4,4,11,November,November,2011-11,44,Saturday,True,5,2011 Q4
2011-11-06,2011,Q4,4,11,November,November,2011-11,44,Sunday,True,6,2011 Q4
2011-11-07,2011,Q4,4,11,November,November,2011-11,45,Monday,False,7,2011 Q4
2011-11-08,2011,Q4,4,11,November,November,2011-11,45,Tuesday,False,8,2011 Q4
2011-11-09,2011,Q4,4,11,November,November,2011-11,45,Wednesday,False,9,2011 Q4
2011-11-10,2011,Q4,4,11,November,November,2011-11,45,Thursday,False,10,2011 Q4
2011-11-11,2011,Q4,4,11,November,November,2011-11,45,Friday,False,11,2011 Q4
2011-11-12,2011,Q4,4,11,November,November,2011-11,45,Saturday,True,12,2011 Q4
2011-11-13,2011,Q4,4,11,November,November,2011-11,45,Sunday,True,13,2011 Q4
2011-11-14,2011,Q4,4,11,November,November,2011-11,46,Monday,False,14,2011 Q4
2011-11-15,2011,Q4,4,11,November,November,2011-11,46,Tuesday,False,15,2011 Q4
2011-11-16,2011,Q4,4,11,November,November,2011-11,46,Wednesday,False,16,2011 Q4
2011-11-17,2011,Q4,4,11,November,November,2011-11,46,Thursday,False,17,2011 Q4
2011-11-18,2011,Q4,4,11,November,November,2011-11,46,Friday,False,18,2011 Q4
2011-11-19,2011,Q4,4,11,November,November,2011-11,46,Saturday,True,19,2011 Q4
2011-11-20,2011,Q4,4,11,November,November,2011-11,46,Sunday,True,20,2011 Q4
2011-11-21,2011,Q4,4,11,November,November,2011-11,47,Monday,False,21,2011 Q4
2011-11-22,2011,Q4,4,11,November,November,2011-11,47,Tuesday,False,22,2011 Q4
2011-11-23,2011,Q4,4,11,November,November,2011-11,47,Wednesday,False,23,2011 Q4
2011-11-24,2011,Q4,4,11,November,November,2011-11,47,Thursday,False,24,2011 Q4
2011-11-25,2011,Q4,4,11,November,November,2011-11,47,Friday,False,25,2011 Q4
2011-11-26,2011,Q4,4,11,November,November,2011-11,47,Saturday,True,26,2011 Q4
2011-11-27,2011,Q4,4,11,November,November,2011-11,47,Sunday,True,27,2011 Q4
2011-11-28,2011,Q4,4,11,November,November,2011-11,48,Monday,False,28,2011 Q4
2011-11-29,2011,Q4,4,11,November,November,2011-11,48,Tuesday,False,29,2011 Q4
2011-11-30,2011,Q4,4,11,November,November,2011-11,48,Wednesday,False,30,2011 Q4
2011-12-01,2011,Q4,4,12,Dezember,December,2011-12,48,Thursday,False,1,2011 Q4
2011-12-02,2011,Q4,4,12,Dezember,December,2011-12,48,Friday,False,2,2011 Q4
2011-12-03,2011,Q4,4,12,Dezember,December,2011-12,48,Saturday,True,3,2011 Q4
2011-12-04,2011,Q4,4,12,Dezember,December,2011-12,48,Sunday,True,4,2011 Q4
2011-12-05,2011,Q4,4,12,Dezember,December,2011-12,49,Monday,False,5,2011 Q4
2011-12-06,2011,Q4,4,12,Dezember,December,2011-12,49,Tuesday,False,6,2011 Q4
2011-12-07,2011,Q4,4,12,Dezember,December,2011-12,49,Wednesday,False,7,2011 Q4
2011-12-08,2011,Q4,4,12,Dezember,December,2011-12,49,Thursday,False,8,2011 Q4
2011-12-09,2011,Q4,4,12,Dezember,December,2011-12,49,Friday,False,9,2011 Q4
2011-12-10,2011,Q4,4,12,Dezember,December,2011-12,49,Saturday,True,10,2011 Q4
2011-12-11,2011,Q4,4,12,Dezember,December,2011-12,49,Sunday,True,11,2011 Q4
2011-12-12,2011,Q4,4,12,Dezember,December,2011-12,50,Monday,False,12,2011 Q4
2011-12-13,2011,Q4,4,12,Dezember,December,2011-12,50,Tuesday,False,13,2011 Q4
2011-12-14,2011,Q4,4,12,Dezember,December,2011-12,50,Wednesday,False,14,2011 Q4
2011-12-15,2011,Q4,4,12,Dezember,December,2011-12,50,Thursday,False,15,2011 Q4
2011-12-16,2011,Q4,4,12,Dezember,December,2011-12,50,Friday,False,16,2011 Q4
2011-12-17,2011,Q4,4,12,Dezember,December,2011-12,50,Saturday,True,17,2011 Q4
2011-12-18,2011,Q4,4,12,Dezember,December,2011-12,50,Sunday,True,18,2011 Q4
2011-12-19,2011,Q4,4,12,Dezember,December,2011-12,51,Monday,False,19,2011 Q4
2011-12-20,2011,Q4,4,12,Dezember,December,2011-12,51,Tuesday,False,20,2011 Q4
2011-12-21,2011,Q4,4,12,Dezember,December,2011-12,51,Wednesday,False,21,2011 Q4
2011-12-22,2011,Q4,4,12,Dezember,December,2011-12,51,Thursday,False,22,2011 Q4
2011-12-23,2011,Q4,4,12,Dezember,December,2011-12,51,Friday,False,23,2011 Q4
2011-12-24,2011,Q4,4,12,Dezember,December,2011-12,51,Saturday,True,24,2011 Q4
2011-12-25,2011,Q4,4,12,Dezember,December,2011-12,51,Sunday,True,25,2011 Q4
2011-12-26,2011,Q4,4,12,Dezember,December,2011-12,52,Monday,False,26,2011 Q4
2011-12-27,2011,Q4,4,12,Dezember,December,2011-12,52,Tuesday,False,27,2011 Q4
2011-12-28,2011,Q4,4,12,Dezember,December,2011-12,52,Wednesday,False,28,2011 Q4
2011-12-29,2011,Q4,4,12,Dezember,December,2011-12,52,Thursday,False,29,2011 Q4
2011-12-30,2011,Q4,4,12,Dezember,December,2011-12,52,Friday,False,30,2011 Q4
2011-12-31,2011,Q4,4,12,Dezember,December,2011-12,52,Saturday,True,31,2011 Q4
2012-01-01,2012,Q1,1,1,Januar,January,2012-01,52,Sunday,True,1,2012 Q1
2012-01-02,2012,Q1,1,1,Januar,January,2012-01,1,Monday,False,2,2012 Q1
2012-01-03,2012,Q1,1,1,Januar,January,2012-01,1,Tuesday,False,3,2012 Q1
2012-01-04,2012,Q1,1,1,Januar,January,2012-01,1,Wednesday,False,4,2012 Q1
2012-01-05,2012,Q1,1,1,Januar,January,2012-01,1,Thursday,False,5,2012 Q1
2012-01-06,2012,Q1,1,1,Januar,January,2012-01,1,Friday,False,6,2012 Q1
2012-01-07,2012,Q1,1,1,Januar,January,2012-01,1,Saturday,True,7,2012 Q1
2012-01-08,2012,Q1,1,1,Januar,January,2012-01,1,Sunday,True,8,2012 Q1
2012-01-09,2012,Q1,1,1,Januar,January,2012-01,2,Monday,False,9,2012 Q1
2012-01-10,2012,Q1,1,1,Januar,January,2012-01,2,Tuesday,False,10,2012 Q1
2012-01-11,2012,Q1,1,1,Januar,January,2012-01,2,Wednesday,False,11,2012 Q1
2012-01-12,2012,Q1,1,1,Januar,January,2012-01,2,Thursday,False,12,2012 Q1
2012-01-13,2012,Q1,1,1,Januar,January,2012-01,2,Friday,False,13,2012 Q1
2012-01-14,2012,Q1,1,1,Januar,January,2012-01,2,Saturday,True,14,2012 Q1
2012-01-15,2012,Q1,1,1,Januar,January,2012-01,2,Sunday,True,15,2012 Q1
2012-01-16,2012,Q1,1,1,Januar,January,2012-01,3,Monday,False,16,2012 Q1
2012-01-17,2012,Q1,1,1,Januar,January,2012-01,3,Tuesday,False,17,2012 Q1
2012-01-18,2012,Q1,1,1,Januar,January,2012-01,3,Wednesday,False,18,2012 Q1
2012-01-19,2012,Q1,1,1,Januar,January,2012-01,3,Thursday,False,19,2012 Q1
2012-01-20,2012,Q1,1,1,Januar,January,2012-01,3,Friday,False,20,2012 Q1
2012-01-21,2012,Q1,1,1,Januar,January,2012-01,3,Saturday,True,21,2012 Q1
2012-01-22,2012,Q1,1,1,Januar,January,2012-01,3,Sunday,True,22,2012 Q1
2012-01-23,2012,Q1,1,1,Januar,January,2012-01,4,Monday,False,23,2012 Q1
2012-01-24,2012,Q1,1,1,Januar,January,2012-01,4,Tuesday,False,24,2012 Q1
2012-01-25,2012,Q1,1,1,Januar,January,2012-01,4,Wednesday,False,25,2012 Q1
2012-01-26,2012,Q1,1,1,Januar,January,2012-01,4,Thursday,False,26,2012 Q1
2012-01-27,2012,Q1,1,1,Januar,January,2012-01,4,Friday,False,27,2012 Q1
2012-01-28,2012,Q1,1,1,Januar,January,2012-01,4,Saturday,True,28,2012 Q1
2012-01-29,2012,Q1,1,1,Januar,January,2012-01,4,Sunday,True,29,2012 Q1
2012-01-30,2012,Q1,1,1,Januar,January,2012-01,5,Monday,False,30,2012 Q1
2012-01-31,2012,Q1,1,1,Januar,January,2012-01,5,Tuesday,False,31,2012 Q1
2012-02-01,2012,Q1,1,2,Februar,February,2012-02,5,Wednesday,False,1,2012 Q1
2012-02-02,2012,Q1,1,2,Februar,February,2012-02,5,Thursday,False,2,2012 Q1
2012-02-03,2012,Q1,1,2,Februar,February,2012-02,5,Friday,False,3,2012 Q1
2012-02-04,2012,Q1,1,2,Februar,February,2012-02,5,Saturday,True,4,2012 Q1
2012-02-05,2012,Q1,1,2,Februar,February,2012-02,5,Sunday,True,5,2012 Q1
2012-02-06,2012,Q1,1,2,Februar,February,2012-02,6,Monday,False,6,2012 Q1
2012-02-07,2012,Q1,1,2,Februar,February,2012-02,6,Tuesday,False,7,2012 Q1
2012-02-08,2012,Q1,1,2,Februar,February,2012-02,6,Wednesday,False,8,2012 Q1
2012-02-09,2012,Q1,1,2,Februar,February,2012-02,6,Thursday,False,9,2012 Q1
2012-02-10,2012,Q1,1,2,Februar,February,2012-02,6,Friday,False,10,2012 Q1
2012-02-11,2012,Q1,1,2,Februar,February,2012-02,6,Saturday,True,11,2012 Q1
2012-02-12,2012,Q1,1,2,Februar,February,2012-02,6,Sunday,True,12,2012 Q1
2012-02-13,2012,Q1,1,2,Februar,February,2012-02,7,Monday,False,13,2012 Q1
2012-02-14,2012,Q1,1,2,Februar,February,2012-02,7,Tuesday,False,14,2012 Q1
2012-02-15,2012,Q1,1,2,Februar,February,2012-02,7,Wednesday,False,15,2012 Q1
2012-02-16,2012,Q1,1,2,Februar,February,2012-02,7,Thursday,False,16,2012 Q1
2012-02-17,2012,Q1,1,2,Februar,February,2012-02,7,Friday,False,17,2012 Q1
2012-02-18,2012,Q1,1,2,Februar,February,2012-02,7,Saturday,True,18,2012 Q1
2012-02-19,2012,Q1,1,2,Februar,February,2012-02,7,Sunday,True,19,2012 Q1
2012-02-20,2012,Q1,1,2,Februar,February,2012-02,8,Monday,False,20,2012 Q1
2012-02-21,2012,Q1,1,2,Februar,February,2012-02,8,Tuesday,False,21,2012 Q1
2012-02-22,2012,Q1,1,2,Februar,February,2012-02,8,Wednesday,False,22,2012 Q1
2012-02-23,2012,Q1,1,2,Februar,February,2012-02,8,Thursday,False,23,2012 Q1
2012-02-24,2012,Q1,1,2,Februar,February,2012-02,8,Friday,False,24,2012 Q1
2012-02-25,2012,Q1,1,2,Februar,February,2012-02,8,Saturday,True,25,2012 Q1
2012-02-26,2012,Q1,1,2,Februar,February,2012-02,8,Sunday,True,26,2012 Q1
2012-02-27,2012,Q1,1,2,Februar,February,2012-02,9,Monday,False,27,2012 Q1
2012-02-28,2012,Q1,1,2,Februar,February,2012-02,9,Tuesday,False,28,2012 Q1
2012-02-29,2012,Q1,1,2,Februar,February,2012-02,9,Wednesday,False,29,2012 Q1
2012-03-01,2012,Q1,1,3,März,March,2012-03,9,Thursday,False,1,2012 Q1
2012-03-02,2012,Q1,1,3,März,March,2012-03,9,Friday,False,2,2012 Q1
2012-03-03,2012,Q1,1,3,März,March,2012-03,9,Saturday,True,3,2012 Q1
2012-03-04,2012,Q1,1,3,März,March,2012-03,9,Sunday,True,4,2012 Q1
2012-03-05,2012,Q1,1,3,März,March,2012-03,10,Monday,False,5,2012 Q1
2012-03-06,2012,Q1,1,3,März,March,2012-03,10,Tuesday,False,6,2012 Q1
2012-03-07,2012,Q1,1,3,März,March,2012-03,10,Wednesday,False,7,2012 Q1
2012-03-08,2012,Q1,1,3,März,March,2012-03,10,Thursday,False,8,2012 Q1
2012-03-09,2012,Q1,1,3,März,March,2012-03,10,Friday,False,9,2012 Q1
2012-03-10,2012,Q1,1,3,März,March,2012-03,10,Saturday,True,10,2012 Q1
2012-03-11,2012,Q1,1,3,März,March,2012-03,10,Sunday,True,11,2012 Q1
2012-03-12,2012,Q1,1,3,März,March,2012-03,11,Monday,False,12,2012 Q1
2012-03-13,2012,Q1,1,3,März,March,2012-03,11,Tuesday,False,13,2012 Q1
2012-03-14,2012,Q1,1,3,März,March,2012-03,11,Wednesday,False,14,2012 Q1
2012-03-15,2012,Q1,1,3,März,March,2012-03,11,Thursday,False,15,2012 Q1
2012-03-16,2012,Q1,1,3,März,March,2012-03,11,Friday,False,16,2012 Q1
2012-03-17,2012,Q1,1,3,März,March,2012-03,11,Saturday,True,17,2012 Q1
2012-03-18,2012,Q1,1,3,März,March,2012-03,11,Sunday,True,18,2012 Q1
2012-03-19,2012,Q1,1,3,März,March,2012-03,12,Monday,False,19,2012 Q1
2012-03-20,2012,Q1,1,3,März,March,2012-03,12,Tuesday,False,20,2012 Q1
2012-03-21,2012,Q1,1,3,März,March,2012-03,12,Wednesday,False,21,2012 Q1
2012-03-22,2012,Q1,1,3,März,March,2012-03,12,Thursday,False,22,2012 Q1
2012-03-23,2012,Q1,1,3,März,March,2012-03,12,Friday,False,23,2012 Q1
2012-03-24,2012,Q1,1,3,März,March,2012-03,12,Saturday,True,24,2012 Q1
2012-03-25,2012,Q1,1,3,März,March,2012-03,12,Sunday,True,25,2012 Q1
2012-03-26,2012,Q1,1,3,März,March,2012-03,13,Monday,False,26,2012 Q1
2012-03-27,2012,Q1,1,3,März,March,2012-03,13,Tuesday,False,27,2012 Q1
2012-03-28,2012,Q1,1,3,März,March,2012-03,13,Wednesday,False,28,2012 Q1
2012-03-29,2012,Q1,1,3,März,March,2012-03,13,Thursday,False,29,2012 Q1
2012-03-30,2012,Q1,1,3,März,March,2012-03,13,Friday,False,30,2012 Q1
2012-03-31,2012,Q1,1,3,März,March,2012-03,13,Saturday,True,31,2012 Q1
2012-04-01,2012,Q2,2,4,April,April,2012-04,13,Sunday,True,1,2012 Q2
2012-04-02,2012,Q2,2,4,April,April,2012-04,14,Monday,False,2,2012 Q2
2012-04-03,2012,Q2,2,4,April,April,2012-04,14,Tuesday,False,3,2012 Q2
2012-04-04,2012,Q2,2,4,April,April,2012-04,14,Wednesday,False,4,2012 Q2
2012-04-05,2012,Q2,2,4,April,April,2012-04,14,Thursday,False,5,2012 Q2
2012-04-06,2012,Q2,2,4,April,April,2012-04,14,Friday,False,6,2012 Q2
2012-04-07,2012,Q2,2,4,April,April,2012-04,14,Saturday,True,7,2012 Q2
2012-04-08,2012,Q2,2,4,April,April,2012-04,14,Sunday,True,8,2012 Q2
2012-04-09,2012,Q2,2,4,April,April,2012-04,15,Monday,False,9,2012 Q2
2012-04-10,2012,Q2,2,4,April,April,2012-04,15,Tuesday,False,10,2012 Q2
2012-04-11,2012,Q2,2,4,April,April,2012-04,15,Wednesday,False,11,2012 Q2
2012-04-12,2012,Q2,2,4,April,April,2012-04,15,Thursday,False,12,2012 Q2
2012-04-13,2012,Q2,2,4,April,April,2012-04,15,Friday,False,13,2012 Q2
2012-04-14,2012,Q2,2,4,April,April,2012-04,15,Saturday,True,14,2012 Q2
2012-04-15,2012,Q2,2,4,April,April,2012-04,15,Sunday,True,15,2012 Q2
2012-04-16,2012,Q2,2,4,April,April,2012-04,16,Monday,False,16,2012 Q2
2012-04-17,2012,Q2,2,4,April,April,2012-04,16,Tuesday,False,17,2012 Q2
2012-04-18,2012,Q2,2,4,April,April,2012-04,16,Wednesday,False,18,2012 Q2
2012-04-19,2012,Q2,2,4,April,April,2012-04,16,Thursday,False,19,2012 Q2
2012-04-20,2012,Q2,2,4,April,April,2012-04,16,Friday,False,20,2012 Q2
2012-04-21,2012,Q2,2,4,April,April,2012-04,16,Saturday,True,21,2012 Q2
2012-04-22,2012,Q2,2,4,April,April,2012-04,16,Sunday,True,22,2012 Q2
2012-04-23,2012,Q2,2,4,April,April,2012-04,17,Monday,False,23,2012 Q2
2012-04-24,2012,Q2,2,4,April,April,2012-04,17,Tuesday,False,24,2012 Q2
2012-04-25,2012,Q2,2,4,April,April,2012-04,17,Wednesday,False,25,2012 Q2
2012-04-26,2012,Q2,2,4,April,April,2012-04,17,Thursday,False,26,2012 Q2
2012-04-27,2012,Q2,2,4,April,April,2012-04,17,Friday,False,27,2012 Q2
2012-04-28,2012,Q2,2,4,April,April,2012-04,17,Saturday,True,28,2012 Q2
2012-04-29,2012,Q2,2,4,April,April,2012-04,17,Sunday,True,29,2012 Q2
2012-04-30,2012,Q2,2,4,April,April,2012-04,18,Monday,False,30,2012 Q2
2012-05-01,2012,Q2,2,5,Mai,May,2012-05,18,Tuesday,False,1,2012 Q2
2012-05-02,2012,Q2,2,5,Mai,May,2012-05,18,Wednesday,False,2,2012 Q2
2012-05-03,2012,Q2,2,5,Mai,May,2012-05,18,Thursday,False,3,2012 Q2
2012-05-04,2012,Q2,2,5,Mai,May,2012-05,18,Friday,False,4,2012 Q2
2012-05-05,2012,Q2,2,5,Mai,May,2012-05,18,Saturday,True,5,2012 Q2
2012-05-06,2012,Q2,2,5,Mai,May,2012-05,18,Sunday,True,6,2012 Q2
2012-05-07,2012,Q2,2,5,Mai,May,2012-05,19,Monday,False,7,2012 Q2
2012-05-08,2012,Q2,2,5,Mai,May,2012-05,19,Tuesday,False,8,2012 Q2
2012-05-09,2012,Q2,2,5,Mai,May,2012-05,19,Wednesday,False,9,2012 Q2
2012-05-10,2012,Q2,2,5,Mai,May,2012-05,19,Thursday,False,10,2012 Q2
2012-05-11,2012,Q2,2,5,Mai,May,2012-05,19,Friday,False,11,2012 Q2
2012-05-12,2012,Q2,2,5,Mai,May,2012-05,19,Saturday,True,12,2012 Q2
2012-05-13,2012,Q2,2,5,Mai,May,2012-05,19,Sunday,True,13,2012 Q2
2012-05-14,2012,Q2,2,5,Mai,May,2012-05,20,Monday,False,14,2012 Q2
2012-05-15,2012,Q2,2,5,Mai,May,2012-05,20,Tuesday,False,15,2012 Q2
2012-05-16,2012,Q2,2,5,Mai,May,2012-05,20,Wednesday,False,16,2012 Q2
2012-05-17,2012,Q2,2,5,Mai,May,2012-05,20,Thursday,False,17,2012 Q2
2012-05-18,2012,Q2,2,5,Mai,May,2012-05,20,Friday,False,18,2012 Q2
2012-05-19,2012,Q2,2,5,Mai,May,2012-05,20,Saturday,True,19,2012 Q2
2012-05-20,2012,Q2,2,5,Mai,May,2012-05,20,Sunday,True,20,2012 Q2
2012-05-21,2012,Q2,2,5,Mai,May,2012-05,21,Monday,False,21,2012 Q2
2012-05-22,2012,Q2,2,5,Mai,May,2012-05,21,Tuesday,False,22,2012 Q2
2012-05-23,2012,Q2,2,5,Mai,May,2012-05,21,Wednesday,False,23,2012 Q2
2012-05-24,2012,Q2,2,5,Mai,May,2012-05,21,Thursday,False,24,2012 Q2
2012-05-25,2012,Q2,2,5,Mai,May,2012-05,21,Friday,False,25,2012 Q2
2012-05-26,2012,Q2,2,5,Mai,May,2012-05,21,Saturday,True,26,2012 Q2
2012-05-27,2012,Q2,2,5,Mai,May,2012-05,21,Sunday,True,27,2012 Q2
2012-05-28,2012,Q2,2,5,Mai,May,2012-05,22,Monday,False,28,2012 Q2
2012-05-29,2012,Q2,2,5,Mai,May,2012-05,22,Tuesday,False,29,2012 Q2
2012-05-30,2012,Q2,2,5,Mai,May,2012-05,22,Wednesday,False,30,2012 Q2
2012-05-31,2012,Q2,2,5,Mai,May,2012-05,22,Thursday,False,31,2012 Q2
2012-06-01,2012,Q2,2,6,Juni,June,2012-06,22,Friday,False,1,2012 Q2
2012-06-02,2012,Q2,2,6,Juni,June,2012-06,22,Saturday,True,2,2012 Q2
2012-06-03,2012,Q2,2,6,Juni,June,2012-06,22,Sunday,True,3,2012 Q2
2012-06-04,2012,Q2,2,6,Juni,June,2012-06,23,Monday,False,4,2012 Q2
2012-06-05,2012,Q2,2,6,Juni,June,2012-06,23,Tuesday,False,5,2012 Q2
2012-06-06,2012,Q2,2,6,Juni,June,2012-06,23,Wednesday,False,6,2012 Q2
2012-06-07,2012,Q2,2,6,Juni,June,2012-06,23,Thursday,False,7,2012 Q2
2012-06-08,2012,Q2,2,6,Juni,June,2012-06,23,Friday,False,8,2012 Q2
2012-06-09,2012,Q2,2,6,Juni,June,2012-06,23,Saturday,True,9,2012 Q2
2012-06-10,2012,Q2,2,6,Juni,June,2012-06,23,Sunday,True,10,2012 Q2
2012-06-11,2012,Q2,2,6,Juni,June,2012-06,24,Monday,False,11,2012 Q2
2012-06-12,2012,Q2,2,6,Juni,June,2012-06,24,Tuesday,False,12,2012 Q2
2012-06-13,2012,Q2,2,6,Juni,June,2012-06,24,Wednesday,False,13,2012 Q2
2012-06-14,2012,Q2,2,6,Juni,June,2012-06,24,Thursday,False,14,2012 Q2
2012-06-15,2012,Q2,2,6,Juni,June,2012-06,24,Friday,False,15,2012 Q2
2012-06-16,2012,Q2,2,6,Juni,June,2012-06,24,Saturday,True,16,2012 Q2
2012-06-17,2012,Q2,2,6,Juni,June,2012-06,24,Sunday,True,17,2012 Q2
2012-06-18,2012,Q2,2,6,Juni,June,2012-06,25,Monday,False,18,2012 Q2
2012-06-19,2012,Q2,2,6,Juni,June,2012-06,25,Tuesday,False,19,2012 Q2
2012-06-20,2012,Q2,2,6,Juni,June,2012-06,25,Wednesday,False,20,2012 Q2
2012-06-21,2012,Q2,2,6,Juni,June,2012-06,25,Thursday,False,21,2012 Q2
2012-06-22,2012,Q2,2,6,Juni,June,2012-06,25,Friday,False,22,2012 Q2
2012-06-23,2012,Q2,2,6,Juni,June,2012-06,25,Saturday,True,23,2012 Q2
2012-06-24,2012,Q2,2,6,Juni,June,2012-06,25,Sunday,True,24,2012 Q2
2012-06-25,2012,Q2,2,6,Juni,June,2012-06,26,Monday,False,25,2012 Q2
2012-06-26,2012,Q2,2,6,Juni,June,2012-06,26,Tuesday,False,26,2012 Q2
2012-06-27,2012,Q2,2,6,Juni,June,2012-06,26,Wednesday,False,27,2012 Q2
2012-06-28,2012,Q2,2,6,Juni,June,2012-06,26,Thursday,False,28,2012 Q2
2012-06-29,2012,Q2,2,6,Juni,June,2012-06,26,Friday,False,29,2012 Q2
2012-06-30,2012,Q2,2,6,Juni,June,2012-06,26,Saturday,True,30,2012 Q2
2012-07-01,2012,Q3,3,7,Juli,July,2012-07,26,Sunday,True,1,2012 Q3
2012-07-02,2012,Q3,3,7,Juli,July,2012-07,27,Monday,False,2,2012 Q3
2012-07-03,2012,Q3,3,7,Juli,July,2012-07,27,Tuesday,False,3,2012 Q3
2012-07-04,2012,Q3,3,7,Juli,July,2012-07,27,Wednesday,False,4,2012 Q3
2012-07-05,2012,Q3,3,7,Juli,July,2012-07,27,Thursday,False,5,2012 Q3
2012-07-06,2012,Q3,3,7,Juli,July,2012-07,27,Friday,False,6,2012 Q3
2012-07-07,2012,Q3,3,7,Juli,July,2012-07,27,Saturday,True,7,2012 Q3
2012-07-08,2012,Q3,3,7,Juli,July,2012-07,27,Sunday,True,8,2012 Q3
2012-07-09,2012,Q3,3,7,Juli,July,2012-07,28,Monday,False,9,2012 Q3
2012-07-10,2012,Q3,3,7,Juli,July,2012-07,28,Tuesday,False,10,2012 Q3
2012-07-11,2012,Q3,3,7,Juli,July,2012-07,28,Wednesday,False,11,2012 Q3
2012-07-12,2012,Q3,3,7,Juli,July,2012-07,28,Thursday,False,12,2012 Q3
2012-07-13,2012,Q3,3,7,Juli,July,2012-07,28,Friday,False,13,2012 Q3
2012-07-14,2012,Q3,3,7,Juli,July,2012-07,28,Saturday,True,14,2012 Q3
2012-07-15,2012,Q3,3,7,Juli,July,2012-07,28,Sunday,True,15,2012 Q3
2012-07-16,2012,Q3,3,7,Juli,July,2012-07,29,Monday,False,16,2012 Q3
2012-07-17,2012,Q3,3,7,Juli,July,2012-07,29,Tuesday,False,17,2012 Q3
2012-07-18,2012,Q3,3,7,Juli,July,2012-07,29,Wednesday,False,18,2012 Q3
2012-07-19,2012,Q3,3,7,Juli,July,2012-07,29,Thursday,False,19,2012 Q3
2012-07-20,2012,Q3,3,7,Juli,July,2012-07,29,Friday,False,20,2012 Q3
2012-07-21,2012,Q3,3,7,Juli,July,2012-07,29,Saturday,True,21,2012 Q3
2012-07-22,2012,Q3,3,7,Juli,July,2012-07,29,Sunday,True,22,2012 Q3
2012-07-23,2012,Q3,3,7,Juli,July,2012-07,30,Monday,False,23,2012 Q3
2012-07-24,2012,Q3,3,7,Juli,July,2012-07,30,Tuesday,False,24,2012 Q3
2012-07-25,2012,Q3,3,7,Juli,July,2012-07,30,Wednesday,False,25,2012 Q3
2012-07-26,2012,Q3,3,7,Juli,July,2012-07,30,Thursday,False,26,2012 Q3
2012-07-27,2012,Q3,3,7,Juli,July,2012-07,30,Friday,False,27,2012 Q3
2012-07-28,2012,Q3,3,7,Juli,July,2012-07,30,Saturday,True,28,2012 Q3
2012-07-29,2012,Q3,3,7,Juli,July,2012-07,30,Sunday,True,29,2012 Q3
2012-07-30,2012,Q3,3,7,Juli,July,2012-07,31,Monday,False,30,2012 Q3
2012-07-31,2012,Q3,3,7,Juli,July,2012-07,31,Tuesday,False,31,2012 Q3
2012-08-01,2012,Q3,3,8,August,August,2012-08,31,Wednesday,False,1,2012 Q3
2012-08-02,2012,Q3,3,8,August,August,2012-08,31,Thursday,False,2,2012 Q3
2012-08-03,2012,Q3,3,8,August,August,2012-08,31,Friday,False,3,2012 Q3
2012-08-04,2012,Q3,3,8,August,August,2012-08,31,Saturday,True,4,2012 Q3
2012-08-05,2012,Q3,3,8,August,August,2012-08,31,Sunday,True,5,2012 Q3
2012-08-06,2012,Q3,3,8,August,August,2012-08,32,Monday,False,6,2012 Q3
2012-08-07,2012,Q3,3,8,August,August,2012-08,32,Tuesday,False,7,2012 Q3
2012-08-08,2012,Q3,3,8,August,August,2012-08,32,Wednesday,False,8,2012 Q3
2012-08-09,2012,Q3,3,8,August,August,2012-08,32,Thursday,False,9,2012 Q3
2012-08-10,2012,Q3,3,8,August,August,2012-08,32,Friday,False,10,2012 Q3
2012-08-11,2012,Q3,3,8,August,August,2012-08,32,Saturday,True,11,2012 Q3
2012-08-12,2012,Q3,3,8,August,August,2012-08,32,Sunday,True,12,2012 Q3
2012-08-13,2012,Q3,3,8,August,August,2012-08,33,Monday,False,13,2012 Q3
2012-08-14,2012,Q3,3,8,August,August,2012-08,33,Tuesday,False,14,2012 Q3
2012-08-15,2012,Q3,3,8,August,August,2012-08,33,Wednesday,False,15,2012 Q3
2012-08-16,2012,Q3,3,8,August,August,2012-08,33,Thursday,False,16,2012 Q3
2012-08-17,2012,Q3,3,8,August,August,2012-08,33,Friday,False,17,2012 Q3
2012-08-18,2012,Q3,3,8,August,August,2012-08,33,Saturday,True,18,2012 Q3
2012-08-19,2012,Q3,3,8,August,August,2012-08,33,Sunday,True,19,2012 Q3
2012-08-20,2012,Q3,3,8,August,August,2012-08,34,Monday,False,20,2012 Q3
2012-08-21,2012,Q3,3,8,August,August,2012-08,34,Tuesday,False,21,2012 Q3
2012-08-22,2012,Q3,3,8,August,August,2012-08,34,Wednesday,False,22,2012 Q3
2012-08-23,2012,Q3,3,8,August,August,2012-08,34,Thursday,False,23,2012 Q3
2012-08-24,2012,Q3,3,8,August,August,2012-08,34,Friday,False,24,2012 Q3
2012-08-25,2012,Q3,3,8,August,August,2012-08,34,Saturday,True,25,2012 Q3
2012-08-26,2012,Q3,3,8,August,August,2012-08,34,Sunday,True,26,2012 Q3
2012-08-27,2012,Q3,3,8,August,August,2012-08,35,Monday,False,27,2012 Q3
2012-08-28,2012,Q3,3,8,August,August,2012-08,35,Tuesday,False,28,2012 Q3
2012-08-29,2012,Q3,3,8,August,August,2012-08,35,Wednesday,False,29,2012 Q3
2012-08-30,2012,Q3,3,8,August,August,2012-08,35,Thursday,False,30,2012 Q3
2012-08-31,2012,Q3,3,8,August,August,2012-08,35,Friday,False,31,2012 Q3
2012-09-01,2012,Q3,3,9,September,September,2012-09,35,Saturday,True,1,2012 Q3
2012-09-02,2012,Q3,3,9,September,September,2012-09,35,Sunday,True,2,2012 Q3
2012-09-03,2012,Q3,3,9,September,September,2012-09,36,Monday,False,3,2012 Q3
2012-09-04,2012,Q3,3,9,September,September,2012-09,36,Tuesday,False,4,2012 Q3
2012-09-05,2012,Q3,3,9,September,September,2012-09,36,Wednesday,False,5,2012 Q3
2012-09-06,2012,Q3,3,9,September,September,2012-09,36,Thursday,False,6,2012 Q3
2012-09-07,2012,Q3,3,9,September,September,2012-09,36,Friday,False,7,2012 Q3
2012-09-08,2012,Q3,3,9,September,September,2012-09,36,Saturday,True,8,2012 Q3
2012-09-09,2012,Q3,3,9,September,September,2012-09,36,Sunday,True,9,2012 Q3
2012-09-10,2012,Q3,3,9,September,September,2012-09,37,Monday,False,10,2012 Q3
2012-09-11,2012,Q3,3,9,September,September,2012-09,37,Tuesday,False,11,2012 Q3
2012-09-12,2012,Q3,3,9,September,September,2012-09,37,Wednesday,False,12,2012 Q3
2012-09-13,2012,Q3,3,9,September,September,2012-09,37,Thursday,False,13,2012 Q3
2012-09-14,2012,Q3,3,9,September,September,2012-09,37,Friday,False,14,2012 Q3
2012-09-15,2012,Q3,3,9,September,September,2012-09,37,Saturday,True,15,2012 Q3
2012-09-16,2012,Q3,3,9,September,September,2012-09,37,Sunday,True,16,2012 Q3
2012-09-17,2012,Q3,3,9,September,September,2012-09,38,Monday,False,17,2012 Q3
2012-09-18,2012,Q3,3,9,September,September,2012-09,38,Tuesday,False,18,2012 Q3
2012-09-19,2012,Q3,3,9,September,September,2012-09,38,Wednesday,False,19,2012 Q3
2012-09-20,2012,Q3,3,9,September,September,2012-09,38,Thursday,False,20,2012 Q3
2012-09-21,2012,Q3,3,9,September,September,2012-09,38,Friday,False,21,2012 Q3
2012-09-22,2012,Q3,3,9,September,September,2012-09,38,Saturday,True,22,2012 Q3
2012-09-23,2012,Q3,3,9,September,September,2012-09,38,Sunday,True,23,2012 Q3
2012-09-24,2012,Q3,3,9,September,September,2012-09,39,Monday,False,24,2012 Q3
2012-09-25,2012,Q3,3,9,September,September,2012-09,39,Tuesday,False,25,2012 Q3
2012-09-26,2012,Q3,3,9,September,September,2012-09,39,Wednesday,False,26,2012 Q3
2012-09-27,2012,Q3,3,9,September,September,2012-09,39,Thursday,False,27,2012 Q3
2012-09-28,2012,Q3,3,9,September,September,2012-09,39,Friday,False,28,2012 Q3
2012-09-29,2012,Q3,3,9,September,September,2012-09,39,Saturday,True,29,2012 Q3
2012-09-30,2012,Q3,3,9,September,September,2012-09,39,Sunday,True,30,2012 Q3
2012-10-01,2012,Q4,4,10,Oktober,October,2012-10,40,Monday,False,1,2012 Q4
2012-10-02,2012,Q4,4,10,Oktober,October,2012-10,40,Tuesday,False,2,2012 Q4
2012-10-03,2012,Q4,4,10,Oktober,October,2012-10,40,Wednesday,False,3,2012 Q4
2012-10-04,2012,Q4,4,10,Oktober,October,2012-10,40,Thursday,False,4,2012 Q4
2012-10-05,2012,Q4,4,10,Oktober,October,2012-10,40,Friday,False,5,2012 Q4
2012-10-06,2012,Q4,4,10,Oktober,October,2012-10,40,Saturday,True,6,2012 Q4
2012-10-07,2012,Q4,4,10,Oktober,October,2012-10,40,Sunday,True,7,2012 Q4
2012-10-08,2012,Q4,4,10,Oktober,October,2012-10,41,Monday,False,8,2012 Q4
2012-10-09,2012,Q4,4,10,Oktober,October,2012-10,41,Tuesday,False,9,2012 Q4
2012-10-10,2012,Q4,4,10,Oktober,October,2012-10,41,Wednesday,False,10,2012 Q4
2012-10-11,2012,Q4,4,10,Oktober,October,2012-10,41,Thursday,False,11,2012 Q4
2012-10-12,2012,Q4,4,10,Oktober,October,2012-10,41,Friday,False,12,2012 Q4
2012-10-13,2012,Q4,4,10,Oktober,October,2012-10,41,Saturday,True,13,2012 Q4
2012-10-14,2012,Q4,4,10,Oktober,October,2012-10,41,Sunday,True,14,2012 Q4
2012-10-15,2012,Q4,4,10,Oktober,October,2012-10,42,Monday,False,15,2012 Q4
2012-10-16,2012,Q4,4,10,Oktober,October,2012-10,42,Tuesday,False,16,2012 Q4
2012-10-17,2012,Q4,4,10,Oktober,October,2012-10,42,Wednesday,False,17,2012 Q4
2012-10-18,2012,Q4,4,10,Oktober,October,2012-10,42,Thursday,False,18,2012 Q4
2012-10-19,2012,Q4,4,10,Oktober,October,2012-10,42,Friday,False,19,2012 Q4
2012-10-20,2012,Q4,4,10,Oktober,October,2012-10,42,Saturday,True,20,2012 Q4
2012-10-21,2012,Q4,4,10,Oktober,October,2012-10,42,Sunday,True,21,2012 Q4
2012-10-22,2012,Q4,4,10,Oktober,October,2012-10,43,Monday,False,22,2012 Q4
2012-10-23,2012,Q4,4,10,Oktober,October,2012-10,43,Tuesday,False,23,2012 Q4
2012-10-24,2012,Q4,4,10,Oktober,October,2012-10,43,Wednesday,False,24,2012 Q4
2012-10-25,2012,Q4,4,10,Oktober,October,2012-10,43,Thursday,False,25,2012 Q4
2012-10-26,2012,Q4,4,10,Oktober,October,2012-10,43,Friday,False,26,2012 Q4
2012-10-27,2012,Q4,4,10,Oktober,October,2012-10,43,Saturday,True,27,2012 Q4
2012-10-28,2012,Q4,4,10,Oktober,October,2012-10,43,Sunday,True,28,2012 Q4
2012-10-29,2012,Q4,4,10,Oktober,October,2012-10,44,Monday,False,29,2012 Q4
2012-10-30,2012,Q4,4,10,Oktober,October,2012-10,44,Tuesday,False,30,2012 Q4
2012-10-31,2012,Q4,4,10,Oktober,October,2012-10,44,Wednesday,False,31,2012 Q4
2012-11-01,2012,Q4,4,11,November,November,2012-11,44,Thursday,False,1,2012 Q4
2012-11-02,2012,Q4,4,11,November,November,2012-11,44,Friday,False,2,2012 Q4
2012-11-03,2012,Q4,4,11,November,November,2012-11,44,Saturday,True,3,2012 Q4
2012-11-04,2012,Q4,4,11,November,November,2012-11,44,Sunday,True,4,2012 Q4
2012-11-05,2012,Q4,4,11,November,November,2012-11,45,Monday,False,5,2012 Q4
2012-11-06,2012,Q4,4,11,November,November,2012-11,45,Tuesday,False,6,2012 Q4
2012-11-07,2012,Q4,4,11,November,November,2012-11,45,Wednesday,False,7,2012 Q4
2012-11-08,2012,Q4,4,11,November,November,2012-11,45,Thursday,False,8,2012 Q4
2012-11-09,2012,Q4,4,11,November,November,2012-11,45,Friday,False,9,2012 Q4
2012-11-10,2012,Q4,4,11,November,November,2012-11,45,Saturday,True,10,2012 Q4
2012-11-11,2012,Q4,4,11,November,November,2012-11,45,Sunday,True,11,2012 Q4
2012-11-12,2012,Q4,4,11,November,November,2012-11,46,Monday,False,12,2012 Q4
2012-11-13,2012,Q4,4,11,November,November,2012-11,46,Tuesday,False,13,2012 Q4
2012-11-14,2012,Q4,4,11,November,November,2012-11,46,Wednesday,False,14,2012 Q4
2012-11-15,2012,Q4,4,11,November,November,2012-11,46,Thursday,False,15,2012 Q4
2012-11-16,2012,Q4,4,11,November,November,2012-11,46,Friday,False,16,2012 Q4
2012-11-17,2012,Q4,4,11,November,November,2012-11,46,Saturday,True,17,2012 Q4
2012-11-18,2012,Q4,4,11,November,November,2012-11,46,Sunday,True,18,2012 Q4
2012-11-19,2012,Q4,4,11,November,November,2012-11,47,Monday,False,19,2012 Q4
2012-11-20,2012,Q4,4,11,November,November,2012-11,47,Tuesday,False,20,2012 Q4
2012-11-21,2012,Q4,4,11,November,November,2012-11,47,Wednesday,False,21,2012 Q4
2012-11-22,2012,Q4,4,11,November,November,2012-11,47,Thursday,False,22,2012 Q4
2012-11-23,2012,Q4,4,11,November,November,2012-11,47,Friday,False,23,2012 Q4
2012-11-24,2012,Q4,4,11,November,November,2012-11,47,Saturday,True,24,2012 Q4
2012-11-25,2012,Q4,4,11,November,November,2012-11,47,Sunday,True,25,2012 Q4
2012-11-26,2012,Q4,4,11,November,November,2012-11,48,Monday,False,26,2012 Q4
2012-11-27,2012,Q4,4,11,November,November,2012-11,48,Tuesday,False,27,2012 Q4
2012-11-28,2012,Q4,4,11,November,November,2012-11,48,Wednesday,False,28,2012 Q4
2012-11-29,2012,Q4,4,11,November,November,2012-11,48,Thursday,False,29,2012 Q4
2012-11-30,2012,Q4,4,11,November,November,2012-11,48,Friday,False,30,2012 Q4
2012-12-01,2012,Q4,4,12,Dezember,December,2012-12,48,Saturday,True,1,2012 Q4
2012-12-02,2012,Q4,4,12,Dezember,December,2012-12,48,Sunday,True,2,2012 Q4
2012-12-03,2012,Q4,4,12,Dezember,December,2012-12,49,Monday,False,3,2012 Q4
2012-12-04,2012,Q4,4,12,Dezember,December,2012-12,49,Tuesday,False,4,2012 Q4
2012-12-05,2012,Q4,4,12,Dezember,December,2012-12,49,Wednesday,False,5,2012 Q4
2012-12-06,2012,Q4,4,12,Dezember,December,2012-12,49,Thursday,False,6,2012 Q4
2012-12-07,2012,Q4,4,12,Dezember,December,2012-12,49,Friday,False,7,2012 Q4
2012-12-08,2012,Q4,4,12,Dezember,December,2012-12,49,Saturday,True,8,2012 Q4
2012-12-09,2012,Q4,4,12,Dezember,December,2012-12,49,Sunday,True,9,2012 Q4
2012-12-10,2012,Q4,4,12,Dezember,December,2012-12,50,Monday,False,10,2012 Q4
2012-12-11,2012,Q4,4,12,Dezember,December,2012-12,50,Tuesday,False,11,2012 Q4
2012-12-12,2012,Q4,4,12,Dezember,December,2012-12,50,Wednesday,False,12,2012 Q4
2012-12-13,2012,Q4,4,12,Dezember,December,2012-12,50,Thursday,False,13,2012 Q4
2012-12-14,2012,Q4,4,12,Dezember,December,2012-12,50,Friday,False,14,2012 Q4
2012-12-15,2012,Q4,4,12,Dezember,December,2012-12,50,Saturday,True,15,2012 Q4
2012-12-16,2012,Q4,4,12,Dezember,December,2012-12,50,Sunday,True,16,2012 Q4
2012-12-17,2012,Q4,4,12,Dezember,December,2012-12,51,Monday,False,17,2012 Q4
2012-12-18,2012,Q4,4,12,Dezember,December,2012-12,51,Tuesday,False,18,2012 Q4
2012-12-19,2012,Q4,4,12,Dezember,December,2012-12,51,Wednesday,False,19,2012 Q4
2012-12-20,2012,Q4,4,12,Dezember,December,2012-12,51,Thursday,False,20,2012 Q4
2012-12-21,2012,Q4,4,12,Dezember,December,2012-12,51,Friday,False,21,2012 Q4
2012-12-22,2012,Q4,4,12,Dezember,December,2012-12,51,Saturday,True,22,2012 Q4
2012-12-23,2012,Q4,4,12,Dezember,December,2012-12,51,Sunday,True,23,2012 Q4
2012-12-24,2012,Q4,4,12,Dezember,December,2012-12,52,Monday,False,24,2012 Q4
2012-12-25,2012,Q4,4,12,Dezember,December,2012-12,52,Tuesday,False,25,2012 Q4
2012-12-26,2012,Q4,4,12,Dezember,December,2012-12,52,Wednesday,False,26,2012 Q4
2012-12-27,2012,Q4,4,12,Dezember,December,2012-12,52,Thursday,False,27,2012 Q4
2012-12-28,2012,Q4,4,12,Dezember,December,2012-12,52,Friday,False,28,2012 Q4
2012-12-29,2012,Q4,4,12,Dezember,December,2012-12,52,Saturday,True,29,2012 Q4
2012-12-30,2012,Q4,4,12,Dezember,December,2012-12,52,Sunday,True,30,2012 Q4
2012-12-31,2012,Q4,4,12,Dezember,December,2012-12,1,Monday,False,31,2012 Q4
2013-01-01,2013,Q1,1,1,Januar,January,2013-01,1,Tuesday,False,1,2013 Q1
2013-01-02,2013,Q1,1,1,Januar,January,2013-01,1,Wednesday,False,2,2013 Q1
2013-01-03,2013,Q1,1,1,Januar,January,2013-01,1,Thursday,False,3,2013 Q1
2013-01-04,2013,Q1,1,1,Januar,January,2013-01,1,Friday,False,4,2013 Q1
2013-01-05,2013,Q1,1,1,Januar,January,2013-01,1,Saturday,True,5,2013 Q1
2013-01-06,2013,Q1,1,1,Januar,January,2013-01,1,Sunday,True,6,2013 Q1
2013-01-07,2013,Q1,1,1,Januar,January,2013-01,2,Monday,False,7,2013 Q1
2013-01-08,2013,Q1,1,1,Januar,January,2013-01,2,Tuesday,False,8,2013 Q1
2013-01-09,2013,Q1,1,1,Januar,January,2013-01,2,Wednesday,False,9,2013 Q1
2013-01-10,2013,Q1,1,1,Januar,January,2013-01,2,Thursday,False,10,2013 Q1
2013-01-11,2013,Q1,1,1,Januar,January,2013-01,2,Friday,False,11,2013 Q1
2013-01-12,2013,Q1,1,1,Januar,January,2013-01,2,Saturday,True,12,2013 Q1
2013-01-13,2013,Q1,1,1,Januar,January,2013-01,2,Sunday,True,13,2013 Q1
2013-01-14,2013,Q1,1,1,Januar,January,2013-01,3,Monday,False,14,2013 Q1
2013-01-15,2013,Q1,1,1,Januar,January,2013-01,3,Tuesday,False,15,2013 Q1
2013-01-16,2013,Q1,1,1,Januar,January,2013-01,3,Wednesday,False,16,2013 Q1
2013-01-17,2013,Q1,1,1,Januar,January,2013-01,3,Thursday,False,17,2013 Q1
2013-01-18,2013,Q1,1,1,Januar,January,2013-01,3,Friday,False,18,2013 Q1
2013-01-19,2013,Q1,1,1,Januar,January,2013-01,3,Saturday,True,19,2013 Q1
2013-01-20,2013,Q1,1,1,Januar,January,2013-01,3,Sunday,True,20,2013 Q1
2013-01-21,2013,Q1,1,1,Januar,January,2013-01,4,Monday,False,21,2013 Q1
2013-01-22,2013,Q1,1,1,Januar,January,2013-01,4,Tuesday,False,22,2013 Q1
2013-01-23,2013,Q1,1,1,Januar,January,2013-01,4,Wednesday,False,23,2013 Q1
2013-01-24,2013,Q1,1,1,Januar,January,2013-01,4,Thursday,False,24,2013 Q1
2013-01-25,2013,Q1,1,1,Januar,January,2013-01,4,Friday,False,25,2013 Q1
2013-01-26,2013,Q1,1,1,Januar,January,2013-01,4,Saturday,True,26,2013 Q1
2013-01-27,2013,Q1,1,1,Januar,January,2013-01,4,Sunday,True,27,2013 Q1
2013-01-28,2013,Q1,1,1,Januar,January,2013-01,5,Monday,False,28,2013 Q1
2013-01-29,2013,Q1,1,1,Januar,January,2013-01,5,Tuesday,False,29,2013 Q1
2013-01-30,2013,Q1,1,1,Januar,January,2013-01,5,Wednesday,False,30,2013 Q1
2013-01-31,2013,Q1,1,1,Januar,January,2013-01,5,Thursday,False,31,2013 Q1
2013-02-01,2013,Q1,1,2,Februar,February,2013-02,5,Friday,False,1,2013 Q1
2013-02-02,2013,Q1,1,2,Februar,February,2013-02,5,Saturday,True,2,2013 Q1
2013-02-03,2013,Q1,1,2,Februar,February,2013-02,5,Sunday,True,3,2013 Q1
2013-02-04,2013,Q1,1,2,Februar,February,2013-02,6,Monday,False,4,2013 Q1
2013-02-05,2013,Q1,1,2,Februar,February,2013-02,6,Tuesday,False,5,2013 Q1
2013-02-06,2013,Q1,1,2,Februar,February,2013-02,6,Wednesday,False,6,2013 Q1
2013-02-07,2013,Q1,1,2,Februar,February,2013-02,6,Thursday,False,7,2013 Q1
2013-02-08,2013,Q1,1,2,Februar,February,2013-02,6,Friday,False,8,2013 Q1
2013-02-09,2013,Q1,1,2,Februar,February,2013-02,6,Saturday,True,9,2013 Q1
2013-02-10,2013,Q1,1,2,Februar,February,2013-02,6,Sunday,True,10,2013 Q1
2013-02-11,2013,Q1,1,2,Februar,February,2013-02,7,Monday,False,11,2013 Q1
2013-02-12,2013,Q1,1,2,Februar,February,2013-02,7,Tuesday,False,12,2013 Q1
2013-02-13,2013,Q1,1,2,Februar,February,2013-02,7,Wednesday,False,13,2013 Q1
2013-02-14,2013,Q1,1,2,Februar,February,2013-02,7,Thursday,False,14,2013 Q1
2013-02-15,2013,Q1,1,2,Februar,February,2013-02,7,Friday,False,15,2013 Q1
2013-02-16,2013,Q1,1,2,Februar,February,2013-02,7,Saturday,True,16,2013 Q1
2013-02-17,2013,Q1,1,2,Februar,February,2013-02,7,Sunday,True,17,2013 Q1
2013-02-18,2013,Q1,1,2,Februar,February,2013-02,8,Monday,False,18,2013 Q1
2013-02-19,2013,Q1,1,2,Februar,February,2013-02,8,Tuesday,False,19,2013 Q1
2013-02-20,2013,Q1,1,2,Februar,February,2013-02,8,Wednesday,False,20,2013 Q1
2013-02-21,2013,Q1,1,2,Februar,February,2013-02,8,Thursday,False,21,2013 Q1
2013-02-22,2013,Q1,1,2,Februar,February,2013-02,8,Friday,False,22,2013 Q1
2013-02-23,2013,Q1,1,2,Februar,February,2013-02,8,Saturday,True,23,2013 Q1
2013-02-24,2013,Q1,1,2,Februar,February,2013-02,8,Sunday,True,24,2013 Q1
2013-02-25,2013,Q1,1,2,Februar,February,2013-02,9,Monday,False,25,2013 Q1
2013-02-26,2013,Q1,1,2,Februar,February,2013-02,9,Tuesday,False,26,2013 Q1
2013-02-27,2013,Q1,1,2,Februar,February,2013-02,9,Wednesday,False,27,2013 Q1
2013-02-28,2013,Q1,1,2,Februar,February,2013-02,9,Thursday,False,28,2013 Q1
2013-03-01,2013,Q1,1,3,März,March,2013-03,9,Friday,False,1,2013 Q1
2013-03-02,2013,Q1,1,3,März,March,2013-03,9,Saturday,True,2,2013 Q1
2013-03-03,2013,Q1,1,3,März,March,2013-03,9,Sunday,True,3,2013 Q1
2013-03-04,2013,Q1,1,3,März,March,2013-03,10,Monday,False,4,2013 Q1
2013-03-05,2013,Q1,1,3,März,March,2013-03,10,Tuesday,False,5,2013 Q1
2013-03-06,2013,Q1,1,3,März,March,2013-03,10,Wednesday,False,6,2013 Q1
2013-03-07,2013,Q1,1,3,März,March,2013-03,10,Thursday,False,7,2013 Q1
2013-03-08,2013,Q1,1,3,März,March,2013-03,10,Friday,False,8,2013 Q1
2013-03-09,2013,Q1,1,3,März,March,2013-03,10,Saturday,True,9,2013 Q1
2013-03-10,2013,Q1,1,3,März,March,2013-03,10,Sunday,True,10,2013 Q1
2013-03-11,2013,Q1,1,3,März,March,2013-03,11,Monday,False,11,2013 Q1
2013-03-12,2013,Q1,1,3,März,March,2013-03,11,Tuesday,False,12,2013 Q1
2013-03-13,2013,Q1,1,3,März,March,2013-03,11,Wednesday,False,13,2013 Q1
2013-03-14,2013,Q1,1,3,März,March,2013-03,11,Thursday,False,14,2013 Q1
2013-03-15,2013,Q1,1,3,März,March,2013-03,11,Friday,False,15,2013 Q1
2013-03-16,2013,Q1,1,3,März,March,2013-03,11,Saturday,True,16,2013 Q1
2013-03-17,2013,Q1,1,3,März,March,2013-03,11,Sunday,True,17,2013 Q1
2013-03-18,2013,Q1,1,3,März,March,2013-03,12,Monday,False,18,2013 Q1
2013-03-19,2013,Q1,1,3,März,March,2013-03,12,Tuesday,False,19,2013 Q1
2013-03-20,2013,Q1,1,3,März,March,2013-03,12,Wednesday,False,20,2013 Q1
2013-03-21,2013,Q1,1,3,März,March,2013-03,12,Thursday,False,21,2013 Q1
2013-03-22,2013,Q1,1,3,März,March,2013-03,12,Friday,False,22,2013 Q1
2013-03-23,2013,Q1,1,3,März,March,2013-03,12,Saturday,True,23,2013 Q1
2013-03-24,2013,Q1,1,3,März,March,2013-03,12,Sunday,True,24,2013 Q1
2013-03-25,2013,Q1,1,3,März,March,2013-03,13,Monday,False,25,2013 Q1
2013-03-26,2013,Q1,1,3,März,March,2013-03,13,Tuesday,False,26,2013 Q1
2013-03-27,2013,Q1,1,3,März,March,2013-03,13,Wednesday,False,27,2013 Q1
2013-03-28,2013,Q1,1,3,März,March,2013-03,13,Thursday,False,28,2013 Q1
2013-03-29,2013,Q1,1,3,März,March,2013-03,13,Friday,False,29,2013 Q1
2013-03-30,2013,Q1,1,3,März,March,2013-03,13,Saturday,True,30,2013 Q1
2013-03-31,2013,Q1,1,3,März,March,2013-03,13,Sunday,True,31,2013 Q1
2013-04-01,2013,Q2,2,4,April,April,2013-04,14,Monday,False,1,2013 Q2
2013-04-02,2013,Q2,2,4,April,April,2013-04,14,Tuesday,False,2,2013 Q2
2013-04-03,2013,Q2,2,4,April,April,2013-04,14,Wednesday,False,3,2013 Q2
2013-04-04,2013,Q2,2,4,April,April,2013-04,14,Thursday,False,4,2013 Q2
2013-04-05,2013,Q2,2,4,April,April,2013-04,14,Friday,False,5,2013 Q2
2013-04-06,2013,Q2,2,4,April,April,2013-04,14,Saturday,True,6,2013 Q2
2013-04-07,2013,Q2,2,4,April,April,2013-04,14,Sunday,True,7,2013 Q2
2013-04-08,2013,Q2,2,4,April,April,2013-04,15,Monday,False,8,2013 Q2
2013-04-09,2013,Q2,2,4,April,April,2013-04,15,Tuesday,False,9,2013 Q2
2013-04-10,2013,Q2,2,4,April,April,2013-04,15,Wednesday,False,10,2013 Q2
2013-04-11,2013,Q2,2,4,April,April,2013-04,15,Thursday,False,11,2013 Q2
2013-04-12,2013,Q2,2,4,April,April,2013-04,15,Friday,False,12,2013 Q2
2013-04-13,2013,Q2,2,4,April,April,2013-04,15,Saturday,True,13,2013 Q2
2013-04-14,2013,Q2,2,4,April,April,2013-04,15,Sunday,True,14,2013 Q2
2013-04-15,2013,Q2,2,4,April,April,2013-04,16,Monday,False,15,2013 Q2
2013-04-16,2013,Q2,2,4,April,April,2013-04,16,Tuesday,False,16,2013 Q2
2013-04-17,2013,Q2,2,4,April,April,2013-04,16,Wednesday,False,17,2013 Q2
2013-04-18,2013,Q2,2,4,April,April,2013-04,16,Thursday,False,18,2013 Q2
2013-04-19,2013,Q2,2,4,April,April,2013-04,16,Friday,False,19,2013 Q2
2013-04-20,2013,Q2,2,4,April,April,2013-04,16,Saturday,True,20,2013 Q2
2013-04-21,2013,Q2,2,4,April,April,2013-04,16,Sunday,True,21,2013 Q2
2013-04-22,2013,Q2,2,4,April,April,2013-04,17,Monday,False,22,2013 Q2
2013-04-23,2013,Q2,2,4,April,April,2013-04,17,Tuesday,False,23,2013 Q2
2013-04-24,2013,Q2,2,4,April,April,2013-04,17,Wednesday,False,24,2013 Q2
2013-04-25,2013,Q2,2,4,April,April,2013-04,17,Thursday,False,25,2013 Q2
2013-04-26,2013,Q2,2,4,April,April,2013-04,17,Friday,False,26,2013 Q2
2013-04-27,2013,Q2,2,4,April,April,2013-04,17,Saturday,True,27,2013 Q2
2013-04-28,2013,Q2,2,4,April,April,2013-04,17,Sunday,True,28,2013 Q2
2013-04-29,2013,Q2,2,4,April,April,2013-04,18,Monday,False,29,2013 Q2
2013-04-30,2013,Q2,2,4,April,April,2013-04,18,Tuesday,False,30,2013 Q2
2013-05-01,2013,Q2,2,5,Mai,May,2013-05,18,Wednesday,False,1,2013 Q2
2013-05-02,2013,Q2,2,5,Mai,May,2013-05,18,Thursday,False,2,2013 Q2
2013-05-03,2013,Q2,2,5,Mai,May,2013-05,18,Friday,False,3,2013 Q2
2013-05-04,2013,Q2,2,5,Mai,May,2013-05,18,Saturday,True,4,2013 Q2
2013-05-05,2013,Q2,2,5,Mai,May,2013-05,18,Sunday,True,5,2013 Q2
2013-05-06,2013,Q2,2,5,Mai,May,2013-05,19,Monday,False,6,2013 Q2
2013-05-07,2013,Q2,2,5,Mai,May,2013-05,19,Tuesday,False,7,2013 Q2
2013-05-08,2013,Q2,2,5,Mai,May,2013-05,19,Wednesday,False,8,2013 Q2
2013-05-09,2013,Q2,2,5,Mai,May,2013-05,19,Thursday,False,9,2013 Q2
2013-05-10,2013,Q2,2,5,Mai,May,2013-05,19,Friday,False,10,2013 Q2
2013-05-11,2013,Q2,2,5,Mai,May,2013-05,19,Saturday,True,11,2013 Q2
2013-05-12,2013,Q2,2,5,Mai,May,2013-05,19,Sunday,True,12,2013 Q2
2013-05-13,2013,Q2,2,5,Mai,May,2013-05,20,Monday,False,13,2013 Q2
2013-05-14,2013,Q2,2,5,Mai,May,2013-05,20,Tuesday,False,14,2013 Q2
2013-05-15,2013,Q2,2,5,Mai,May,2013-05,20,Wednesday,False,15,2013 Q2
2013-05-16,2013,Q2,2,5,Mai,May,2013-05,20,Thursday,False,16,2013 Q2
2013-05-17,2013,Q2,2,5,Mai,May,2013-05,20,Friday,False,17,2013 Q2
2013-05-18,2013,Q2,2,5,Mai,May,2013-05,20,Saturday,True,18,2013 Q2
2013-05-19,2013,Q2,2,5,Mai,May,2013-05,20,Sunday,True,19,2013 Q2
2013-05-20,2013,Q2,2,5,Mai,May,2013-05,21,Monday,False,20,2013 Q2
2013-05-21,2013,Q2,2,5,Mai,May,2013-05,21,Tuesday,False,21,2013 Q2
2013-05-22,2013,Q2,2,5,Mai,May,2013-05,21,Wednesday,False,22,2013 Q2
2013-05-23,2013,Q2,2,5,Mai,May,2013-05,21,Thursday,False,23,2013 Q2
2013-05-24,2013,Q2,2,5,Mai,May,2013-05,21,Friday,False,24,2013 Q2
2013-05-25,2013,Q2,2,5,Mai,May,2013-05,21,Saturday,True,25,2013 Q2
2013-05-26,2013,Q2,2,5,Mai,May,2013-05,21,Sunday,True,26,2013 Q2
2013-05-27,2013,Q2,2,5,Mai,May,2013-05,22,Monday,False,27,2013 Q2
2013-05-28,2013,Q2,2,5,Mai,May,2013-05,22,Tuesday,False,28,2013 Q2
2013-05-29,2013,Q2,2,5,Mai,May,2013-05,22,Wednesday,False,29,2013 Q2
2013-05-30,2013,Q2,2,5,Mai,May,2013-05,22,Thursday,False,30,2013 Q2
2013-05-31,2013,Q2,2,5,Mai,May,2013-05,22,Friday,False,31,2013 Q2
2013-06-01,2013,Q2,2,6,Juni,June,2013-06,22,Saturday,True,1,2013 Q2
2013-06-02,2013,Q2,2,6,Juni,June,2013-06,22,Sunday,True,2,2013 Q2
2013-06-03,2013,Q2,2,6,Juni,June,2013-06,23,Monday,False,3,2013 Q2
2013-06-04,2013,Q2,2,6,Juni,June,2013-06,23,Tuesday,False,4,2013 Q2
2013-06-05,2013,Q2,2,6,Juni,June,2013-06,23,Wednesday,False,5,2013 Q2
2013-06-06,2013,Q2,2,6,Juni,June,2013-06,23,Thursday,False,6,2013 Q2
2013-06-07,2013,Q2,2,6,Juni,June,2013-06,23,Friday,False,7,2013 Q2
2013-06-08,2013,Q2,2,6,Juni,June,2013-06,23,Saturday,True,8,2013 Q2
2013-06-09,2013,Q2,2,6,Juni,June,2013-06,23,Sunday,True,9,2013 Q2
2013-06-10,2013,Q2,2,6,Juni,June,2013-06,24,Monday,False,10,2013 Q2
2013-06-11,2013,Q2,2,6,Juni,June,2013-06,24,Tuesday,False,11,2013 Q2
2013-06-12,2013,Q2,2,6,Juni,June,2013-06,24,Wednesday,False,12,2013 Q2
2013-06-13,2013,Q2,2,6,Juni,June,2013-06,24,Thursday,False,13,2013 Q2
2013-06-14,2013,Q2,2,6,Juni,June,2013-06,24,Friday,False,14,2013 Q2
2013-06-15,2013,Q2,2,6,Juni,June,2013-06,24,Saturday,True,15,2013 Q2
2013-06-16,2013,Q2,2,6,Juni,June,2013-06,24,Sunday,True,16,2013 Q2
2013-06-17,2013,Q2,2,6,Juni,June,2013-06,25,Monday,False,17,2013 Q2
2013-06-18,2013,Q2,2,6,Juni,June,2013-06,25,Tuesday,False,18,2013 Q2
2013-06-19,2013,Q2,2,6,Juni,June,2013-06,25,Wednesday,False,19,2013 Q2
2013-06-20,2013,Q2,2,6,Juni,June,2013-06,25,Thursday,False,20,2013 Q2
2013-06-21,2013,Q2,2,6,Juni,June,2013-06,25,Friday,False,21,2013 Q2
2013-06-22,2013,Q2,2,6,Juni,June,2013-06,25,Saturday,True,22,2013 Q2
2013-06-23,2013,Q2,2,6,Juni,June,2013-06,25,Sunday,True,23,2013 Q2
2013-06-24,2013,Q2,2,6,Juni,June,2013-06,26,Monday,False,24,2013 Q2
2013-06-25,2013,Q2,2,6,Juni,June,2013-06,26,Tuesday,False,25,2013 Q2
2013-06-26,2013,Q2,2,6,Juni,June,2013-06,26,Wednesday,False,26,2013 Q2
2013-06-27,2013,Q2,2,6,Juni,June,2013-06,26,Thursday,False,27,2013 Q2
2013-06-28,2013,Q2,2,6,Juni,June,2013-06,26,Friday,False,28,2013 Q2
2013-06-29,2013,Q2,2,6,Juni,June,2013-06,26,Saturday,True,29,2013 Q2
2013-06-30,2013,Q2,2,6,Juni,June,2013-06,26,Sunday,True,30,2013 Q2
2013-07-01,2013,Q3,3,7,Juli,July,2013-07,27,Monday,False,1,2013 Q3
2013-07-02,2013,Q3,3,7,Juli,July,2013-07,27,Tuesday,False,2,2013 Q3
2013-07-03,2013,Q3,3,7,Juli,July,2013-07,27,Wednesday,False,3,2013 Q3
2013-07-04,2013,Q3,3,7,Juli,July,2013-07,27,Thursday,False,4,2013 Q3
2013-07-05,2013,Q3,3,7,Juli,July,2013-07,27,Friday,False,5,2013 Q3
2013-07-06,2013,Q3,3,7,Juli,July,2013-07,27,Saturday,True,6,2013 Q3
2013-07-07,2013,Q3,3,7,Juli,July,2013-07,27,Sunday,True,7,2013 Q3
2013-07-08,2013,Q3,3,7,Juli,July,2013-07,28,Monday,False,8,2013 Q3
2013-07-09,2013,Q3,3,7,Juli,July,2013-07,28,Tuesday,False,9,2013 Q3
2013-07-10,2013,Q3,3,7,Juli,July,2013-07,28,Wednesday,False,10,2013 Q3
2013-07-11,2013,Q3,3,7,Juli,July,2013-07,28,Thursday,False,11,2013 Q3
2013-07-12,2013,Q3,3,7,Juli,July,2013-07,28,Friday,False,12,2013 Q3
2013-07-13,2013,Q3,3,7,Juli,July,2013-07,28,Saturday,True,13,2013 Q3
2013-07-14,2013,Q3,3,7,Juli,July,2013-07,28,Sunday,True,14,2013 Q3
2013-07-15,2013,Q3,3,7,Juli,July,2013-07,29,Monday,False,15,2013 Q3
2013-07-16,2013,Q3,3,7,Juli,July,2013-07,29,Tuesday,False,16,2013 Q3
2013-07-17,2013,Q3,3,7,Juli,July,2013-07,29,Wednesday,False,17,2013 Q3
2013-07-18,2013,Q3,3,7,Juli,July,2013-07,29,Thursday,False,18,2013 Q3
2013-07-19,2013,Q3,3,7,Juli,July,2013-07,29,Friday,False,19,2013 Q3
2013-07-20,2013,Q3,3,7,Juli,July,2013-07,29,Saturday,True,20,2013 Q3
2013-07-21,2013,Q3,3,7,Juli,July,2013-07,29,Sunday,True,21,2013 Q3
2013-07-22,2013,Q3,3,7,Juli,July,2013-07,30,Monday,False,22,2013 Q3
2013-07-23,2013,Q3,3,7,Juli,July,2013-07,30,Tuesday,False,23,2013 Q3
2013-07-24,2013,Q3,3,7,Juli,July,2013-07,30,Wednesday,False,24,2013 Q3
2013-07-25,2013,Q3,3,7,Juli,July,2013-07,30,Thursday,False,25,2013 Q3
2013-07-26,2013,Q3,3,7,Juli,July,2013-07,30,Friday,False,26,2013 Q3
2013-07-27,2013,Q3,3,7,Juli,July,2013-07,30,Saturday,True,27,2013 Q3
2013-07-28,2013,Q3,3,7,Juli,July,2013-07,30,Sunday,True,28,2013 Q3
2013-07-29,2013,Q3,3,7,Juli,July,2013-07,31,Monday,False,29,2013 Q3
2013-07-30,2013,Q3,3,7,Juli,July,2013-07,31,Tuesday,False,30,2013 Q3
2013-07-31,2013,Q3,3,7,Juli,July,2013-07,31,Wednesday,False,31,2013 Q3
2013-08-01,2013,Q3,3,8,August,August,2013-08,31,Thursday,False,1,2013 Q3
2013-08-02,2013,Q3,3,8,August,August,2013-08,31,Friday,False,2,2013 Q3
2013-08-03,2013,Q3,3,8,August,August,2013-08,31,Saturday,True,3,2013 Q3
2013-08-04,2013,Q3,3,8,August,August,2013-08,31,Sunday,True,4,2013 Q3
2013-08-05,2013,Q3,3,8,August,August,2013-08,32,Monday,False,5,2013 Q3
2013-08-06,2013,Q3,3,8,August,August,2013-08,32,Tuesday,False,6,2013 Q3
2013-08-07,2013,Q3,3,8,August,August,2013-08,32,Wednesday,False,7,2013 Q3
2013-08-08,2013,Q3,3,8,August,August,2013-08,32,Thursday,False,8,2013 Q3
2013-08-09,2013,Q3,3,8,August,August,2013-08,32,Friday,False,9,2013 Q3
2013-08-10,2013,Q3,3,8,August,August,2013-08,32,Saturday,True,10,2013 Q3
2013-08-11,2013,Q3,3,8,August,August,2013-08,32,Sunday,True,11,2013 Q3
2013-08-12,2013,Q3,3,8,August,August,2013-08,33,Monday,False,12,2013 Q3
2013-08-13,2013,Q3,3,8,August,August,2013-08,33,Tuesday,False,13,2013 Q3
2013-08-14,2013,Q3,3,8,August,August,2013-08,33,Wednesday,False,14,2013 Q3
2013-08-15,2013,Q3,3,8,August,August,2013-08,33,Thursday,False,15,2013 Q3
2013-08-16,2013,Q3,3,8,August,August,2013-08,33,Friday,False,16,2013 Q3
2013-08-17,2013,Q3,3,8,August,August,2013-08,33,Saturday,True,17,2013 Q3
2013-08-18,2013,Q3,3,8,August,August,2013-08,33,Sunday,True,18,2013 Q3
2013-08-19,2013,Q3,3,8,August,August,2013-08,34,Monday,False,19,2013 Q3
2013-08-20,2013,Q3,3,8,August,August,2013-08,34,Tuesday,False,20,2013 Q3
2013-08-21,2013,Q3,3,8,August,August,2013-08,34,Wednesday,False,21,2013 Q3
2013-08-22,2013,Q3,3,8,August,August,2013-08,34,Thursday,False,22,2013 Q3
2013-08-23,2013,Q3,3,8,August,August,2013-08,34,Friday,False,23,2013 Q3
2013-08-24,2013,Q3,3,8,August,August,2013-08,34,Saturday,True,24,2013 Q3
2013-08-25,2013,Q3,3,8,August,August,2013-08,34,Sunday,True,25,2013 Q3
2013-08-26,2013,Q3,3,8,August,August,2013-08,35,Monday,False,26,2013 Q3
2013-08-27,2013,Q3,3,8,August,August,2013-08,35,Tuesday,False,27,2013 Q3
2013-08-28,2013,Q3,3,8,August,August,2013-08,35,Wednesday,False,28,2013 Q3
2013-08-29,2013,Q3,3,8,August,August,2013-08,35,Thursday,False,29,2013 Q3
2013-08-30,2013,Q3,3,8,August,August,2013-08,35,Friday,False,30,2013 Q3
2013-08-31,2013,Q3,3,8,August,August,2013-08,35,Saturday,True,31,2013 Q3
2013-09-01,2013,Q3,3,9,September,September,2013-09,35,Sunday,True,1,2013 Q3
2013-09-02,2013,Q3,3,9,September,September,2013-09,36,Monday,False,2,2013 Q3
2013-09-03,2013,Q3,3,9,September,September,2013-09,36,Tuesday,False,3,2013 Q3
2013-09-04,2013,Q3,3,9,September,September,2013-09,36,Wednesday,False,4,2013 Q3
2013-09-05,2013,Q3,3,9,September,September,2013-09,36,Thursday,False,5,2013 Q3
2013-09-06,2013,Q3,3,9,September,September,2013-09,36,Friday,False,6,2013 Q3
2013-09-07,2013,Q3,3,9,September,September,2013-09,36,Saturday,True,7,2013 Q3
2013-09-08,2013,Q3,3,9,September,September,2013-09,36,Sunday,True,8,2013 Q3
2013-09-09,2013,Q3,3,9,September,September,2013-09,37,Monday,False,9,2013 Q3
2013-09-10,2013,Q3,3,9,September,September,2013-09,37,Tuesday,False,10,2013 Q3
2013-09-11,2013,Q3,3,9,September,September,2013-09,37,Wednesday,False,11,2013 Q3
2013-09-12,2013,Q3,3,9,September,September,2013-09,37,Thursday,False,12,2013 Q3
2013-09-13,2013,Q3,3,9,September,September,2013-09,37,Friday,False,13,2013 Q3
2013-09-14,2013,Q3,3,9,September,September,2013-09,37,Saturday,True,14,2013 Q3
2013-09-15,2013,Q3,3,9,September,September,2013-09,37,Sunday,True,15,2013 Q3
2013-09-16,2013,Q3,3,9,September,September,2013-09,38,Monday,False,16,2013 Q3
2013-09-17,2013,Q3,3,9,September,September,2013-09,38,Tuesday,False,17,2013 Q3
2013-09-18,2013,Q3,3,9,September,September,2013-09,38,Wednesday,False,18,2013 Q3
2013-09-19,2013,Q3,3,9,September,September,2013-09,38,Thursday,False,19,2013 Q3
2013-09-20,2013,Q3,3,9,September,September,2013-09,38,Friday,False,20,2013 Q3
2013-09-21,2013,Q3,3,9,September,September,2013-09,38,Saturday,True,21,2013 Q3
2013-09-22,2013,Q3,3,9,September,September,2013-09,38,Sunday,True,22,2013 Q3
2013-09-23,2013,Q3,3,9,September,September,2013-09,39,Monday,False,23,2013 Q3
2013-09-24,2013,Q3,3,9,September,September,2013-09,39,Tuesday,False,24,2013 Q3
2013-09-25,2013,Q3,3,9,September,September,2013-09,39,Wednesday,False,25,2013 Q3
2013-09-26,2013,Q3,3,9,September,September,2013-09,39,Thursday,False,26,2013 Q3
2013-09-27,2013,Q3,3,9,September,September,2013-09,39,Friday,False,27,2013 Q3
2013-09-28,2013,Q3,3,9,September,September,2013-09,39,Saturday,True,28,2013 Q3
2013-09-29,2013,Q3,3,9,September,September,2013-09,39,Sunday,True,29,2013 Q3
2013-09-30,2013,Q3,3,9,September,September,2013-09,40,Monday,False,30,2013 Q3
2013-10-01,2013,Q4,4,10,Oktober,October,2013-10,40,Tuesday,False,1,2013 Q4
2013-10-02,2013,Q4,4,10,Oktober,October,2013-10,40,Wednesday,False,2,2013 Q4
2013-10-03,2013,Q4,4,10,Oktober,October,2013-10,40,Thursday,False,3,2013 Q4
2013-10-04,2013,Q4,4,10,Oktober,October,2013-10,40,Friday,False,4,2013 Q4
2013-10-05,2013,Q4,4,10,Oktober,October,2013-10,40,Saturday,True,5,2013 Q4
2013-10-06,2013,Q4,4,10,Oktober,October,2013-10,40,Sunday,True,6,2013 Q4
2013-10-07,2013,Q4,4,10,Oktober,October,2013-10,41,Monday,False,7,2013 Q4
2013-10-08,2013,Q4,4,10,Oktober,October,2013-10,41,Tuesday,False,8,2013 Q4
2013-10-09,2013,Q4,4,10,Oktober,October,2013-10,41,Wednesday,False,9,2013 Q4
2013-10-10,2013,Q4,4,10,Oktober,October,2013-10,41,Thursday,False,10,2013 Q4
2013-10-11,2013,Q4,4,10,Oktober,October,2013-10,41,Friday,False,11,2013 Q4
2013-10-12,2013,Q4,4,10,Oktober,October,2013-10,41,Saturday,True,12,2013 Q4
2013-10-13,2013,Q4,4,10,Oktober,October,2013-10,41,Sunday,True,13,2013 Q4
2013-10-14,2013,Q4,4,10,Oktober,October,2013-10,42,Monday,False,14,2013 Q4
2013-10-15,2013,Q4,4,10,Oktober,October,2013-10,42,Tuesday,False,15,2013 Q4
2013-10-16,2013,Q4,4,10,Oktober,October,2013-10,42,Wednesday,False,16,2013 Q4
2013-10-17,2013,Q4,4,10,Oktober,October,2013-10,42,Thursday,False,17,2013 Q4
2013-10-18,2013,Q4,4,10,Oktober,October,2013-10,42,Friday,False,18,2013 Q4
2013-10-19,2013,Q4,4,10,Oktober,October,2013-10,42,Saturday,True,19,2013 Q4
2013-10-20,2013,Q4,4,10,Oktober,October,2013-10,42,Sunday,True,20,2013 Q4
2013-10-21,2013,Q4,4,10,Oktober,October,2013-10,43,Monday,False,21,2013 Q4
2013-10-22,2013,Q4,4,10,Oktober,October,2013-10,43,Tuesday,False,22,2013 Q4
2013-10-23,2013,Q4,4,10,Oktober,October,2013-10,43,Wednesday,False,23,2013 Q4
2013-10-24,2013,Q4,4,10,Oktober,October,2013-10,43,Thursday,False,24,2013 Q4
2013-10-25,2013,Q4,4,10,Oktober,October,2013-10,43,Friday,False,25,2013 Q4
2013-10-26,2013,Q4,4,10,Oktober,October,2013-10,43,Saturday,True,26,2013 Q4
2013-10-27,2013,Q4,4,10,Oktober,October,2013-10,43,Sunday,True,27,2013 Q4
2013-10-28,2013,Q4,4,10,Oktober,October,2013-10,44,Monday,False,28,2013 Q4
2013-10-29,2013,Q4,4,10,Oktober,October,2013-10,44,Tuesday,False,29,2013 Q4
2013-10-30,2013,Q4,4,10,Oktober,October,2013-10,44,Wednesday,False,30,2013 Q4
2013-10-31,2013,Q4,4,10,Oktober,October,2013-10,44,Thursday,False,31,2013 Q4
2013-11-01,2013,Q4,4,11,November,November,2013-11,44,Friday,False,1,2013 Q4
2013-11-02,2013,Q4,4,11,November,November,2013-11,44,Saturday,True,2,2013 Q4
2013-11-03,2013,Q4,4,11,November,November,2013-11,44,Sunday,True,3,2013 Q4
2013-11-04,2013,Q4,4,11,November,November,2013-11,45,Monday,False,4,2013 Q4
2013-11-05,2013,Q4,4,11,November,November,2013-11,45,Tuesday,False,5,2013 Q4
2013-11-06,2013,Q4,4,11,November,November,2013-11,45,Wednesday,False,6,2013 Q4
2013-11-07,2013,Q4,4,11,November,November,2013-11,45,Thursday,False,7,2013 Q4
2013-11-08,2013,Q4,4,11,November,November,2013-11,45,Friday,False,8,2013 Q4
2013-11-09,2013,Q4,4,11,November,November,2013-11,45,Saturday,True,9,2013 Q4
2013-11-10,2013,Q4,4,11,November,November,2013-11,45,Sunday,True,10,2013 Q4
2013-11-11,2013,Q4,4,11,November,November,2013-11,46,Monday,False,11,2013 Q4
2013-11-12,2013,Q4,4,11,November,November,2013-11,46,Tuesday,False,12,2013 Q4
2013-11-13,2013,Q4,4,11,November,November,2013-11,46,Wednesday,False,13,2013 Q4
2013-11-14,2013,Q4,4,11,November,November,2013-11,46,Thursday,False,14,2013 Q4
2013-11-15,2013,Q4,4,11,November,November,2013-11,46,Friday,False,15,2013 Q4
2013-11-16,2013,Q4,4,11,November,November,2013-11,46,Saturday,True,16,2013 Q4
2013-11-17,2013,Q4,4,11,November,November,2013-11,46,Sunday,True,17,2013 Q4
2013-11-18,2013,Q4,4,11,November,November,2013-11,47,Monday,False,18,2013 Q4
2013-11-19,2013,Q4,4,11,November,November,2013-11,47,Tuesday,False,19,2013 Q4
2013-11-20,2013,Q4,4,11,November,November,2013-11,47,Wednesday,False,20,2013 Q4
2013-11-21,2013,Q4,4,11,November,November,2013-11,47,Thursday,False,21,2013 Q4
2013-11-22,2013,Q4,4,11,November,November,2013-11,47,Friday,False,22,2013 Q4
2013-11-23,2013,Q4,4,11,November,November,2013-11,47,Saturday,True,23,2013 Q4
2013-11-24,2013,Q4,4,11,November,November,2013-11,47,Sunday,True,24,2013 Q4
2013-11-25,2013,Q4,4,11,November,November,2013-11,48,Monday,False,25,2013 Q4
2013-11-26,2013,Q4,4,11,November,November,2013-11,48,Tuesday,False,26,2013 Q4
2013-11-27,2013,Q4,4,11,November,November,2013-11,48,Wednesday,False,27,2013 Q4
2013-11-28,2013,Q4,4,11,November,November,2013-11,48,Thursday,False,28,2013 Q4
2013-11-29,2013,Q4,4,11,November,November,2013-11,48,Friday,False,29,2013 Q4
2013-11-30,2013,Q4,4,11,November,November,2013-11,48,Saturday,True,30,2013 Q4
2013-12-01,2013,Q4,4,12,Dezember,December,2013-12,48,Sunday,True,1,2013 Q4
2013-12-02,2013,Q4,4,12,Dezember,December,2013-12,49,Monday,False,2,2013 Q4
2013-12-03,2013,Q4,4,12,Dezember,December,2013-12,49,Tuesday,False,3,2013 Q4
2013-12-04,2013,Q4,4,12,Dezember,December,2013-12,49,Wednesday,False,4,2013 Q4
2013-12-05,2013,Q4,4,12,Dezember,December,2013-12,49,Thursday,False,5,2013 Q4
2013-12-06,2013,Q4,4,12,Dezember,December,2013-12,49,Friday,False,6,2013 Q4
2013-12-07,2013,Q4,4,12,Dezember,December,2013-12,49,Saturday,True,7,2013 Q4
2013-12-08,2013,Q4,4,12,Dezember,December,2013-12,49,Sunday,True,8,2013 Q4
2013-12-09,2013,Q4,4,12,Dezember,December,2013-12,50,Monday,False,9,2013 Q4
2013-12-10,2013,Q4,4,12,Dezember,December,2013-12,50,Tuesday,False,10,2013 Q4
2013-12-11,2013,Q4,4,12,Dezember,December,2013-12,50,Wednesday,False,11,2013 Q4
2013-12-12,2013,Q4,4,12,Dezember,December,2013-12,50,Thursday,False,12,2013 Q4
2013-12-13,2013,Q4,4,12,Dezember,December,2013-12,50,Friday,False,13,2013 Q4
2013-12-14,2013,Q4,4,12,Dezember,December,2013-12,50,Saturday,True,14,2013 Q4
2013-12-15,2013,Q4,4,12,Dezember,December,2013-12,50,Sunday,True,15,2013 Q4
2013-12-16,2013,Q4,4,12,Dezember,December,2013-12,51,Monday,False,16,2013 Q4
2013-12-17,2013,Q4,4,12,Dezember,December,2013-12,51,Tuesday,False,17,2013 Q4
2013-12-18,2013,Q4,4,12,Dezember,December,2013-12,51,Wednesday,False,18,2013 Q4
2013-12-19,2013,Q4,4,12,Dezember,December,2013-12,51,Thursday,False,19,2013 Q4
2013-12-20,2013,Q4,4,12,Dezember,December,2013-12,51,Friday,False,20,2013 Q4
2013-12-21,2013,Q4,4,12,Dezember,December,2013-12,51,Saturday,True,21,2013 Q4
2013-12-22,2013,Q4,4,12,Dezember,December,2013-12,51,Sunday,True,22,2013 Q4
2013-12-23,2013,Q4,4,12,Dezember,December,2013-12,52,Monday,False,23,2013 Q4
2013-12-24,2013,Q4,4,12,Dezember,December,2013-12,52,Tuesday,False,24,2013 Q4
2013-12-25,2013,Q4,4,12,Dezember,December,2013-12,52,Wednesday,False,25,2013 Q4
2013-12-26,2013,Q4,4,12,Dezember,December,2013-12,52,Thursday,False,26,2013 Q4
2013-12-27,2013,Q4,4,12,Dezember,December,2013-12,52,Friday,False,27,2013 Q4
2013-12-28,2013,Q4,4,12,Dezember,December,2013-12,52,Saturday,True,28,2013 Q4
2013-12-29,2013,Q4,4,12,Dezember,December,2013-12,52,Sunday,True,29,2013 Q4
2013-12-30,2013,Q4,4,12,Dezember,December,2013-12,1,Monday,False,30,2013 Q4
2013-12-31,2013,Q4,4,12,Dezember,December,2013-12,1,Tuesday,False,31,2013 Q4
2014-01-01,2014,Q1,1,1,Januar,January,2014-01,1,Wednesday,False,1,2014 Q1
2014-01-02,2014,Q1,1,1,Januar,January,2014-01,1,Thursday,False,2,2014 Q1
2014-01-03,2014,Q1,1,1,Januar,January,2014-01,1,Friday,False,3,2014 Q1
2014-01-04,2014,Q1,1,1,Januar,January,2014-01,1,Saturday,True,4,2014 Q1
2014-01-05,2014,Q1,1,1,Januar,January,2014-01,1,Sunday,True,5,2014 Q1
2014-01-06,2014,Q1,1,1,Januar,January,2014-01,2,Monday,False,6,2014 Q1
2014-01-07,2014,Q1,1,1,Januar,January,2014-01,2,Tuesday,False,7,2014 Q1
2014-01-08,2014,Q1,1,1,Januar,January,2014-01,2,Wednesday,False,8,2014 Q1
2014-01-09,2014,Q1,1,1,Januar,January,2014-01,2,Thursday,False,9,2014 Q1
2014-01-10,2014,Q1,1,1,Januar,January,2014-01,2,Friday,False,10,2014 Q1
2014-01-11,2014,Q1,1,1,Januar,January,2014-01,2,Saturday,True,11,2014 Q1
2014-01-12,2014,Q1,1,1,Januar,January,2014-01,2,Sunday,True,12,2014 Q1
2014-01-13,2014,Q1,1,1,Januar,January,2014-01,3,Monday,False,13,2014 Q1
2014-01-14,2014,Q1,1,1,Januar,January,2014-01,3,Tuesday,False,14,2014 Q1
2014-01-15,2014,Q1,1,1,Januar,January,2014-01,3,Wednesday,False,15,2014 Q1
2014-01-16,2014,Q1,1,1,Januar,January,2014-01,3,Thursday,False,16,2014 Q1
2014-01-17,2014,Q1,1,1,Januar,January,2014-01,3,Friday,False,17,2014 Q1
2014-01-18,2014,Q1,1,1,Januar,January,2014-01,3,Saturday,True,18,2014 Q1
2014-01-19,2014,Q1,1,1,Januar,January,2014-01,3,Sunday,True,19,2014 Q1
2014-01-20,2014,Q1,1,1,Januar,January,2014-01,4,Monday,False,20,2014 Q1
2014-01-21,2014,Q1,1,1,Januar,January,2014-01,4,Tuesday,False,21,2014 Q1
2014-01-22,2014,Q1,1,1,Januar,January,2014-01,4,Wednesday,False,22,2014 Q1
2014-01-23,2014,Q1,1,1,Januar,January,2014-01,4,Thursday,False,23,2014 Q1
2014-01-24,2014,Q1,1,1,Januar,January,2014-01,4,Friday,False,24,2014 Q1
2014-01-25,2014,Q1,1,1,Januar,January,2014-01,4,Saturday,True,25,2014 Q1
2014-01-26,2014,Q1,1,1,Januar,January,2014-01,4,Sunday,True,26,2014 Q1
2014-01-27,2014,Q1,1,1,Januar,January,2014-01,5,Monday,False,27,2014 Q1
2014-01-28,2014,Q1,1,1,Januar,January,2014-01,5,Tuesday,False,28,2014 Q1
2014-01-29,2014,Q1,1,1,Januar,January,2014-01,5,Wednesday,False,29,2014 Q1
2014-01-30,2014,Q1,1,1,Januar,January,2014-01,5,Thursday,False,30,2014 Q1
2014-01-31,2014,Q1,1,1,Januar,January,2014-01,5,Friday,False,31,2014 Q1
2014-02-01,2014,Q1,1,2,Februar,February,2014-02,5,Saturday,True,1,2014 Q1
2014-02-02,2014,Q1,1,2,Februar,February,2014-02,5,Sunday,True,2,2014 Q1
2014-02-03,2014,Q1,1,2,Februar,February,2014-02,6,Monday,False,3,2014 Q1
2014-02-04,2014,Q1,1,2,Februar,February,2014-02,6,Tuesday,False,4,2014 Q1
2014-02-05,2014,Q1,1,2,Februar,February,2014-02,6,Wednesday,False,5,2014 Q1
2014-02-06,2014,Q1,1,2,Februar,February,2014-02,6,Thursday,False,6,2014 Q1
2014-02-07,2014,Q1,1,2,Februar,February,2014-02,6,Friday,False,7,2014 Q1
2014-02-08,2014,Q1,1,2,Februar,February,2014-02,6,Saturday,True,8,2014 Q1
2014-02-09,2014,Q1,1,2,Februar,February,2014-02,6,Sunday,True,9,2014 Q1
2014-02-10,2014,Q1,1,2,Februar,February,2014-02,7,Monday,False,10,2014 Q1
2014-02-11,2014,Q1,1,2,Februar,February,2014-02,7,Tuesday,False,11,2014 Q1
2014-02-12,2014,Q1,1,2,Februar,February,2014-02,7,Wednesday,False,12,2014 Q1
2014-02-13,2014,Q1,1,2,Februar,February,2014-02,7,Thursday,False,13,2014 Q1
2014-02-14,2014,Q1,1,2,Februar,February,2014-02,7,Friday,False,14,2014 Q1
2014-02-15,2014,Q1,1,2,Februar,February,2014-02,7,Saturday,True,15,2014 Q1
2014-02-16,2014,Q1,1,2,Februar,February,2014-02,7,Sunday,True,16,2014 Q1
2014-02-17,2014,Q1,1,2,Februar,February,2014-02,8,Monday,False,17,2014 Q1
2014-02-18,2014,Q1,1,2,Februar,February,2014-02,8,Tuesday,False,18,2014 Q1
2014-02-19,2014,Q1,1,2,Februar,February,2014-02,8,Wednesday,False,19,2014 Q1
2014-02-20,2014,Q1,1,2,Februar,February,2014-02,8,Thursday,False,20,2014 Q1
2014-02-21,2014,Q1,1,2,Februar,February,2014-02,8,Friday,False,21,2014 Q1
2014-02-22,2014,Q1,1,2,Februar,February,2014-02,8,Saturday,True,22,2014 Q1
2014-02-23,2014,Q1,1,2,Februar,February,2014-02,8,Sunday,True,23,2014 Q1
2014-02-24,2014,Q1,1,2,Februar,February,2014-02,9,Monday,False,24,2014 Q1
2014-02-25,2014,Q1,1,2,Februar,February,2014-02,9,Tuesday,False,25,2014 Q1
2014-02-26,2014,Q1,1,2,Februar,February,2014-02,9,Wednesday,False,26,2014 Q1
2014-02-27,2014,Q1,1,2,Februar,February,2014-02,9,Thursday,False,27,2014 Q1
2014-02-28,2014,Q1,1,2,Februar,February,2014-02,9,Friday,False,28,2014 Q1
2014-03-01,2014,Q1,1,3,März,March,2014-03,9,Saturday,True,1,2014 Q1
2014-03-02,2014,Q1,1,3,März,March,2014-03,9,Sunday,True,2,2014 Q1
2014-03-03,2014,Q1,1,3,März,March,2014-03,10,Monday,False,3,2014 Q1
2014-03-04,2014,Q1,1,3,März,March,2014-03,10,Tuesday,False,4,2014 Q1
2014-03-05,2014,Q1,1,3,März,March,2014-03,10,Wednesday,False,5,2014 Q1
2014-03-06,2014,Q1,1,3,März,March,2014-03,10,Thursday,False,6,2014 Q1
2014-03-07,2014,Q1,1,3,März,March,2014-03,10,Friday,False,7,2014 Q1
2014-03-08,2014,Q1,1,3,März,March,2014-03,10,Saturday,True,8,2014 Q1
2014-03-09,2014,Q1,1,3,März,March,2014-03,10,Sunday,True,9,2014 Q1
2014-03-10,2014,Q1,1,3,März,March,2014-03,11,Monday,False,10,2014 Q1
2014-03-11,2014,Q1,1,3,März,March,2014-03,11,Tuesday,False,11,2014 Q1
2014-03-12,2014,Q1,1,3,März,March,2014-03,11,Wednesday,False,12,2014 Q1
2014-03-13,2014,Q1,1,3,März,March,2014-03,11,Thursday,False,13,2014 Q1
2014-03-14,2014,Q1,1,3,März,March,2014-03,11,Friday,False,14,2014 Q1
2014-03-15,2014,Q1,1,3,März,March,2014-03,11,Saturday,True,15,2014 Q1
2014-03-16,2014,Q1,1,3,März,March,2014-03,11,Sunday,True,16,2014 Q1
2014-03-17,2014,Q1,1,3,März,March,2014-03,12,Monday,False,17,2014 Q1
2014-03-18,2014,Q1,1,3,März,March,2014-03,12,Tuesday,False,18,2014 Q1
2014-03-19,2014,Q1,1,3,März,March,2014-03,12,Wednesday,False,19,2014 Q1
2014-03-20,2014,Q1,1,3,März,March,2014-03,12,Thursday,False,20,2014 Q1
2014-03-21,2014,Q1,1,3,März,March,2014-03,12,Friday,False,21,2014 Q1
2014-03-22,2014,Q1,1,3,März,March,2014-03,12,Saturday,True,22,2014 Q1
2014-03-23,2014,Q1,1,3,März,March,2014-03,12,Sunday,True,23,2014 Q1
2014-03-24,2014,Q1,1,3,März,March,2014-03,13,Monday,False,24,2014 Q1
2014-03-25,2014,Q1,1,3,März,March,2014-03,13,Tuesday,False,25,2014 Q1
2014-03-26,2014,Q1,1,3,März,March,2014-03,13,Wednesday,False,26,2014 Q1
2014-03-27,2014,Q1,1,3,März,March,2014-03,13,Thursday,False,27,2014 Q1
2014-03-28,2014,Q1,1,3,März,March,2014-03,13,Friday,False,28,2014 Q1
2014-03-29,2014,Q1,1,3,März,March,2014-03,13,Saturday,True,29,2014 Q1
2014-03-30,2014,Q1,1,3,März,March,2014-03,13,Sunday,True,30,2014 Q1
2014-03-31,2014,Q1,1,3,März,March,2014-03,14,Monday,False,31,2014 Q1
2014-04-01,2014,Q2,2,4,April,April,2014-04,14,Tuesday,False,1,2014 Q2
2014-04-02,2014,Q2,2,4,April,April,2014-04,14,Wednesday,False,2,2014 Q2
2014-04-03,2014,Q2,2,4,April,April,2014-04,14,Thursday,False,3,2014 Q2
2014-04-04,2014,Q2,2,4,April,April,2014-04,14,Friday,False,4,2014 Q2
2014-04-05,2014,Q2,2,4,April,April,2014-04,14,Saturday,True,5,2014 Q2
2014-04-06,2014,Q2,2,4,April,April,2014-04,14,Sunday,True,6,2014 Q2
2014-04-07,2014,Q2,2,4,April,April,2014-04,15,Monday,False,7,2014 Q2
2014-04-08,2014,Q2,2,4,April,April,2014-04,15,Tuesday,False,8,2014 Q2
2014-04-09,2014,Q2,2,4,April,April,2014-04,15,Wednesday,False,9,2014 Q2
2014-04-10,2014,Q2,2,4,April,April,2014-04,15,Thursday,False,10,2014 Q2
2014-04-11,2014,Q2,2,4,April,April,2014-04,15,Friday,False,11,2014 Q2
2014-04-12,2014,Q2,2,4,April,April,2014-04,15,Saturday,True,12,2014 Q2
2014-04-13,2014,Q2,2,4,April,April,2014-04,15,Sunday,True,13,2014 Q2
2014-04-14,2014,Q2,2,4,April,April,2014-04,16,Monday,False,14,2014 Q2
2014-04-15,2014,Q2,2,4,April,April,2014-04,16,Tuesday,False,15,2014 Q2
2014-04-16,2014,Q2,2,4,April,April,2014-04,16,Wednesday,False,16,2014 Q2
2014-04-17,2014,Q2,2,4,April,April,2014-04,16,Thursday,False,17,2014 Q2
2014-04-18,2014,Q2,2,4,April,April,2014-04,16,Friday,False,18,2014 Q2
2014-04-19,2014,Q2,2,4,April,April,2014-04,16,Saturday,True,19,2014 Q2
2014-04-20,2014,Q2,2,4,April,April,2014-04,16,Sunday,True,20,2014 Q2
2014-04-21,2014,Q2,2,4,April,April,2014-04,17,Monday,False,21,2014 Q2
2014-04-22,2014,Q2,2,4,April,April,2014-04,17,Tuesday,False,22,2014 Q2
2014-04-23,2014,Q2,2,4,April,April,2014-04,17,Wednesday,False,23,2014 Q2
2014-04-24,2014,Q2,2,4,April,April,2014-04,17,Thursday,False,24,2014 Q2
2014-04-25,2014,Q2,2,4,April,April,2014-04,17,Friday,False,25,2014 Q2
2014-04-26,2014,Q2,2,4,April,April,2014-04,17,Saturday,True,26,2014 Q2
2014-04-27,2014,Q2,2,4,April,April,2014-04,17,Sunday,True,27,2014 Q2
2014-04-28,2014,Q2,2,4,April,April,2014-04,18,Monday,False,28,2014 Q2
2014-04-29,2014,Q2,2,4,April,April,2014-04,18,Tuesday,False,29,2014 Q2
2014-04-30,2014,Q2,2,4,April,April,2014-04,18,Wednesday,False,30,2014 Q2
2014-05-01,2014,Q2,2,5,Mai,May,2014-05,18,Thursday,False,1,2014 Q2
2014-05-02,2014,Q2,2,5,Mai,May,2014-05,18,Friday,False,2,2014 Q2
2014-05-03,2014,Q2,2,5,Mai,May,2014-05,18,Saturday,True,3,2014 Q2
2014-05-04,2014,Q2,2,5,Mai,May,2014-05,18,Sunday,True,4,2014 Q2
2014-05-05,2014,Q2,2,5,Mai,May,2014-05,19,Monday,False,5,2014 Q2
2014-05-06,2014,Q2,2,5,Mai,May,2014-05,19,Tuesday,False,6,2014 Q2
2014-05-07,2014,Q2,2,5,Mai,May,2014-05,19,Wednesday,False,7,2014 Q2
2014-05-08,2014,Q2,2,5,Mai,May,2014-05,19,Thursday,False,8,2014 Q2
2014-05-09,2014,Q2,2,5,Mai,May,2014-05,19,Friday,False,9,2014 Q2
2014-05-10,2014,Q2,2,5,Mai,May,2014-05,19,Saturday,True,10,2014 Q2
2014-05-11,2014,Q2,2,5,Mai,May,2014-05,19,Sunday,True,11,2014 Q2
2014-05-12,2014,Q2,2,5,Mai,May,2014-05,20,Monday,False,12,2014 Q2
2014-05-13,2014,Q2,2,5,Mai,May,2014-05,20,Tuesday,False,13,2014 Q2
2014-05-14,2014,Q2,2,5,Mai,May,2014-05,20,Wednesday,False,14,2014 Q2
2014-05-15,2014,Q2,2,5,Mai,May,2014-05,20,Thursday,False,15,2014 Q2
2014-05-16,2014,Q2,2,5,Mai,May,2014-05,20,Friday,False,16,2014 Q2
2014-05-17,2014,Q2,2,5,Mai,May,2014-05,20,Saturday,True,17,2014 Q2
2014-05-18,2014,Q2,2,5,Mai,May,2014-05,20,Sunday,True,18,2014 Q2
2014-05-19,2014,Q2,2,5,Mai,May,2014-05,21,Monday,False,19,2014 Q2
2014-05-20,2014,Q2,2,5,Mai,May,2014-05,21,Tuesday,False,20,2014 Q2
2014-05-21,2014,Q2,2,5,Mai,May,2014-05,21,Wednesday,False,21,2014 Q2
2014-05-22,2014,Q2,2,5,Mai,May,2014-05,21,Thursday,False,22,2014 Q2
2014-05-23,2014,Q2,2,5,Mai,May,2014-05,21,Friday,False,23,2014 Q2
2014-05-24,2014,Q2,2,5,Mai,May,2014-05,21,Saturday,True,24,2014 Q2
2014-05-25,2014,Q2,2,5,Mai,May,2014-05,21,Sunday,True,25,2014 Q2
2014-05-26,2014,Q2,2,5,Mai,May,2014-05,22,Monday,False,26,2014 Q2
2014-05-27,2014,Q2,2,5,Mai,May,2014-05,22,Tuesday,False,27,2014 Q2
2014-05-28,2014,Q2,2,5,Mai,May,2014-05,22,Wednesday,False,28,2014 Q2
2014-05-29,2014,Q2,2,5,Mai,May,2014-05,22,Thursday,False,29,2014 Q2
2014-05-30,2014,Q2,2,5,Mai,May,2014-05,22,Friday,False,30,2014 Q2
2014-05-31,2014,Q2,2,5,Mai,May,2014-05,22,Saturday,True,31,2014 Q2
2014-06-01,2014,Q2,2,6,Juni,June,2014-06,22,Sunday,True,1,2014 Q2
2014-06-02,2014,Q2,2,6,Juni,June,2014-06,23,Monday,False,2,2014 Q2
2014-06-03,2014,Q2,2,6,Juni,June,2014-06,23,Tuesday,False,3,2014 Q2
2014-06-04,2014,Q2,2,6,Juni,June,2014-06,23,Wednesday,False,4,2014 Q2
2014-06-05,2014,Q2,2,6,Juni,June,2014-06,23,Thursday,False,5,2014 Q2
2014-06-06,2014,Q2,2,6,Juni,June,2014-06,23,Friday,False,6,2014 Q2
2014-06-07,2014,Q2,2,6,Juni,June,2014-06,23,Saturday,True,7,2014 Q2
2014-06-08,2014,Q2,2,6,Juni,June,2014-06,23,Sunday,True,8,2014 Q2
2014-06-09,2014,Q2,2,6,Juni,June,2014-06,24,Monday,False,9,2014 Q2
2014-06-10,2014,Q2,2,6,Juni,June,2014-06,24,Tuesday,False,10,2014 Q2
2014-06-11,2014,Q2,2,6,Juni,June,2014-06,24,Wednesday,False,11,2014 Q2
2014-06-12,2014,Q2,2,6,Juni,June,2014-06,24,Thursday,False,12,2014 Q2
2014-06-13,2014,Q2,2,6,Juni,June,2014-06,24,Friday,False,13,2014 Q2
2014-06-14,2014,Q2,2,6,Juni,June,2014-06,24,Saturday,True,14,2014 Q2
2014-06-15,2014,Q2,2,6,Juni,June,2014-06,24,Sunday,True,15,2014 Q2
2014-06-16,2014,Q2,2,6,Juni,June,2014-06,25,Monday,False,16,2014 Q2
2014-06-17,2014,Q2,2,6,Juni,June,2014-06,25,Tuesday,False,17,2014 Q2
2014-06-18,2014,Q2,2,6,Juni,June,2014-06,25,Wednesday,False,18,2014 Q2
2014-06-19,2014,Q2,2,6,Juni,June,2014-06,25,Thursday,False,19,2014 Q2
2014-06-20,2014,Q2,2,6,Juni,June,2014-06,25,Friday,False,20,2014 Q2
2014-06-21,2014,Q2,2,6,Juni,June,2014-06,25,Saturday,True,21,2014 Q2
2014-06-22,2014,Q2,2,6,Juni,June,2014-06,25,Sunday,True,22,2014 Q2
2014-06-23,2014,Q2,2,6,Juni,June,2014-06,26,Monday,False,23,2014 Q2
2014-06-24,2014,Q2,2,6,Juni,June,2014-06,26,Tuesday,False,24,2014 Q2
2014-06-25,2014,Q2,2,6,Juni,June,2014-06,26,Wednesday,False,25,2014 Q2
2014-06-26,2014,Q2,2,6,Juni,June,2014-06,26,Thursday,False,26,2014 Q2
2014-06-27,2014,Q2,2,6,Juni,June,2014-06,26,Friday,False,27,2014 Q2
2014-06-28,2014,Q2,2,6,Juni,June,2014-06,26,Saturday,True,28,2014 Q2
2014-06-29,2014,Q2,2,6,Juni,June,2014-06,26,Sunday,True,29,2014 Q2
2014-06-30,2014,Q2,2,6,Juni,June,2014-06,27,Monday,False,30,2014 Q2
2014-07-01,2014,Q3,3,7,Juli,July,2014-07,27,Tuesday,False,1,2014 Q3
2014-07-02,2014,Q3,3,7,Juli,July,2014-07,27,Wednesday,False,2,2014 Q3
2014-07-03,2014,Q3,3,7,Juli,July,2014-07,27,Thursday,False,3,2014 Q3
2014-07-04,2014,Q3,3,7,Juli,July,2014-07,27,Friday,False,4,2014 Q3
2014-07-05,2014,Q3,3,7,Juli,July,2014-07,27,Saturday,True,5,2014 Q3
2014-07-06,2014,Q3,3,7,Juli,July,2014-07,27,Sunday,True,6,2014 Q3
2014-07-07,2014,Q3,3,7,Juli,July,2014-07,28,Monday,False,7,2014 Q3
2014-07-08,2014,Q3,3,7,Juli,July,2014-07,28,Tuesday,False,8,2014 Q3
2014-07-09,2014,Q3,3,7,Juli,July,2014-07,28,Wednesday,False,9,2014 Q3
2014-07-10,2014,Q3,3,7,Juli,July,2014-07,28,Thursday,False,10,2014 Q3
2014-07-11,2014,Q3,3,7,Juli,July,2014-07,28,Friday,False,11,2014 Q3
2014-07-12,2014,Q3,3,7,Juli,July,2014-07,28,Saturday,True,12,2014 Q3
2014-07-13,2014,Q3,3,7,Juli,July,2014-07,28,Sunday,True,13,2014 Q3
2014-07-14,2014,Q3,3,7,Juli,July,2014-07,29,Monday,False,14,2014 Q3
2014-07-15,2014,Q3,3,7,Juli,July,2014-07,29,Tuesday,False,15,2014 Q3
2014-07-16,2014,Q3,3,7,Juli,July,2014-07,29,Wednesday,False,16,2014 Q3
2014-07-17,2014,Q3,3,7,Juli,July,2014-07,29,Thursday,False,17,2014 Q3
2014-07-18,2014,Q3,3,7,Juli,July,2014-07,29,Friday,False,18,2014 Q3
2014-07-19,2014,Q3,3,7,Juli,July,2014-07,29,Saturday,True,19,2014 Q3
2014-07-20,2014,Q3,3,7,Juli,July,2014-07,29,Sunday,True,20,2014 Q3
2014-07-21,2014,Q3,3,7,Juli,July,2014-07,30,Monday,False,21,2014 Q3
2014-07-22,2014,Q3,3,7,Juli,July,2014-07,30,Tuesday,False,22,2014 Q3
2014-07-23,2014,Q3,3,7,Juli,July,2014-07,30,Wednesday,False,23,2014 Q3
2014-07-24,2014,Q3,3,7,Juli,July,2014-07,30,Thursday,False,24,2014 Q3
2014-07-25,2014,Q3,3,7,Juli,July,2014-07,30,Friday,False,25,2014 Q3
2014-07-26,2014,Q3,3,7,Juli,July,2014-07,30,Saturday,True,26,2014 Q3
2014-07-27,2014,Q3,3,7,Juli,July,2014-07,30,Sunday,True,27,2014 Q3
2014-07-28,2014,Q3,3,7,Juli,July,2014-07,31,Monday,False,28,2014 Q3
2014-07-29,2014,Q3,3,7,Juli,July,2014-07,31,Tuesday,False,29,2014 Q3
2014-07-30,2014,Q3,3,7,Juli,July,2014-07,31,Wednesday,False,30,2014 Q3
2014-07-31,2014,Q3,3,7,Juli,July,2014-07,31,Thursday,False,31,2014 Q3
2014-08-01,2014,Q3,3,8,August,August,2014-08,31,Friday,False,1,2014 Q3
2014-08-02,2014,Q3,3,8,August,August,2014-08,31,Saturday,True,2,2014 Q3
2014-08-03,2014,Q3,3,8,August,August,2014-08,31,Sunday,True,3,2014 Q3
2014-08-04,2014,Q3,3,8,August,August,2014-08,32,Monday,False,4,2014 Q3
2014-08-05,2014,Q3,3,8,August,August,2014-08,32,Tuesday,False,5,2014 Q3
2014-08-06,2014,Q3,3,8,August,August,2014-08,32,Wednesday,False,6,2014 Q3
2014-08-07,2014,Q3,3,8,August,August,2014-08,32,Thursday,False,7,2014 Q3
2014-08-08,2014,Q3,3,8,August,August,2014-08,32,Friday,False,8,2014 Q3
2014-08-09,2014,Q3,3,8,August,August,2014-08,32,Saturday,True,9,2014 Q3
2014-08-10,2014,Q3,3,8,August,August,2014-08,32,Sunday,True,10,2014 Q3
2014-08-11,2014,Q3,3,8,August,August,2014-08,33,Monday,False,11,2014 Q3
2014-08-12,2014,Q3,3,8,August,August,2014-08,33,Tuesday,False,12,2014 Q3
2014-08-13,2014,Q3,3,8,August,August,2014-08,33,Wednesday,False,13,2014 Q3
2014-08-14,2014,Q3,3,8,August,August,2014-08,33,Thursday,False,14,2014 Q3
2014-08-15,2014,Q3,3,8,August,August,2014-08,33,Friday,False,15,2014 Q3
2014-08-16,2014,Q3,3,8,August,August,2014-08,33,Saturday,True,16,2014 Q3
2014-08-17,2014,Q3,3,8,August,August,2014-08,33,Sunday,True,17,2014 Q3
2014-08-18,2014,Q3,3,8,August,August,2014-08,34,Monday,False,18,2014 Q3
2014-08-19,2014,Q3,3,8,August,August,2014-08,34,Tuesday,False,19,2014 Q3
2014-08-20,2014,Q3,3,8,August,August,2014-08,34,Wednesday,False,20,2014 Q3
2014-08-21,2014,Q3,3,8,August,August,2014-08,34,Thursday,False,21,2014 Q3
2014-08-22,2014,Q3,3,8,August,August,2014-08,34,Friday,False,22,2014 Q3
2014-08-23,2014,Q3,3,8,August,August,2014-08,34,Saturday,True,23,2014 Q3
2014-08-24,2014,Q3,3,8,August,August,2014-08,34,Sunday,True,24,2014 Q3
2014-08-25,2014,Q3,3,8,August,August,2014-08,35,Monday,False,25,2014 Q3
2014-08-26,2014,Q3,3,8,August,August,2014-08,35,Tuesday,False,26,2014 Q3
2014-08-27,2014,Q3,3,8,August,August,2014-08,35,Wednesday,False,27,2014 Q3
2014-08-28,2014,Q3,3,8,August,August,2014-08,35,Thursday,False,28,2014 Q3
2014-08-29,2014,Q3,3,8,August,August,2014-08,35,Friday,False,29,2014 Q3
2014-08-30,2014,Q3,3,8,August,August,2014-08,35,Saturday,True,30,2014 Q3
2014-08-31,2014,Q3,3,8,August,August,2014-08,35,Sunday,True,31,2014 Q3
2014-09-01,2014,Q3,3,9,September,September,2014-09,36,Monday,False,1,2014 Q3
2014-09-02,2014,Q3,3,9,September,September,2014-09,36,Tuesday,False,2,2014 Q3
2014-09-03,2014,Q3,3,9,September,September,2014-09,36,Wednesday,False,3,2014 Q3
2014-09-04,2014,Q3,3,9,September,September,2014-09,36,Thursday,False,4,2014 Q3
2014-09-05,2014,Q3,3,9,September,September,2014-09,36,Friday,False,5,2014 Q3
2014-09-06,2014,Q3,3,9,September,September,2014-09,36,Saturday,True,6,2014 Q3
2014-09-07,2014,Q3,3,9,September,September,2014-09,36,Sunday,True,7,2014 Q3
2014-09-08,2014,Q3,3,9,September,September,2014-09,37,Monday,False,8,2014 Q3
2014-09-09,2014,Q3,3,9,September,September,2014-09,37,Tuesday,False,9,2014 Q3
2014-09-10,2014,Q3,3,9,September,September,2014-09,37,Wednesday,False,10,2014 Q3
2014-09-11,2014,Q3,3,9,September,September,2014-09,37,Thursday,False,11,2014 Q3
2014-09-12,2014,Q3,3,9,September,September,2014-09,37,Friday,False,12,2014 Q3
2014-09-13,2014,Q3,3,9,September,September,2014-09,37,Saturday,True,13,2014 Q3
2014-09-14,2014,Q3,3,9,September,September,2014-09,37,Sunday,True,14,2014 Q3
2014-09-15,2014,Q3,3,9,September,September,2014-09,38,Monday,False,15,2014 Q3
2014-09-16,2014,Q3,3,9,September,September,2014-09,38,Tuesday,False,16,2014 Q3
2014-09-17,2014,Q3,3,9,September,September,2014-09,38,Wednesday,False,17,2014 Q3
2014-09-18,2014,Q3,3,9,September,September,2014-09,38,Thursday,False,18,2014 Q3
2014-09-19,2014,Q3,3,9,September,September,2014-09,38,Friday,False,19,2014 Q3
2014-09-20,2014,Q3,3,9,September,September,2014-09,38,Saturday,True,20,2014 Q3
2014-09-21,2014,Q3,3,9,September,September,2014-09,38,Sunday,True,21,2014 Q3
2014-09-22,2014,Q3,3,9,September,September,2014-09,39,Monday,False,22,2014 Q3
2014-09-23,2014,Q3,3,9,September,September,2014-09,39,Tuesday,False,23,2014 Q3
2014-09-24,2014,Q3,3,9,September,September,2014-09,39,Wednesday,False,24,2014 Q3
2014-09-25,2014,Q3,3,9,September,September,2014-09,39,Thursday,False,25,2014 Q3
2014-09-26,2014,Q3,3,9,September,September,2014-09,39,Friday,False,26,2014 Q3
2014-09-27,2014,Q3,3,9,September,September,2014-09,39,Saturday,True,27,2014 Q3
2014-09-28,2014,Q3,3,9,September,September,2014-09,39,Sunday,True,28,2014 Q3
2014-09-29,2014,Q3,3,9,September,September,2014-09,40,Monday,False,29,2014 Q3
2014-09-30,2014,Q3,3,9,September,September,2014-09,40,Tuesday,False,30,2014 Q3
2014-10-01,2014,Q4,4,10,Oktober,October,2014-10,40,Wednesday,False,1,2014 Q4
2014-10-02,2014,Q4,4,10,Oktober,October,2014-10,40,Thursday,False,2,2014 Q4
2014-10-03,2014,Q4,4,10,Oktober,October,2014-10,40,Friday,False,3,2014 Q4
2014-10-04,2014,Q4,4,10,Oktober,October,2014-10,40,Saturday,True,4,2014 Q4
2014-10-05,2014,Q4,4,10,Oktober,October,2014-10,40,Sunday,True,5,2014 Q4
2014-10-06,2014,Q4,4,10,Oktober,October,2014-10,41,Monday,False,6,2014 Q4
2014-10-07,2014,Q4,4,10,Oktober,October,2014-10,41,Tuesday,False,7,2014 Q4
2014-10-08,2014,Q4,4,10,Oktober,October,2014-10,41,Wednesday,False,8,2014 Q4
2014-10-09,2014,Q4,4,10,Oktober,October,2014-10,41,Thursday,False,9,2014 Q4
2014-10-10,2014,Q4,4,10,Oktober,October,2014-10,41,Friday,False,10,2014 Q4
2014-10-11,2014,Q4,4,10,Oktober,October,2014-10,41,Saturday,True,11,2014 Q4
2014-10-12,2014,Q4,4,10,Oktober,October,2014-10,41,Sunday,True,12,2014 Q4
2014-10-13,2014,Q4,4,10,Oktober,October,2014-10,42,Monday,False,13,2014 Q4
2014-10-14,2014,Q4,4,10,Oktober,October,2014-10,42,Tuesday,False,14,2014 Q4
2014-10-15,2014,Q4,4,10,Oktober,October,2014-10,42,Wednesday,False,15,2014 Q4
2014-10-16,2014,Q4,4,10,Oktober,October,2014-10,42,Thursday,False,16,2014 Q4
2014-10-17,2014,Q4,4,10,Oktober,October,2014-10,42,Friday,False,17,2014 Q4
2014-10-18,2014,Q4,4,10,Oktober,October,2014-10,42,Saturday,True,18,2014 Q4
2014-10-19,2014,Q4,4,10,Oktober,October,2014-10,42,Sunday,True,19,2014 Q4
2014-10-20,2014,Q4,4,10,Oktober,October,2014-10,43,Monday,False,20,2014 Q4
2014-10-21,2014,Q4,4,10,Oktober,October,2014-10,43,Tuesday,False,21,2014 Q4
2014-10-22,2014,Q4,4,10,Oktober,October,2014-10,43,Wednesday,False,22,2014 Q4
2014-10-23,2014,Q4,4,10,Oktober,October,2014-10,43,Thursday,False,23,2014 Q4
2014-10-24,2014,Q4,4,10,Oktober,October,2014-10,43,Friday,False,24,2014 Q4
2014-10-25,2014,Q4,4,10,Oktober,October,2014-10,43,Saturday,True,25,2014 Q4
2014-10-26,2014,Q4,4,10,Oktober,October,2014-10,43,Sunday,True,26,2014 Q4
2014-10-27,2014,Q4,4,10,Oktober,October,2014-10,44,Monday,False,27,2014 Q4
2014-10-28,2014,Q4,4,10,Oktober,October,2014-10,44,Tuesday,False,28,2014 Q4
2014-10-29,2014,Q4,4,10,Oktober,October,2014-10,44,Wednesday,False,29,2014 Q4
2014-10-30,2014,Q4,4,10,Oktober,October,2014-10,44,Thursday,False,30,2014 Q4
2014-10-31,2014,Q4,4,10,Oktober,October,2014-10,44,Friday,False,31,2014 Q4
2014-11-01,2014,Q4,4,11,November,November,2014-11,44,Saturday,True,1,2014 Q4
2014-11-02,2014,Q4,4,11,November,November,2014-11,44,Sunday,True,2,2014 Q4
2014-11-03,2014,Q4,4,11,November,November,2014-11,45,Monday,False,3,2014 Q4
2014-11-04,2014,Q4,4,11,November,November,2014-11,45,Tuesday,False,4,2014 Q4
2014-11-05,2014,Q4,4,11,November,November,2014-11,45,Wednesday,False,5,2014 Q4
2014-11-06,2014,Q4,4,11,November,November,2014-11,45,Thursday,False,6,2014 Q4
2014-11-07,2014,Q4,4,11,November,November,2014-11,45,Friday,False,7,2014 Q4
2014-11-08,2014,Q4,4,11,November,November,2014-11,45,Saturday,True,8,2014 Q4
2014-11-09,2014,Q4,4,11,November,November,2014-11,45,Sunday,True,9,2014 Q4
2014-11-10,2014,Q4,4,11,November,November,2014-11,46,Monday,False,10,2014 Q4
2014-11-11,2014,Q4,4,11,November,November,2014-11,46,Tuesday,False,11,2014 Q4
2014-11-12,2014,Q4,4,11,November,November,2014-11,46,Wednesday,False,12,2014 Q4
2014-11-13,2014,Q4,4,11,November,November,2014-11,46,Thursday,False,13,2014 Q4
2014-11-14,2014,Q4,4,11,November,November,2014-11,46,Friday,False,14,2014 Q4
2014-11-15,2014,Q4,4,11,November,November,2014-11,46,Saturday,True,15,2014 Q4
2014-11-16,2014,Q4,4,11,November,November,2014-11,46,Sunday,True,16,2014 Q4
2014-11-17,2014,Q4,4,11,November,November,2014-11,47,Monday,False,17,2014 Q4
2014-11-18,2014,Q4,4,11,November,November,2014-11,47,Tuesday,False,18,2014 Q4
2014-11-19,2014,Q4,4,11,November,November,2014-11,47,Wednesday,False,19,2014 Q4
2014-11-20,2014,Q4,4,11,November,November,2014-11,47,Thursday,False,20,2014 Q4
2014-11-21,2014,Q4,4,11,November,November,2014-11,47,Friday,False,21,2014 Q4
2014-11-22,2014,Q4,4,11,November,November,2014-11,47,Saturday,True,22,2014 Q4
2014-11-23,2014,Q4,4,11,November,November,2014-11,47,Sunday,True,23,2014 Q4
2014-11-24,2014,Q4,4,11,November,November,2014-11,48,Monday,False,24,2014 Q4
2014-11-25,2014,Q4,4,11,November,November,2014-11,48,Tuesday,False,25,2014 Q4
2014-11-26,2014,Q4,4,11,November,November,2014-11,48,Wednesday,False,26,2014 Q4
2014-11-27,2014,Q4,4,11,November,November,2014-11,48,Thursday,False,27,2014 Q4
2014-11-28,2014,Q4,4,11,November,November,2014-11,48,Friday,False,28,2014 Q4
2014-11-29,2014,Q4,4,11,November,November,2014-11,48,Saturday,True,29,2014 Q4
2014-11-30,2014,Q4,4,11,November,November,2014-11,48,Sunday,True,30,2014 Q4
2014-12-01,2014,Q4,4,12,Dezember,December,2014-12,49,Monday,False,1,2014 Q4
2014-12-02,2014,Q4,4,12,Dezember,December,2014-12,49,Tuesday,False,2,2014 Q4
2014-12-03,2014,Q4,4,12,Dezember,December,2014-12,49,Wednesday,False,3,2014 Q4
2014-12-04,2014,Q4,4,12,Dezember,December,2014-12,49,Thursday,False,4,2014 Q4
2014-12-05,2014,Q4,4,12,Dezember,December,2014-12,49,Friday,False,5,2014 Q4
2014-12-06,2014,Q4,4,12,Dezember,December,2014-12,49,Saturday,True,6,2014 Q4
2014-12-07,2014,Q4,4,12,Dezember,December,2014-12,49,Sunday,True,7,2014 Q4
2014-12-08,2014,Q4,4,12,Dezember,December,2014-12,50,Monday,False,8,2014 Q4
2014-12-09,2014,Q4,4,12,Dezember,December,2014-12,50,Tuesday,False,9,2014 Q4
2014-12-10,2014,Q4,4,12,Dezember,December,2014-12,50,Wednesday,False,10,2014 Q4
2014-12-11,2014,Q4,4,12,Dezember,December,2014-12,50,Thursday,False,11,2014 Q4
2014-12-12,2014,Q4,4,12,Dezember,December,2014-12,50,Friday,False,12,2014 Q4
2014-12-13,2014,Q4,4,12,Dezember,December,2014-12,50,Saturday,True,13,2014 Q4
2014-12-14,2014,Q4,4,12,Dezember,December,2014-12,50,Sunday,True,14,2014 Q4
2014-12-15,2014,Q4,4,12,Dezember,December,2014-12,51,Monday,False,15,2014 Q4
2014-12-16,2014,Q4,4,12,Dezember,December,2014-12,51,Tuesday,False,16,2014 Q4
2014-12-17,2014,Q4,4,12,Dezember,December,2014-12,51,Wednesday,False,17,2014 Q4
2014-12-18,2014,Q4,4,12,Dezember,December,2014-12,51,Thursday,False,18,2014 Q4
2014-12-19,2014,Q4,4,12,Dezember,December,2014-12,51,Friday,False,19,2014 Q4
2014-12-20,2014,Q4,4,12,Dezember,December,2014-12,51,Saturday,True,20,2014 Q4
2014-12-21,2014,Q4,4,12,Dezember,December,2014-12,51,Sunday,True,21,2014 Q4
2014-12-22,2014,Q4,4,12,Dezember,December,2014-12,52,Monday,False,22,2014 Q4
2014-12-23,2014,Q4,4,12,Dezember,December,2014-12,52,Tuesday,False,23,2014 Q4
2014-12-24,2014,Q4,4,12,Dezember,December,2014-12,52,Wednesday,False,24,2014 Q4
2014-12-25,2014,Q4,4,12,Dezember,December,2014-12,52,Thursday,False,25,2014 Q4
2014-12-26,2014,Q4,4,12,Dezember,December,2014-12,52,Friday,False,26,2014 Q4
2014-12-27,2014,Q4,4,12,Dezember,December,2014-12,52,Saturday,True,27,2014 Q4
2014-12-28,2014,Q4,4,12,Dezember,December,2014-12,52,Sunday,True,28,2014 Q4
2014-12-29,2014,Q4,4,12,Dezember,December,2014-12,1,Monday,False,29,2014 Q4
2014-12-30,2014,Q4,4,12,Dezember,December,2014-12,1,Tuesday,False,30,2014 Q4
2014-12-31,2014,Q4,4,12,Dezember,December,2014-12,1,Wednesday,False,31,2014 Q4
2015-01-01,2015,Q1,1,1,Januar,January,2015-01,1,Thursday,False,1,2015 Q1
2015-01-02,2015,Q1,1,1,Januar,January,2015-01,1,Friday,False,2,2015 Q1
2015-01-03,2015,Q1,1,1,Januar,January,2015-01,1,Saturday,True,3,2015 Q1
2015-01-04,2015,Q1,1,1,Januar,January,2015-01,1,Sunday,True,4,2015 Q1
2015-01-05,2015,Q1,1,1,Januar,January,2015-01,2,Monday,False,5,2015 Q1
2015-01-06,2015,Q1,1,1,Januar,January,2015-01,2,Tuesday,False,6,2015 Q1
2015-01-07,2015,Q1,1,1,Januar,January,2015-01,2,Wednesday,False,7,2015 Q1
2015-01-08,2015,Q1,1,1,Januar,January,2015-01,2,Thursday,False,8,2015 Q1
2015-01-09,2015,Q1,1,1,Januar,January,2015-01,2,Friday,False,9,2015 Q1
2015-01-10,2015,Q1,1,1,Januar,January,2015-01,2,Saturday,True,10,2015 Q1
2015-01-11,2015,Q1,1,1,Januar,January,2015-01,2,Sunday,True,11,2015 Q1
2015-01-12,2015,Q1,1,1,Januar,January,2015-01,3,Monday,False,12,2015 Q1
2015-01-13,2015,Q1,1,1,Januar,January,2015-01,3,Tuesday,False,13,2015 Q1
2015-01-14,2015,Q1,1,1,Januar,January,2015-01,3,Wednesday,False,14,2015 Q1
2015-01-15,2015,Q1,1,1,Januar,January,2015-01,3,Thursday,False,15,2015 Q1
2015-01-16,2015,Q1,1,1,Januar,January,2015-01,3,Friday,False,16,2015 Q1
2015-01-17,2015,Q1,1,1,Januar,January,2015-01,3,Saturday,True,17,2015 Q1
2015-01-18,2015,Q1,1,1,Januar,January,2015-01,3,Sunday,True,18,2015 Q1
2015-01-19,2015,Q1,1,1,Januar,January,2015-01,4,Monday,False,19,2015 Q1
2015-01-20,2015,Q1,1,1,Januar,January,2015-01,4,Tuesday,False,20,2015 Q1
2015-01-21,2015,Q1,1,1,Januar,January,2015-01,4,Wednesday,False,21,2015 Q1
2015-01-22,2015,Q1,1,1,Januar,January,2015-01,4,Thursday,False,22,2015 Q1
2015-01-23,2015,Q1,1,1,Januar,January,2015-01,4,Friday,False,23,2015 Q1
2015-01-24,2015,Q1,1,1,Januar,January,2015-01,4,Saturday,True,24,2015 Q1
2015-01-25,2015,Q1,1,1,Januar,January,2015-01,4,Sunday,True,25,2015 Q1
2015-01-26,2015,Q1,1,1,Januar,January,2015-01,5,Monday,False,26,2015 Q1
2015-01-27,2015,Q1,1,1,Januar,January,2015-01,5,Tuesday,False,27,2015 Q1
2015-01-28,2015,Q1,1,1,Januar,January,2015-01,5,Wednesday,False,28,2015 Q1
2015-01-29,2015,Q1,1,1,Januar,January,2015-01,5,Thursday,False,29,2015 Q1
2015-01-30,2015,Q1,1,1,Januar,January,2015-01,5,Friday,False,30,2015 Q1
2015-01-31,2015,Q1,1,1,Januar,January,2015-01,5,Saturday,True,31,2015 Q1
2015-02-01,2015,Q1,1,2,Februar,February,2015-02,5,Sunday,True,1,2015 Q1
2015-02-02,2015,Q1,1,2,Februar,February,2015-02,6,Monday,False,2,2015 Q1
2015-02-03,2015,Q1,1,2,Februar,February,2015-02,6,Tuesday,False,3,2015 Q1
2015-02-04,2015,Q1,1,2,Februar,February,2015-02,6,Wednesday,False,4,2015 Q1
2015-02-05,2015,Q1,1,2,Februar,February,2015-02,6,Thursday,False,5,2015 Q1
2015-02-06,2015,Q1,1,2,Februar,February,2015-02,6,Friday,False,6,2015 Q1
2015-02-07,2015,Q1,1,2,Februar,February,2015-02,6,Saturday,True,7,2015 Q1
2015-02-08,2015,Q1,1,2,Februar,February,2015-02,6,Sunday,True,8,2015 Q1
2015-02-09,2015,Q1,1,2,Februar,February,2015-02,7,Monday,False,9,2015 Q1
2015-02-10,2015,Q1,1,2,Februar,February,2015-02,7,Tuesday,False,10,2015 Q1
2015-02-11,2015,Q1,1,2,Februar,February,2015-02,7,Wednesday,False,11,2015 Q1
2015-02-12,2015,Q1,1,2,Februar,February,2015-02,7,Thursday,False,12,2015 Q1
2015-02-13,2015,Q1,1,2,Februar,February,2015-02,7,Friday,False,13,2015 Q1
2015-02-14,2015,Q1,1,2,Februar,February,2015-02,7,Saturday,True,14,2015 Q1
2015-02-15,2015,Q1,1,2,Februar,February,2015-02,7,Sunday,True,15,2015 Q1
2015-02-16,2015,Q1,1,2,Februar,February,2015-02,8,Monday,False,16,2015 Q1
2015-02-17,2015,Q1,1,2,Februar,February,2015-02,8,Tuesday,False,17,2015 Q1
2015-02-18,2015,Q1,1,2,Februar,February,2015-02,8,Wednesday,False,18,2015 Q1
2015-02-19,2015,Q1,1,2,Februar,February,2015-02,8,Thursday,False,19,2015 Q1
2015-02-20,2015,Q1,1,2,Februar,February,2015-02,8,Friday,False,20,2015 Q1
2015-02-21,2015,Q1,1,2,Februar,February,2015-02,8,Saturday,True,21,2015 Q1
2015-02-22,2015,Q1,1,2,Februar,February,2015-02,8,Sunday,True,22,2015 Q1
2015-02-23,2015,Q1,1,2,Februar,February,2015-02,9,Monday,False,23,2015 Q1
2015-02-24,2015,Q1,1,2,Februar,February,2015-02,9,Tuesday,False,24,2015 Q1
2015-02-25,2015,Q1,1,2,Februar,February,2015-02,9,Wednesday,False,25,2015 Q1
2015-02-26,2015,Q1,1,2,Februar,February,2015-02,9,Thursday,False,26,2015 Q1
2015-02-27,2015,Q1,1,2,Februar,February,2015-02,9,Friday,False,27,2015 Q1
2015-02-28,2015,Q1,1,2,Februar,February,2015-02,9,Saturday,True,28,2015 Q1
2015-03-01,2015,Q1,1,3,März,March,2015-03,9,Sunday,True,1,2015 Q1
2015-03-02,2015,Q1,1,3,März,March,2015-03,10,Monday,False,2,2015 Q1
2015-03-03,2015,Q1,1,3,März,March,2015-03,10,Tuesday,False,3,2015 Q1
2015-03-04,2015,Q1,1,3,März,March,2015-03,10,Wednesday,False,4,2015 Q1
2015-03-05,2015,Q1,1,3,März,March,2015-03,10,Thursday,False,5,2015 Q1
2015-03-06,2015,Q1,1,3,März,March,2015-03,10,Friday,False,6,2015 Q1
2015-03-07,2015,Q1,1,3,März,March,2015-03,10,Saturday,True,7,2015 Q1
2015-03-08,2015,Q1,1,3,März,March,2015-03,10,Sunday,True,8,2015 Q1
2015-03-09,2015,Q1,1,3,März,March,2015-03,11,Monday,False,9,2015 Q1
2015-03-10,2015,Q1,1,3,März,March,2015-03,11,Tuesday,False,10,2015 Q1
2015-03-11,2015,Q1,1,3,März,March,2015-03,11,Wednesday,False,11,2015 Q1
2015-03-12,2015,Q1,1,3,März,March,2015-03,11,Thursday,False,12,2015 Q1
2015-03-13,2015,Q1,1,3,März,March,2015-03,11,Friday,False,13,2015 Q1
2015-03-14,2015,Q1,1,3,März,March,2015-03,11,Saturday,True,14,2015 Q1
2015-03-15,2015,Q1,1,3,März,March,2015-03,11,Sunday,True,15,2015 Q1
2015-03-16,2015,Q1,1,3,März,March,2015-03,12,Monday,False,16,2015 Q1
2015-03-17,2015,Q1,1,3,März,March,2015-03,12,Tuesday,False,17,2015 Q1
2015-03-18,2015,Q1,1,3,März,March,2015-03,12,Wednesday,False,18,2015 Q1
2015-03-19,2015,Q1,1,3,März,March,2015-03,12,Thursday,False,19,2015 Q1
2015-03-20,2015,Q1,1,3,März,March,2015-03,12,Friday,False,20,2015 Q1
2015-03-21,2015,Q1,1,3,März,March,2015-03,12,Saturday,True,21,2015 Q1
2015-03-22,2015,Q1,1,3,März,March,2015-03,12,Sunday,True,22,2015 Q1
2015-03-23,2015,Q1,1,3,März,March,2015-03,13,Monday,False,23,2015 Q1
2015-03-24,2015,Q1,1,3,März,March,2015-03,13,Tuesday,False,24,2015 Q1
2015-03-25,2015,Q1,1,3,März,March,2015-03,13,Wednesday,False,25,2015 Q1
2015-03-26,2015,Q1,1,3,März,March,2015-03,13,Thursday,False,26,2015 Q1
2015-03-27,2015,Q1,1,3,März,March,2015-03,13,Friday,False,27,2015 Q1
2015-03-28,2015,Q1,1,3,März,March,2015-03,13,Saturday,True,28,2015 Q1
2015-03-29,2015,Q1,1,3,März,March,2015-03,13,Sunday,True,29,2015 Q1
2015-03-30,2015,Q1,1,3,März,March,2015-03,14,Monday,False,30,2015 Q1
2015-03-31,2015,Q1,1,3,März,March,2015-03,14,Tuesday,False,31,2015 Q1
2015-04-01,2015,Q2,2,4,April,April,2015-04,14,Wednesday,False,1,2015 Q2
2015-04-02,2015,Q2,2,4,April,April,2015-04,14,Thursday,False,2,2015 Q2
2015-04-03,2015,Q2,2,4,April,April,2015-04,14,Friday,False,3,2015 Q2
2015-04-04,2015,Q2,2,4,April,April,2015-04,14,Saturday,True,4,2015 Q2
2015-04-05,2015,Q2,2,4,April,April,2015-04,14,Sunday,True,5,2015 Q2
2015-04-06,2015,Q2,2,4,April,April,2015-04,15,Monday,False,6,2015 Q2
2015-04-07,2015,Q2,2,4,April,April,2015-04,15,Tuesday,False,7,2015 Q2
2015-04-08,2015,Q2,2,4,April,April,2015-04,15,Wednesday,False,8,2015 Q2
2015-04-09,2015,Q2,2,4,April,April,2015-04,15,Thursday,False,9,2015 Q2
2015-04-10,2015,Q2,2,4,April,April,2015-04,15,Friday,False,10,2015 Q2
2015-04-11,2015,Q2,2,4,April,April,2015-04,15,Saturday,True,11,2015 Q2
2015-04-12,2015,Q2,2,4,April,April,2015-04,15,Sunday,True,12,2015 Q2
2015-04-13,2015,Q2,2,4,April,April,2015-04,16,Monday,False,13,2015 Q2
2015-04-14,2015,Q2,2,4,April,April,2015-04,16,Tuesday,False,14,2015 Q2
2015-04-15,2015,Q2,2,4,April,April,2015-04,16,Wednesday,False,15,2015 Q2
2015-04-16,2015,Q2,2,4,April,April,2015-04,16,Thursday,False,16,2015 Q2
2015-04-17,2015,Q2,2,4,April,April,2015-04,16,Friday,False,17,2015 Q2
2015-04-18,2015,Q2,2,4,April,April,2015-04,16,Saturday,True,18,2015 Q2
2015-04-19,2015,Q2,2,4,April,April,2015-04,16,Sunday,True,19,2015 Q2
2015-04-20,2015,Q2,2,4,April,April,2015-04,17,Monday,False,20,2015 Q2
2015-04-21,2015,Q2,2,4,April,April,2015-04,17,Tuesday,False,21,2015 Q2
2015-04-22,2015,Q2,2,4,April,April,2015-04,17,Wednesday,False,22,2015 Q2
2015-04-23,2015,Q2,2,4,April,April,2015-04,17,Thursday,False,23,2015 Q2
2015-04-24,2015,Q2,2,4,April,April,2015-04,17,Friday,False,24,2015 Q2
2015-04-25,2015,Q2,2,4,April,April,2015-04,17,Saturday,True,25,2015 Q2
2015-04-26,2015,Q2,2,4,April,April,2015-04,17,Sunday,True,26,2015 Q2
2015-04-27,2015,Q2,2,4,April,April,2015-04,18,Monday,False,27,2015 Q2
2015-04-28,2015,Q2,2,4,April,April,2015-04,18,Tuesday,False,28,2015 Q2
2015-04-29,2015,Q2,2,4,April,April,2015-04,18,Wednesday,False,29,2015 Q2
2015-04-30,2015,Q2,2,4,April,April,2015-04,18,Thursday,False,30,2015 Q2
2015-05-01,2015,Q2,2,5,Mai,May,2015-05,18,Friday,False,1,2015 Q2
2015-05-02,2015,Q2,2,5,Mai,May,2015-05,18,Saturday,True,2,2015 Q2
2015-05-03,2015,Q2,2,5,Mai,May,2015-05,18,Sunday,True,3,2015 Q2
2015-05-04,2015,Q2,2,5,Mai,May,2015-05,19,Monday,False,4,2015 Q2
2015-05-05,2015,Q2,2,5,Mai,May,2015-05,19,Tuesday,False,5,2015 Q2
2015-05-06,2015,Q2,2,5,Mai,May,2015-05,19,Wednesday,False,6,2015 Q2
2015-05-07,2015,Q2,2,5,Mai,May,2015-05,19,Thursday,False,7,2015 Q2
2015-05-08,2015,Q2,2,5,Mai,May,2015-05,19,Friday,False,8,2015 Q2
2015-05-09,2015,Q2,2,5,Mai,May,2015-05,19,Saturday,True,9,2015 Q2
2015-05-10,2015,Q2,2,5,Mai,May,2015-05,19,Sunday,True,10,2015 Q2
2015-05-11,2015,Q2,2,5,Mai,May,2015-05,20,Monday,False,11,2015 Q2
2015-05-12,2015,Q2,2,5,Mai,May,2015-05,20,Tuesday,False,12,2015 Q2
2015-05-13,2015,Q2,2,5,Mai,May,2015-05,20,Wednesday,False,13,2015 Q2
2015-05-14,2015,Q2,2,5,Mai,May,2015-05,20,Thursday,False,14,2015 Q2
2015-05-15,2015,Q2,2,5,Mai,May,2015-05,20,Friday,False,15,2015 Q2
2015-05-16,2015,Q2,2,5,Mai,May,2015-05,20,Saturday,True,16,2015 Q2
2015-05-17,2015,Q2,2,5,Mai,May,2015-05,20,Sunday,True,17,2015 Q2
2015-05-18,2015,Q2,2,5,Mai,May,2015-05,21,Monday,False,18,2015 Q2
2015-05-19,2015,Q2,2,5,Mai,May,2015-05,21,Tuesday,False,19,2015 Q2
2015-05-20,2015,Q2,2,5,Mai,May,2015-05,21,Wednesday,False,20,2015 Q2
2015-05-21,2015,Q2,2,5,Mai,May,2015-05,21,Thursday,False,21,2015 Q2
2015-05-22,2015,Q2,2,5,Mai,May,2015-05,21,Friday,False,22,2015 Q2
2015-05-23,2015,Q2,2,5,Mai,May,2015-05,21,Saturday,True,23,2015 Q2
2015-05-24,2015,Q2,2,5,Mai,May,2015-05,21,Sunday,True,24,2015 Q2
2015-05-25,2015,Q2,2,5,Mai,May,2015-05,22,Monday,False,25,2015 Q2
2015-05-26,2015,Q2,2,5,Mai,May,2015-05,22,Tuesday,False,26,2015 Q2
2015-05-27,2015,Q2,2,5,Mai,May,2015-05,22,Wednesday,False,27,2015 Q2
2015-05-28,2015,Q2,2,5,Mai,May,2015-05,22,Thursday,False,28,2015 Q2
2015-05-29,2015,Q2,2,5,Mai,May,2015-05,22,Friday,False,29,2015 Q2
2015-05-30,2015,Q2,2,5,Mai,May,2015-05,22,Saturday,True,30,2015 Q2
2015-05-31,2015,Q2,2,5,Mai,May,2015-05,22,Sunday,True,31,2015 Q2
2015-06-01,2015,Q2,2,6,Juni,June,2015-06,23,Monday,False,1,2015 Q2
2015-06-02,2015,Q2,2,6,Juni,June,2015-06,23,Tuesday,False,2,2015 Q2
2015-06-03,2015,Q2,2,6,Juni,June,2015-06,23,Wednesday,False,3,2015 Q2
2015-06-04,2015,Q2,2,6,Juni,June,2015-06,23,Thursday,False,4,2015 Q2
2015-06-05,2015,Q2,2,6,Juni,June,2015-06,23,Friday,False,5,2015 Q2
2015-06-06,2015,Q2,2,6,Juni,June,2015-06,23,Saturday,True,6,2015 Q2
2015-06-07,2015,Q2,2,6,Juni,June,2015-06,23,Sunday,True,7,2015 Q2
2015-06-08,2015,Q2,2,6,Juni,June,2015-06,24,Monday,False,8,2015 Q2
2015-06-09,2015,Q2,2,6,Juni,June,2015-06,24,Tuesday,False,9,2015 Q2
2015-06-10,2015,Q2,2,6,Juni,June,2015-06,24,Wednesday,False,10,2015 Q2
2015-06-11,2015,Q2,2,6,Juni,June,2015-06,24,Thursday,False,11,2015 Q2
2015-06-12,2015,Q2,2,6,Juni,June,2015-06,24,Friday,False,12,2015 Q2
2015-06-13,2015,Q2,2,6,Juni,June,2015-06,24,Saturday,True,13,2015 Q2
2015-06-14,2015,Q2,2,6,Juni,June,2015-06,24,Sunday,True,14,2015 Q2
2015-06-15,2015,Q2,2,6,Juni,June,2015-06,25,Monday,False,15,2015 Q2
2015-06-16,2015,Q2,2,6,Juni,June,2015-06,25,Tuesday,False,16,2015 Q2
2015-06-17,2015,Q2,2,6,Juni,June,2015-06,25,Wednesday,False,17,2015 Q2
2015-06-18,2015,Q2,2,6,Juni,June,2015-06,25,Thursday,False,18,2015 Q2
2015-06-19,2015,Q2,2,6,Juni,June,2015-06,25,Friday,False,19,2015 Q2
2015-06-20,2015,Q2,2,6,Juni,June,2015-06,25,Saturday,True,20,2015 Q2
2015-06-21,2015,Q2,2,6,Juni,June,2015-06,25,Sunday,True,21,2015 Q2
2015-06-22,2015,Q2,2,6,Juni,June,2015-06,26,Monday,False,22,2015 Q2
2015-06-23,2015,Q2,2,6,Juni,June,2015-06,26,Tuesday,False,23,2015 Q2
2015-06-24,2015,Q2,2,6,Juni,June,2015-06,26,Wednesday,False,24,2015 Q2
2015-06-25,2015,Q2,2,6,Juni,June,2015-06,26,Thursday,False,25,2015 Q2
2015-06-26,2015,Q2,2,6,Juni,June,2015-06,26,Friday,False,26,2015 Q2
2015-06-27,2015,Q2,2,6,Juni,June,2015-06,26,Saturday,True,27,2015 Q2
2015-06-28,2015,Q2,2,6,Juni,June,2015-06,26,Sunday,True,28,2015 Q2
2015-06-29,2015,Q2,2,6,Juni,June,2015-06,27,Monday,False,29,2015 Q2
2015-06-30,2015,Q2,2,6,Juni,June,2015-06,27,Tuesday,False,30,2015 Q2
2015-07-01,2015,Q3,3,7,Juli,July,2015-07,27,Wednesday,False,1,2015 Q3
2015-07-02,2015,Q3,3,7,Juli,July,2015-07,27,Thursday,False,2,2015 Q3
2015-07-03,2015,Q3,3,7,Juli,July,2015-07,27,Friday,False,3,2015 Q3
2015-07-04,2015,Q3,3,7,Juli,July,2015-07,27,Saturday,True,4,2015 Q3
2015-07-05,2015,Q3,3,7,Juli,July,2015-07,27,Sunday,True,5,2015 Q3
2015-07-06,2015,Q3,3,7,Juli,July,2015-07,28,Monday,False,6,2015 Q3
2015-07-07,2015,Q3,3,7,Juli,July,2015-07,28,Tuesday,False,7,2015 Q3
2015-07-08,2015,Q3,3,7,Juli,July,2015-07,28,Wednesday,False,8,2015 Q3
2015-07-09,2015,Q3,3,7,Juli,July,2015-07,28,Thursday,False,9,2015 Q3
2015-07-10,2015,Q3,3,7,Juli,July,2015-07,28,Friday,False,10,2015 Q3
2015-07-11,2015,Q3,3,7,Juli,July,2015-07,28,Saturday,True,11,2015 Q3
2015-07-12,2015,Q3,3,7,Juli,July,2015-07,28,Sunday,True,12,2015 Q3
2015-07-13,2015,Q3,3,7,Juli,July,2015-07,29,Monday,False,13,2015 Q3
2015-07-14,2015,Q3,3,7,Juli,July,2015-07,29,Tuesday,False,14,2015 Q3
2015-07-15,2015,Q3,3,7,Juli,July,2015-07,29,Wednesday,False,15,2015 Q3
2015-07-16,2015,Q3,3,7,Juli,July,2015-07,29,Thursday,False,16,2015 Q3
2015-07-17,2015,Q3,3,7,Juli,July,2015-07,29,Friday,False,17,2015 Q3
2015-07-18,2015,Q3,3,7,Juli,July,2015-07,29,Saturday,True,18,2015 Q3
2015-07-19,2015,Q3,3,7,Juli,July,2015-07,29,Sunday,True,19,2015 Q3
2015-07-20,2015,Q3,3,7,Juli,July,2015-07,30,Monday,False,20,2015 Q3
2015-07-21,2015,Q3,3,7,Juli,July,2015-07,30,Tuesday,False,21,2015 Q3
2015-07-22,2015,Q3,3,7,Juli,July,2015-07,30,Wednesday,False,22,2015 Q3
2015-07-23,2015,Q3,3,7,Juli,July,2015-07,30,Thursday,False,23,2015 Q3
2015-07-24,2015,Q3,3,7,Juli,July,2015-07,30,Friday,False,24,2015 Q3
2015-07-25,2015,Q3,3,7,Juli,July,2015-07,30,Saturday,True,25,2015 Q3
2015-07-26,2015,Q3,3,7,Juli,July,2015-07,30,Sunday,True,26,2015 Q3
2015-07-27,2015,Q3,3,7,Juli,July,2015-07,31,Monday,False,27,2015 Q3
2015-07-28,2015,Q3,3,7,Juli,July,2015-07,31,Tuesday,False,28,2015 Q3
2015-07-29,2015,Q3,3,7,Juli,July,2015-07,31,Wednesday,False,29,2015 Q3
2015-07-30,2015,Q3,3,7,Juli,July,2015-07,31,Thursday,False,30,2015 Q3
2015-07-31,2015,Q3,3,7,Juli,July,2015-07,31,Friday,False,31,2015 Q3
2015-08-01,2015,Q3,3,8,August,August,2015-08,31,Saturday,True,1,2015 Q3
2015-08-02,2015,Q3,3,8,August,August,2015-08,31,Sunday,True,2,2015 Q3
2015-08-03,2015,Q3,3,8,August,August,2015-08,32,Monday,False,3,2015 Q3
2015-08-04,2015,Q3,3,8,August,August,2015-08,32,Tuesday,False,4,2015 Q3
2015-08-05,2015,Q3,3,8,August,August,2015-08,32,Wednesday,False,5,2015 Q3
2015-08-06,2015,Q3,3,8,August,August,2015-08,32,Thursday,False,6,2015 Q3
2015-08-07,2015,Q3,3,8,August,August,2015-08,32,Friday,False,7,2015 Q3
2015-08-08,2015,Q3,3,8,August,August,2015-08,32,Saturday,True,8,2015 Q3
2015-08-09,2015,Q3,3,8,August,August,2015-08,32,Sunday,True,9,2015 Q3
2015-08-10,2015,Q3,3,8,August,August,2015-08,33,Monday,False,10,2015 Q3
2015-08-11,2015,Q3,3,8,August,August,2015-08,33,Tuesday,False,11,2015 Q3
2015-08-12,2015,Q3,3,8,August,August,2015-08,33,Wednesday,False,12,2015 Q3
2015-08-13,2015,Q3,3,8,August,August,2015-08,33,Thursday,False,13,2015 Q3
2015-08-14,2015,Q3,3,8,August,August,2015-08,33,Friday,False,14,2015 Q3
2015-08-15,2015,Q3,3,8,August,August,2015-08,33,Saturday,True,15,2015 Q3
2015-08-16,2015,Q3,3,8,August,August,2015-08,33,Sunday,True,16,2015 Q3
2015-08-17,2015,Q3,3,8,August,August,2015-08,34,Monday,False,17,2015 Q3
2015-08-18,2015,Q3,3,8,August,August,2015-08,34,Tuesday,False,18,2015 Q3
2015-08-19,2015,Q3,3,8,August,August,2015-08,34,Wednesday,False,19,2015 Q3
2015-08-20,2015,Q3,3,8,August,August,2015-08,34,Thursday,False,20,2015 Q3
2015-08-21,2015,Q3,3,8,August,August,2015-08,34,Friday,False,21,2015 Q3
2015-08-22,2015,Q3,3,8,August,August,2015-08,34,Saturday,True,22,2015 Q3
2015-08-23,2015,Q3,3,8,August,August,2015-08,34,Sunday,True,23,2015 Q3
2015-08-24,2015,Q3,3,8,August,August,2015-08,35,Monday,False,24,2015 Q3
2015-08-25,2015,Q3,3,8,August,August,2015-08,35,Tuesday,False,25,2015 Q3
2015-08-26,2015,Q3,3,8,August,August,2015-08,35,Wednesday,False,26,2015 Q3
2015-08-27,2015,Q3,3,8,August,August,2015-08,35,Thursday,False,27,2015 Q3
2015-08-28,2015,Q3,3,8,August,August,2015-08,35,Friday,False,28,2015 Q3
2015-08-29,2015,Q3,3,8,August,August,2015-08,35,Saturday,True,29,2015 Q3
2015-08-30,2015,Q3,3,8,August,August,2015-08,35,Sunday,True,30,2015 Q3
2015-08-31,2015,Q3,3,8,August,August,2015-08,36,Monday,False,31,2015 Q3
2015-09-01,2015,Q3,3,9,September,September,2015-09,36,Tuesday,False,1,2015 Q3
2015-09-02,2015,Q3,3,9,September,September,2015-09,36,Wednesday,False,2,2015 Q3
2015-09-03,2015,Q3,3,9,September,September,2015-09,36,Thursday,False,3,2015 Q3
2015-09-04,2015,Q3,3,9,September,September,2015-09,36,Friday,False,4,2015 Q3
2015-09-05,2015,Q3,3,9,September,September,2015-09,36,Saturday,True,5,2015 Q3
2015-09-06,2015,Q3,3,9,September,September,2015-09,36,Sunday,True,6,2015 Q3
2015-09-07,2015,Q3,3,9,September,September,2015-09,37,Monday,False,7,2015 Q3
2015-09-08,2015,Q3,3,9,September,September,2015-09,37,Tuesday,False,8,2015 Q3
2015-09-09,2015,Q3,3,9,September,September,2015-09,37,Wednesday,False,9,2015 Q3
2015-09-10,2015,Q3,3,9,September,September,2015-09,37,Thursday,False,10,2015 Q3
2015-09-11,2015,Q3,3,9,September,September,2015-09,37,Friday,False,11,2015 Q3
2015-09-12,2015,Q3,3,9,September,September,2015-09,37,Saturday,True,12,2015 Q3
2015-09-13,2015,Q3,3,9,September,September,2015-09,37,Sunday,True,13,2015 Q3
2015-09-14,2015,Q3,3,9,September,September,2015-09,38,Monday,False,14,2015 Q3
2015-09-15,2015,Q3,3,9,September,September,2015-09,38,Tuesday,False,15,2015 Q3
2015-09-16,2015,Q3,3,9,September,September,2015-09,38,Wednesday,False,16,2015 Q3
2015-09-17,2015,Q3,3,9,September,September,2015-09,38,Thursday,False,17,2015 Q3
2015-09-18,2015,Q3,3,9,September,September,2015-09,38,Friday,False,18,2015 Q3
2015-09-19,2015,Q3,3,9,September,September,2015-09,38,Saturday,True,19,2015 Q3
2015-09-20,2015,Q3,3,9,September,September,2015-09,38,Sunday,True,20,2015 Q3
2015-09-21,2015,Q3,3,9,September,September,2015-09,39,Monday,False,21,2015 Q3
2015-09-22,2015,Q3,3,9,September,September,2015-09,39,Tuesday,False,22,2015 Q3
2015-09-23,2015,Q3,3,9,September,September,2015-09,39,Wednesday,False,23,2015 Q3
2015-09-24,2015,Q3,3,9,September,September,2015-09,39,Thursday,False,24,2015 Q3
2015-09-25,2015,Q3,3,9,September,September,2015-09,39,Friday,False,25,2015 Q3
2015-09-26,2015,Q3,3,9,September,September,2015-09,39,Saturday,True,26,2015 Q3
2015-09-27,2015,Q3,3,9,September,September,2015-09,39,Sunday,True,27,2015 Q3
2015-09-28,2015,Q3,3,9,September,September,2015-09,40,Monday,False,28,2015 Q3
2015-09-29,2015,Q3,3,9,September,September,2015-09,40,Tuesday,False,29,2015 Q3
2015-09-30,2015,Q3,3,9,September,September,2015-09,40,Wednesday,False,30,2015 Q3
2015-10-01,2015,Q4,4,10,Oktober,October,2015-10,40,Thursday,False,1,2015 Q4
2015-10-02,2015,Q4,4,10,Oktober,October,2015-10,40,Friday,False,2,2015 Q4
2015-10-03,2015,Q4,4,10,Oktober,October,2015-10,40,Saturday,True,3,2015 Q4
2015-10-04,2015,Q4,4,10,Oktober,October,2015-10,40,Sunday,True,4,2015 Q4
2015-10-05,2015,Q4,4,10,Oktober,October,2015-10,41,Monday,False,5,2015 Q4
2015-10-06,2015,Q4,4,10,Oktober,October,2015-10,41,Tuesday,False,6,2015 Q4
2015-10-07,2015,Q4,4,10,Oktober,October,2015-10,41,Wednesday,False,7,2015 Q4
2015-10-08,2015,Q4,4,10,Oktober,October,2015-10,41,Thursday,False,8,2015 Q4
2015-10-09,2015,Q4,4,10,Oktober,October,2015-10,41,Friday,False,9,2015 Q4
2015-10-10,2015,Q4,4,10,Oktober,October,2015-10,41,Saturday,True,10,2015 Q4
2015-10-11,2015,Q4,4,10,Oktober,October,2015-10,41,Sunday,True,11,2015 Q4
2015-10-12,2015,Q4,4,10,Oktober,October,2015-10,42,Monday,False,12,2015 Q4
2015-10-13,2015,Q4,4,10,Oktober,October,2015-10,42,Tuesday,False,13,2015 Q4
2015-10-14,2015,Q4,4,10,Oktober,October,2015-10,42,Wednesday,False,14,2015 Q4
2015-10-15,2015,Q4,4,10,Oktober,October,2015-10,42,Thursday,False,15,2015 Q4
2015-10-16,2015,Q4,4,10,Oktober,October,2015-10,42,Friday,False,16,2015 Q4
2015-10-17,2015,Q4,4,10,Oktober,October,2015-10,42,Saturday,True,17,2015 Q4
2015-10-18,2015,Q4,4,10,Oktober,October,2015-10,42,Sunday,True,18,2015 Q4
2015-10-19,2015,Q4,4,10,Oktober,October,2015-10,43,Monday,False,19,2015 Q4
2015-10-20,2015,Q4,4,10,Oktober,October,2015-10,43,Tuesday,False,20,2015 Q4
2015-10-21,2015,Q4,4,10,Oktober,October,2015-10,43,Wednesday,False,21,2015 Q4
2015-10-22,2015,Q4,4,10,Oktober,October,2015-10,43,Thursday,False,22,2015 Q4
2015-10-23,2015,Q4,4,10,Oktober,October,2015-10,43,Friday,False,23,2015 Q4
2015-10-24,2015,Q4,4,10,Oktober,October,2015-10,43,Saturday,True,24,2015 Q4
2015-10-25,2015,Q4,4,10,Oktober,October,2015-10,43,Sunday,True,25,2015 Q4
2015-10-26,2015,Q4,4,10,Oktober,October,2015-10,44,Monday,False,26,2015 Q4
2015-10-27,2015,Q4,4,10,Oktober,October,2015-10,44,Tuesday,False,27,2015 Q4
2015-10-28,2015,Q4,4,10,Oktober,October,2015-10,44,Wednesday,False,28,2015 Q4
2015-10-29,2015,Q4,4,10,Oktober,October,2015-10,44,Thursday,False,29,2015 Q4
2015-10-30,2015,Q4,4,10,Oktober,October,2015-10,44,Friday,False,30,2015 Q4
2015-10-31,2015,Q4,4,10,Oktober,October,2015-10,44,Saturday,True,31,2015 Q4
2015-11-01,2015,Q4,4,11,November,November,2015-11,44,Sunday,True,1,2015 Q4
2015-11-02,2015,Q4,4,11,November,November,2015-11,45,Monday,False,2,2015 Q4
2015-11-03,2015,Q4,4,11,November,November,2015-11,45,Tuesday,False,3,2015 Q4
2015-11-04,2015,Q4,4,11,November,November,2015-11,45,Wednesday,False,4,2015 Q4
2015-11-05,2015,Q4,4,11,November,November,2015-11,45,Thursday,False,5,2015 Q4
2015-11-06,2015,Q4,4,11,November,November,2015-11,45,Friday,False,6,2015 Q4
2015-11-07,2015,Q4,4,11,November,November,2015-11,45,Saturday,True,7,2015 Q4
2015-11-08,2015,Q4,4,11,November,November,2015-11,45,Sunday,True,8,2015 Q4
2015-11-09,2015,Q4,4,11,November,November,2015-11,46,Monday,False,9,2015 Q4
2015-11-10,2015,Q4,4,11,November,November,2015-11,46,Tuesday,False,10,2015 Q4
2015-11-11,2015,Q4,4,11,November,November,2015-11,46,Wednesday,False,11,2015 Q4
2015-11-12,2015,Q4,4,11,November,November,2015-11,46,Thursday,False,12,2015 Q4
2015-11-13,2015,Q4,4,11,November,November,2015-11,46,Friday,False,13,2015 Q4
2015-11-14,2015,Q4,4,11,November,November,2015-11,46,Saturday,True,14,2015 Q4
2015-11-15,2015,Q4,4,11,November,November,2015-11,46,Sunday,True,15,2015 Q4
2015-11-16,2015,Q4,4,11,November,November,2015-11,47,Monday,False,16,2015 Q4
2015-11-17,2015,Q4,4,11,November,November,2015-11,47,Tuesday,False,17,2015 Q4
2015-11-18,2015,Q4,4,11,November,November,2015-11,47,Wednesday,False,18,2015 Q4
2015-11-19,2015,Q4,4,11,November,November,2015-11,47,Thursday,False,19,2015 Q4
2015-11-20,2015,Q4,4,11,November,November,2015-11,47,Friday,False,20,2015 Q4
2015-11-21,2015,Q4,4,11,November,November,2015-11,47,Saturday,True,21,2015 Q4
2015-11-22,2015,Q4,4,11,November,November,2015-11,47,Sunday,True,22,2015 Q4
2015-11-23,2015,Q4,4,11,November,November,2015-11,48,Monday,False,23,2015 Q4
2015-11-24,2015,Q4,4,11,November,November,2015-11,48,Tuesday,False,24,2015 Q4
2015-11-25,2015,Q4,4,11,November,November,2015-11,48,Wednesday,False,25,2015 Q4
2015-11-26,2015,Q4,4,11,November,November,2015-11,48,Thursday,False,26,2015 Q4
2015-11-27,2015,Q4,4,11,November,November,2015-11,48,Friday,False,27,2015 Q4
2015-11-28,2015,Q4,4,11,November,November,2015-11,48,Saturday,True,28,2015 Q4
2015-11-29,2015,Q4,4,11,November,November,2015-11,48,Sunday,True,29,2015 Q4
2015-11-30,2015,Q4,4,11,November,November,2015-11,49,Monday,False,30,2015 Q4
2015-12-01,2015,Q4,4,12,Dezember,December,2015-12,49,Tuesday,False,1,2015 Q4
2015-12-02,2015,Q4,4,12,Dezember,December,2015-12,49,Wednesday,False,2,2015 Q4
2015-12-03,2015,Q4,4,12,Dezember,December,2015-12,49,Thursday,False,3,2015 Q4
2015-12-04,2015,Q4,4,12,Dezember,December,2015-12,49,Friday,False,4,2015 Q4
2015-12-05,2015,Q4,4,12,Dezember,December,2015-12,49,Saturday,True,5,2015 Q4
2015-12-06,2015,Q4,4,12,Dezember,December,2015-12,49,Sunday,True,6,2015 Q4
2015-12-07,2015,Q4,4,12,Dezember,December,2015-12,50,Monday,False,7,2015 Q4
2015-12-08,2015,Q4,4,12,Dezember,December,2015-12,50,Tuesday,False,8,2015 Q4
2015-12-09,2015,Q4,4,12,Dezember,December,2015-12,50,Wednesday,False,9,2015 Q4
2015-12-10,2015,Q4,4,12,Dezember,December,2015-12,50,Thursday,False,10,2015 Q4
2015-12-11,2015,Q4,4,12,Dezember,December,2015-12,50,Friday,False,11,2015 Q4
2015-12-12,2015,Q4,4,12,Dezember,December,2015-12,50,Saturday,True,12,2015 Q4
2015-12-13,2015,Q4,4,12,Dezember,December,2015-12,50,Sunday,True,13,2015 Q4
2015-12-14,2015,Q4,4,12,Dezember,December,2015-12,51,Monday,False,14,2015 Q4
2015-12-15,2015,Q4,4,12,Dezember,December,2015-12,51,Tuesday,False,15,2015 Q4
2015-12-16,2015,Q4,4,12,Dezember,December,2015-12,51,Wednesday,False,16,2015 Q4
2015-12-17,2015,Q4,4,12,Dezember,December,2015-12,51,Thursday,False,17,2015 Q4
2015-12-18,2015,Q4,4,12,Dezember,December,2015-12,51,Friday,False,18,2015 Q4
2015-12-19,2015,Q4,4,12,Dezember,December,2015-12,51,Saturday,True,19,2015 Q4
2015-12-20,2015,Q4,4,12,Dezember,December,2015-12,51,Sunday,True,20,2015 Q4
2015-12-21,2015,Q4,4,12,Dezember,December,2015-12,52,Monday,False,21,2015 Q4
2015-12-22,2015,Q4,4,12,Dezember,December,2015-12,52,Tuesday,False,22,2015 Q4
2015-12-23,2015,Q4,4,12,Dezember,December,2015-12,52,Wednesday,False,23,2015 Q4
2015-12-24,2015,Q4,4,12,Dezember,December,2015-12,52,Thursday,False,24,2015 Q4
2015-12-25,2015,Q4,4,12,Dezember,December,2015-12,52,Friday,False,25,2015 Q4
2015-12-26,2015,Q4,4,12,Dezember,December,2015-12,52,Saturday,True,26,2015 Q4
2015-12-27,2015,Q4,4,12,Dezember,December,2015-12,52,Sunday,True,27,2015 Q4
2015-12-28,2015,Q4,4,12,Dezember,December,2015-12,53,Monday,False,28,2015 Q4
2015-12-29,2015,Q4,4,12,Dezember,December,2015-12,53,Tuesday,False,29,2015 Q4
2015-12-30,2015,Q4,4,12,Dezember,December,2015-12,53,Wednesday,False,30,2015 Q4
2015-12-31,2015,Q4,4,12,Dezember,December,2015-12,53,Thursday,False,31,2015 Q4
2016-01-01,2016,Q1,1,1,Januar,January,2016-01,53,Friday,False,1,2016 Q1
2016-01-02,2016,Q1,1,1,Januar,January,2016-01,53,Saturday,True,2,2016 Q1
2016-01-03,2016,Q1,1,1,Januar,January,2016-01,53,Sunday,True,3,2016 Q1
2016-01-04,2016,Q1,1,1,Januar,January,2016-01,1,Monday,False,4,2016 Q1
2016-01-05,2016,Q1,1,1,Januar,January,2016-01,1,Tuesday,False,5,2016 Q1
2016-01-06,2016,Q1,1,1,Januar,January,2016-01,1,Wednesday,False,6,2016 Q1
2016-01-07,2016,Q1,1,1,Januar,January,2016-01,1,Thursday,False,7,2016 Q1
2016-01-08,2016,Q1,1,1,Januar,January,2016-01,1,Friday,False,8,2016 Q1
2016-01-09,2016,Q1,1,1,Januar,January,2016-01,1,Saturday,True,9,2016 Q1
2016-01-10,2016,Q1,1,1,Januar,January,2016-01,1,Sunday,True,10,2016 Q1
2016-01-11,2016,Q1,1,1,Januar,January,2016-01,2,Monday,False,11,2016 Q1
2016-01-12,2016,Q1,1,1,Januar,January,2016-01,2,Tuesday,False,12,2016 Q1
2016-01-13,2016,Q1,1,1,Januar,January,2016-01,2,Wednesday,False,13,2016 Q1
2016-01-14,2016,Q1,1,1,Januar,January,2016-01,2,Thursday,False,14,2016 Q1
2016-01-15,2016,Q1,1,1,Januar,January,2016-01,2,Friday,False,15,2016 Q1
2016-01-16,2016,Q1,1,1,Januar,January,2016-01,2,Saturday,True,16,2016 Q1
2016-01-17,2016,Q1,1,1,Januar,January,2016-01,2,Sunday,True,17,2016 Q1
2016-01-18,2016,Q1,1,1,Januar,January,2016-01,3,Monday,False,18,2016 Q1
2016-01-19,2016,Q1,1,1,Januar,January,2016-01,3,Tuesday,False,19,2016 Q1
2016-01-20,2016,Q1,1,1,Januar,January,2016-01,3,Wednesday,False,20,2016 Q1
2016-01-21,2016,Q1,1,1,Januar,January,2016-01,3,Thursday,False,21,2016 Q1
2016-01-22,2016,Q1,1,1,Januar,January,2016-01,3,Friday,False,22,2016 Q1
2016-01-23,2016,Q1,1,1,Januar,January,2016-01,3,Saturday,True,23,2016 Q1
2016-01-24,2016,Q1,1,1,Januar,January,2016-01,3,Sunday,True,24,2016 Q1
2016-01-25,2016,Q1,1,1,Januar,January,2016-01,4,Monday,False,25,2016 Q1
2016-01-26,2016,Q1,1,1,Januar,January,2016-01,4,Tuesday,False,26,2016 Q1
2016-01-27,2016,Q1,1,1,Januar,January,2016-01,4,Wednesday,False,27,2016 Q1
2016-01-28,2016,Q1,1,1,Januar,January,2016-01,4,Thursday,False,28,2016 Q1
2016-01-29,2016,Q1,1,1,Januar,January,2016-01,4,Friday,False,29,2016 Q1
2016-01-30,2016,Q1,1,1,Januar,January,2016-01,4,Saturday,True,30,2016 Q1
2016-01-31,2016,Q1,1,1,Januar,January,2016-01,4,Sunday,True,31,2016 Q1
2016-02-01,2016,Q1,1,2,Februar,February,2016-02,5,Monday,False,1,2016 Q1
2016-02-02,2016,Q1,1,2,Februar,February,2016-02,5,Tuesday,False,2,2016 Q1
2016-02-03,2016,Q1,1,2,Februar,February,2016-02,5,Wednesday,False,3,2016 Q1
2016-02-04,2016,Q1,1,2,Februar,February,2016-02,5,Thursday,False,4,2016 Q1
2016-02-05,2016,Q1,1,2,Februar,February,2016-02,5,Friday,False,5,2016 Q1
2016-02-06,2016,Q1,1,2,Februar,February,2016-02,5,Saturday,True,6,2016 Q1
2016-02-07,2016,Q1,1,2,Februar,February,2016-02,5,Sunday,True,7,2016 Q1
2016-02-08,2016,Q1,1,2,Februar,February,2016-02,6,Monday,False,8,2016 Q1
2016-02-09,2016,Q1,1,2,Februar,February,2016-02,6,Tuesday,False,9,2016 Q1
2016-02-10,2016,Q1,1,2,Februar,February,2016-02,6,Wednesday,False,10,2016 Q1
2016-02-11,2016,Q1,1,2,Februar,February,2016-02,6,Thursday,False,11,2016 Q1
2016-02-12,2016,Q1,1,2,Februar,February,2016-02,6,Friday,False,12,2016 Q1
2016-02-13,2016,Q1,1,2,Februar,February,2016-02,6,Saturday,True,13,2016 Q1
2016-02-14,2016,Q1,1,2,Februar,February,2016-02,6,Sunday,True,14,2016 Q1
2016-02-15,2016,Q1,1,2,Februar,February,2016-02,7,Monday,False,15,2016 Q1
2016-02-16,2016,Q1,1,2,Februar,February,2016-02,7,Tuesday,False,16,2016 Q1
2016-02-17,2016,Q1,1,2,Februar,February,2016-02,7,Wednesday,False,17,2016 Q1
2016-02-18,2016,Q1,1,2,Februar,February,2016-02,7,Thursday,False,18,2016 Q1
2016-02-19,2016,Q1,1,2,Februar,February,2016-02,7,Friday,False,19,2016 Q1
2016-02-20,2016,Q1,1,2,Februar,February,2016-02,7,Saturday,True,20,2016 Q1
2016-02-21,2016,Q1,1,2,Februar,February,2016-02,7,Sunday,True,21,2016 Q1
2016-02-22,2016,Q1,1,2,Februar,February,2016-02,8,Monday,False,22,2016 Q1
2016-02-23,2016,Q1,1,2,Februar,February,2016-02,8,Tuesday,False,23,2016 Q1
2016-02-24,2016,Q1,1,2,Februar,February,2016-02,8,Wednesday,False,24,2016 Q1
2016-02-25,2016,Q1,1,2,Februar,February,2016-02,8,Thursday,False,25,2016 Q1
2016-02-26,2016,Q1,1,2,Februar,February,2016-02,8,Friday,False,26,2016 Q1
2016-02-27,2016,Q1,1,2,Februar,February,2016-02,8,Saturday,True,27,2016 Q1
2016-02-28,2016,Q1,1,2,Februar,February,2016-02,8,Sunday,True,28,2016 Q1
2016-02-29,2016,Q1,1,2,Februar,February,2016-02,9,Monday,False,29,2016 Q1
2016-03-01,2016,Q1,1,3,März,March,2016-03,9,Tuesday,False,1,2016 Q1
2016-03-02,2016,Q1,1,3,März,March,2016-03,9,Wednesday,False,2,2016 Q1
2016-03-03,2016,Q1,1,3,März,March,2016-03,9,Thursday,False,3,2016 Q1
2016-03-04,2016,Q1,1,3,März,March,2016-03,9,Friday,False,4,2016 Q1
2016-03-05,2016,Q1,1,3,März,March,2016-03,9,Saturday,True,5,2016 Q1
2016-03-06,2016,Q1,1,3,März,March,2016-03,9,Sunday,True,6,2016 Q1
2016-03-07,2016,Q1,1,3,März,March,2016-03,10,Monday,False,7,2016 Q1
2016-03-08,2016,Q1,1,3,März,March,2016-03,10,Tuesday,False,8,2016 Q1
2016-03-09,2016,Q1,1,3,März,March,2016-03,10,Wednesday,False,9,2016 Q1
2016-03-10,2016,Q1,1,3,März,March,2016-03,10,Thursday,False,10,2016 Q1
2016-03-11,2016,Q1,1,3,März,March,2016-03,10,Friday,False,11,2016 Q1
2016-03-12,2016,Q1,1,3,März,March,2016-03,10,Saturday,True,12,2016 Q1
2016-03-13,2016,Q1,1,3,März,March,2016-03,10,Sunday,True,13,2016 Q1
2016-03-14,2016,Q1,1,3,März,March,2016-03,11,Monday,False,14,2016 Q1
2016-03-15,2016,Q1,1,3,März,March,2016-03,11,Tuesday,False,15,2016 Q1
2016-03-16,2016,Q1,1,3,März,March,2016-03,11,Wednesday,False,16,2016 Q1
2016-03-17,2016,Q1,1,3,März,March,2016-03,11,Thursday,False,17,2016 Q1
2016-03-18,2016,Q1,1,3,März,March,2016-03,11,Friday,False,18,2016 Q1
2016-03-19,2016,Q1,1,3,März,March,2016-03,11,Saturday,True,19,2016 Q1
2016-03-20,2016,Q1,1,3,März,March,2016-03,11,Sunday,True,20,2016 Q1
2016-03-21,2016,Q1,1,3,März,March,2016-03,12,Monday,False,21,2016 Q1
2016-03-22,2016,Q1,1,3,März,March,2016-03,12,Tuesday,False,22,2016 Q1
2016-03-23,2016,Q1,1,3,März,March,2016-03,12,Wednesday,False,23,2016 Q1
2016-03-24,2016,Q1,1,3,März,March,2016-03,12,Thursday,False,24,2016 Q1
2016-03-25,2016,Q1,1,3,März,March,2016-03,12,Friday,False,25,2016 Q1
2016-03-26,2016,Q1,1,3,März,March,2016-03,12,Saturday,True,26,2016 Q1
2016-03-27,2016,Q1,1,3,März,March,2016-03,12,Sunday,True,27,2016 Q1
2016-03-28,2016,Q1,1,3,März,March,2016-03,13,Monday,False,28,2016 Q1
2016-03-29,2016,Q1,1,3,März,March,2016-03,13,Tuesday,False,29,2016 Q1
2016-03-30,2016,Q1,1,3,März,March,2016-03,13,Wednesday,False,30,2016 Q1
2016-03-31,2016,Q1,1,3,März,March,2016-03,13,Thursday,False,31,2016 Q1
2016-04-01,2016,Q2,2,4,April,April,2016-04,13,Friday,False,1,2016 Q2
2016-04-02,2016,Q2,2,4,April,April,2016-04,13,Saturday,True,2,2016 Q2
2016-04-03,2016,Q2,2,4,April,April,2016-04,13,Sunday,True,3,2016 Q2
2016-04-04,2016,Q2,2,4,April,April,2016-04,14,Monday,False,4,2016 Q2
2016-04-05,2016,Q2,2,4,April,April,2016-04,14,Tuesday,False,5,2016 Q2
2016-04-06,2016,Q2,2,4,April,April,2016-04,14,Wednesday,False,6,2016 Q2
2016-04-07,2016,Q2,2,4,April,April,2016-04,14,Thursday,False,7,2016 Q2
2016-04-08,2016,Q2,2,4,April,April,2016-04,14,Friday,False,8,2016 Q2
2016-04-09,2016,Q2,2,4,April,April,2016-04,14,Saturday,True,9,2016 Q2
2016-04-10,2016,Q2,2,4,April,April,2016-04,14,Sunday,True,10,2016 Q2
2016-04-11,2016,Q2,2,4,April,April,2016-04,15,Monday,False,11,2016 Q2
2016-04-12,2016,Q2,2,4,April,April,2016-04,15,Tuesday,False,12,2016 Q2
2016-04-13,2016,Q2,2,4,April,April,2016-04,15,Wednesday,False,13,2016 Q2
2016-04-14,2016,Q2,2,4,April,April,2016-04,15,Thursday,False,14,2016 Q2
2016-04-15,2016,Q2,2,4,April,April,2016-04,15,Friday,False,15,2016 Q2
2016-04-16,2016,Q2,2,4,April,April,2016-04,15,Saturday,True,16,2016 Q2
2016-04-17,2016,Q2,2,4,April,April,2016-04,15,Sunday,True,17,2016 Q2
2016-04-18,2016,Q2,2,4,April,April,2016-04,16,Monday,False,18,2016 Q2
2016-04-19,2016,Q2,2,4,April,April,2016-04,16,Tuesday,False,19,2016 Q2
2016-04-20,2016,Q2,2,4,April,April,2016-04,16,Wednesday,False,20,2016 Q2
2016-04-21,2016,Q2,2,4,April,April,2016-04,16,Thursday,False,21,2016 Q2
2016-04-22,2016,Q2,2,4,April,April,2016-04,16,Friday,False,22,2016 Q2
2016-04-23,2016,Q2,2,4,April,April,2016-04,16,Saturday,True,23,2016 Q2
2016-04-24,2016,Q2,2,4,April,April,2016-04,16,Sunday,True,24,2016 Q2
2016-04-25,2016,Q2,2,4,April,April,2016-04,17,Monday,False,25,2016 Q2
2016-04-26,2016,Q2,2,4,April,April,2016-04,17,Tuesday,False,26,2016 Q2
2016-04-27,2016,Q2,2,4,April,April,2016-04,17,Wednesday,False,27,2016 Q2
2016-04-28,2016,Q2,2,4,April,April,2016-04,17,Thursday,False,28,2016 Q2
2016-04-29,2016,Q2,2,4,April,April,2016-04,17,Friday,False,29,2016 Q2
2016-04-30,2016,Q2,2,4,April,April,2016-04,17,Saturday,True,30,2016 Q2
2016-05-01,2016,Q2,2,5,Mai,May,2016-05,17,Sunday,True,1,2016 Q2
2016-05-02,2016,Q2,2,5,Mai,May,2016-05,18,Monday,False,2,2016 Q2
2016-05-03,2016,Q2,2,5,Mai,May,2016-05,18,Tuesday,False,3,2016 Q2
2016-05-04,2016,Q2,2,5,Mai,May,2016-05,18,Wednesday,False,4,2016 Q2
2016-05-05,2016,Q2,2,5,Mai,May,2016-05,18,Thursday,False,5,2016 Q2
2016-05-06,2016,Q2,2,5,Mai,May,2016-05,18,Friday,False,6,2016 Q2
2016-05-07,2016,Q2,2,5,Mai,May,2016-05,18,Saturday,True,7,2016 Q2
2016-05-08,2016,Q2,2,5,Mai,May,2016-05,18,Sunday,True,8,2016 Q2
2016-05-09,2016,Q2,2,5,Mai,May,2016-05,19,Monday,False,9,2016 Q2
2016-05-10,2016,Q2,2,5,Mai,May,2016-05,19,Tuesday,False,10,2016 Q2
2016-05-11,2016,Q2,2,5,Mai,May,2016-05,19,Wednesday,False,11,2016 Q2
2016-05-12,2016,Q2,2,5,Mai,May,2016-05,19,Thursday,False,12,2016 Q2
2016-05-13,2016,Q2,2,5,Mai,May,2016-05,19,Friday,False,13,2016 Q2
2016-05-14,2016,Q2,2,5,Mai,May,2016-05,19,Saturday,True,14,2016 Q2
2016-05-15,2016,Q2,2,5,Mai,May,2016-05,19,Sunday,True,15,2016 Q2
2016-05-16,2016,Q2,2,5,Mai,May,2016-05,20,Monday,False,16,2016 Q2
2016-05-17,2016,Q2,2,5,Mai,May,2016-05,20,Tuesday,False,17,2016 Q2
2016-05-18,2016,Q2,2,5,Mai,May,2016-05,20,Wednesday,False,18,2016 Q2
2016-05-19,2016,Q2,2,5,Mai,May,2016-05,20,Thursday,False,19,2016 Q2
2016-05-20,2016,Q2,2,5,Mai,May,2016-05,20,Friday,False,20,2016 Q2
2016-05-21,2016,Q2,2,5,Mai,May,2016-05,20,Saturday,True,21,2016 Q2
2016-05-22,2016,Q2,2,5,Mai,May,2016-05,20,Sunday,True,22,2016 Q2
2016-05-23,2016,Q2,2,5,Mai,May,2016-05,21,Monday,False,23,2016 Q2
2016-05-24,2016,Q2,2,5,Mai,May,2016-05,21,Tuesday,False,24,2016 Q2
2016-05-25,2016,Q2,2,5,Mai,May,2016-05,21,Wednesday,False,25,2016 Q2
2016-05-26,2016,Q2,2,5,Mai,May,2016-05,21,Thursday,False,26,2016 Q2
2016-05-27,2016,Q2,2,5,Mai,May,2016-05,21,Friday,False,27,2016 Q2
2016-05-28,2016,Q2,2,5,Mai,May,2016-05,21,Saturday,True,28,2016 Q2
2016-05-29,2016,Q2,2,5,Mai,May,2016-05,21,Sunday,True,29,2016 Q2
2016-05-30,2016,Q2,2,5,Mai,May,2016-05,22,Monday,False,30,2016 Q2
2016-05-31,2016,Q2,2,5,Mai,May,2016-05,22,Tuesday,False,31,2016 Q2
2016-06-01,2016,Q2,2,6,Juni,June,2016-06,22,Wednesday,False,1,2016 Q2
2016-06-02,2016,Q2,2,6,Juni,June,2016-06,22,Thursday,False,2,2016 Q2
2016-06-03,2016,Q2,2,6,Juni,June,2016-06,22,Friday,False,3,2016 Q2
2016-06-04,2016,Q2,2,6,Juni,June,2016-06,22,Saturday,True,4,2016 Q2
2016-06-05,2016,Q2,2,6,Juni,June,2016-06,22,Sunday,True,5,2016 Q2
2016-06-06,2016,Q2,2,6,Juni,June,2016-06,23,Monday,False,6,2016 Q2
2016-06-07,2016,Q2,2,6,Juni,June,2016-06,23,Tuesday,False,7,2016 Q2
2016-06-08,2016,Q2,2,6,Juni,June,2016-06,23,Wednesday,False,8,2016 Q2
2016-06-09,2016,Q2,2,6,Juni,June,2016-06,23,Thursday,False,9,2016 Q2
2016-06-10,2016,Q2,2,6,Juni,June,2016-06,23,Friday,False,10,2016 Q2
2016-06-11,2016,Q2,2,6,Juni,June,2016-06,23,Saturday,True,11,2016 Q2
2016-06-12,2016,Q2,2,6,Juni,June,2016-06,23,Sunday,True,12,2016 Q2
2016-06-13,2016,Q2,2,6,Juni,June,2016-06,24,Monday,False,13,2016 Q2
2016-06-14,2016,Q2,2,6,Juni,June,2016-06,24,Tuesday,False,14,2016 Q2
2016-06-15,2016,Q2,2,6,Juni,June,2016-06,24,Wednesday,False,15,2016 Q2
2016-06-16,2016,Q2,2,6,Juni,June,2016-06,24,Thursday,False,16,2016 Q2
2016-06-17,2016,Q2,2,6,Juni,June,2016-06,24,Friday,False,17,2016 Q2
2016-06-18,2016,Q2,2,6,Juni,June,2016-06,24,Saturday,True,18,2016 Q2
2016-06-19,2016,Q2,2,6,Juni,June,2016-06,24,Sunday,True,19,2016 Q2
2016-06-20,2016,Q2,2,6,Juni,June,2016-06,25,Monday,False,20,2016 Q2
2016-06-21,2016,Q2,2,6,Juni,June,2016-06,25,Tuesday,False,21,2016 Q2
2016-06-22,2016,Q2,2,6,Juni,June,2016-06,25,Wednesday,False,22,2016 Q2
2016-06-23,2016,Q2,2,6,Juni,June,2016-06,25,Thursday,False,23,2016 Q2
2016-06-24,2016,Q2,2,6,Juni,June,2016-06,25,Friday,False,24,2016 Q2
2016-06-25,2016,Q2,2,6,Juni,June,2016-06,25,Saturday,True,25,2016 Q2
2016-06-26,2016,Q2,2,6,Juni,June,2016-06,25,Sunday,True,26,2016 Q2
2016-06-27,2016,Q2,2,6,Juni,June,2016-06,26,Monday,False,27,2016 Q2
2016-06-28,2016,Q2,2,6,Juni,June,2016-06,26,Tuesday,False,28,2016 Q2
2016-06-29,2016,Q2,2,6,Juni,June,2016-06,26,Wednesday,False,29,2016 Q2
2016-06-30,2016,Q2,2,6,Juni,June,2016-06,26,Thursday,False,30,2016 Q2
2016-07-01,2016,Q3,3,7,Juli,July,2016-07,26,Friday,False,1,2016 Q3
2016-07-02,2016,Q3,3,7,Juli,July,2016-07,26,Saturday,True,2,2016 Q3
2016-07-03,2016,Q3,3,7,Juli,July,2016-07,26,Sunday,True,3,2016 Q3
2016-07-04,2016,Q3,3,7,Juli,July,2016-07,27,Monday,False,4,2016 Q3
2016-07-05,2016,Q3,3,7,Juli,July,2016-07,27,Tuesday,False,5,2016 Q3
2016-07-06,2016,Q3,3,7,Juli,July,2016-07,27,Wednesday,False,6,2016 Q3
2016-07-07,2016,Q3,3,7,Juli,July,2016-07,27,Thursday,False,7,2016 Q3
2016-07-08,2016,Q3,3,7,Juli,July,2016-07,27,Friday,False,8,2016 Q3
2016-07-09,2016,Q3,3,7,Juli,July,2016-07,27,Saturday,True,9,2016 Q3
2016-07-10,2016,Q3,3,7,Juli,July,2016-07,27,Sunday,True,10,2016 Q3
2016-07-11,2016,Q3,3,7,Juli,July,2016-07,28,Monday,False,11,2016 Q3
2016-07-12,2016,Q3,3,7,Juli,July,2016-07,28,Tuesday,False,12,2016 Q3
2016-07-13,2016,Q3,3,7,Juli,July,2016-07,28,Wednesday,False,13,2016 Q3
2016-07-14,2016,Q3,3,7,Juli,July,2016-07,28,Thursday,False,14,2016 Q3
2016-07-15,2016,Q3,3,7,Juli,July,2016-07,28,Friday,False,15,2016 Q3
2016-07-16,2016,Q3,3,7,Juli,July,2016-07,28,Saturday,True,16,2016 Q3
2016-07-17,2016,Q3,3,7,Juli,July,2016-07,28,Sunday,True,17,2016 Q3
2016-07-18,2016,Q3,3,7,Juli,July,2016-07,29,Monday,False,18,2016 Q3
2016-07-19,2016,Q3,3,7,Juli,July,2016-07,29,Tuesday,False,19,2016 Q3
2016-07-20,2016,Q3,3,7,Juli,July,2016-07,29,Wednesday,False,20,2016 Q3
2016-07-21,2016,Q3,3,7,Juli,July,2016-07,29,Thursday,False,21,2016 Q3
2016-07-22,2016,Q3,3,7,Juli,July,2016-07,29,Friday,False,22,2016 Q3
2016-07-23,2016,Q3,3,7,Juli,July,2016-07,29,Saturday,True,23,2016 Q3
2016-07-24,2016,Q3,3,7,Juli,July,2016-07,29,Sunday,True,24,2016 Q3
2016-07-25,2016,Q3,3,7,Juli,July,2016-07,30,Monday,False,25,2016 Q3
2016-07-26,2016,Q3,3,7,Juli,July,2016-07,30,Tuesday,False,26,2016 Q3
2016-07-27,2016,Q3,3,7,Juli,July,2016-07,30,Wednesday,False,27,2016 Q3
2016-07-28,2016,Q3,3,7,Juli,July,2016-07,30,Thursday,False,28,2016 Q3
2016-07-29,2016,Q3,3,7,Juli,July,2016-07,30,Friday,False,29,2016 Q3
2016-07-30,2016,Q3,3,7,Juli,July,2016-07,30,Saturday,True,30,2016 Q3
2016-07-31,2016,Q3,3,7,Juli,July,2016-07,30,Sunday,True,31,2016 Q3
2016-08-01,2016,Q3,3,8,August,August,2016-08,31,Monday,False,1,2016 Q3
2016-08-02,2016,Q3,3,8,August,August,2016-08,31,Tuesday,False,2,2016 Q3
2016-08-03,2016,Q3,3,8,August,August,2016-08,31,Wednesday,False,3,2016 Q3
2016-08-04,2016,Q3,3,8,August,August,2016-08,31,Thursday,False,4,2016 Q3
2016-08-05,2016,Q3,3,8,August,August,2016-08,31,Friday,False,5,2016 Q3
2016-08-06,2016,Q3,3,8,August,August,2016-08,31,Saturday,True,6,2016 Q3
2016-08-07,2016,Q3,3,8,August,August,2016-08,31,Sunday,True,7,2016 Q3
2016-08-08,2016,Q3,3,8,August,August,2016-08,32,Monday,False,8,2016 Q3
2016-08-09,2016,Q3,3,8,August,August,2016-08,32,Tuesday,False,9,2016 Q3
2016-08-10,2016,Q3,3,8,August,August,2016-08,32,Wednesday,False,10,2016 Q3
2016-08-11,2016,Q3,3,8,August,August,2016-08,32,Thursday,False,11,2016 Q3
2016-08-12,2016,Q3,3,8,August,August,2016-08,32,Friday,False,12,2016 Q3
2016-08-13,2016,Q3,3,8,August,August,2016-08,32,Saturday,True,13,2016 Q3
2016-08-14,2016,Q3,3,8,August,August,2016-08,32,Sunday,True,14,2016 Q3
2016-08-15,2016,Q3,3,8,August,August,2016-08,33,Monday,False,15,2016 Q3
2016-08-16,2016,Q3,3,8,August,August,2016-08,33,Tuesday,False,16,2016 Q3
2016-08-17,2016,Q3,3,8,August,August,2016-08,33,Wednesday,False,17,2016 Q3
2016-08-18,2016,Q3,3,8,August,August,2016-08,33,Thursday,False,18,2016 Q3
2016-08-19,2016,Q3,3,8,August,August,2016-08,33,Friday,False,19,2016 Q3
2016-08-20,2016,Q3,3,8,August,August,2016-08,33,Saturday,True,20,2016 Q3
2016-08-21,2016,Q3,3,8,August,August,2016-08,33,Sunday,True,21,2016 Q3
2016-08-22,2016,Q3,3,8,August,August,2016-08,34,Monday,False,22,2016 Q3
2016-08-23,2016,Q3,3,8,August,August,2016-08,34,Tuesday,False,23,2016 Q3
2016-08-24,2016,Q3,3,8,August,August,2016-08,34,Wednesday,False,24,2016 Q3
2016-08-25,2016,Q3,3,8,August,August,2016-08,34,Thursday,False,25,2016 Q3
2016-08-26,2016,Q3,3,8,August,August,2016-08,34,Friday,False,26,2016 Q3
2016-08-27,2016,Q3,3,8,August,August,2016-08,34,Saturday,True,27,2016 Q3
2016-08-28,2016,Q3,3,8,August,August,2016-08,34,Sunday,True,28,2016 Q3
2016-08-29,2016,Q3,3,8,August,August,2016-08,35,Monday,False,29,2016 Q3
2016-08-30,2016,Q3,3,8,August,August,2016-08,35,Tuesday,False,30,2016 Q3
2016-08-31,2016,Q3,3,8,August,August,2016-08,35,Wednesday,False,31,2016 Q3
2016-09-01,2016,Q3,3,9,September,September,2016-09,35,Thursday,False,1,2016 Q3
2016-09-02,2016,Q3,3,9,September,September,2016-09,35,Friday,False,2,2016 Q3
2016-09-03,2016,Q3,3,9,September,September,2016-09,35,Saturday,True,3,2016 Q3
2016-09-04,2016,Q3,3,9,September,September,2016-09,35,Sunday,True,4,2016 Q3
2016-09-05,2016,Q3,3,9,September,September,2016-09,36,Monday,False,5,2016 Q3
2016-09-06,2016,Q3,3,9,September,September,2016-09,36,Tuesday,False,6,2016 Q3
2016-09-07,2016,Q3,3,9,September,September,2016-09,36,Wednesday,False,7,2016 Q3
2016-09-08,2016,Q3,3,9,September,September,2016-09,36,Thursday,False,8,2016 Q3
2016-09-09,2016,Q3,3,9,September,September,2016-09,36,Friday,False,9,2016 Q3
2016-09-10,2016,Q3,3,9,September,September,2016-09,36,Saturday,True,10,2016 Q3
2016-09-11,2016,Q3,3,9,September,September,2016-09,36,Sunday,True,11,2016 Q3
2016-09-12,2016,Q3,3,9,September,September,2016-09,37,Monday,False,12,2016 Q3
2016-09-13,2016,Q3,3,9,September,September,2016-09,37,Tuesday,False,13,2016 Q3
2016-09-14,2016,Q3,3,9,September,September,2016-09,37,Wednesday,False,14,2016 Q3
2016-09-15,2016,Q3,3,9,September,September,2016-09,37,Thursday,False,15,2016 Q3
2016-09-16,2016,Q3,3,9,September,September,2016-09,37,Friday,False,16,2016 Q3
2016-09-17,2016,Q3,3,9,September,September,2016-09,37,Saturday,True,17,2016 Q3
2016-09-18,2016,Q3,3,9,September,September,2016-09,37,Sunday,True,18,2016 Q3
2016-09-19,2016,Q3,3,9,September,September,2016-09,38,Monday,False,19,2016 Q3
2016-09-20,2016,Q3,3,9,September,September,2016-09,38,Tuesday,False,20,2016 Q3
2016-09-21,2016,Q3,3,9,September,September,2016-09,38,Wednesday,False,21,2016 Q3
2016-09-22,2016,Q3,3,9,September,September,2016-09,38,Thursday,False,22,2016 Q3
2016-09-23,2016,Q3,3,9,September,September,2016-09,38,Friday,False,23,2016 Q3
2016-09-24,2016,Q3,3,9,September,September,2016-09,38,Saturday,True,24,2016 Q3
2016-09-25,2016,Q3,3,9,September,September,2016-09,38,Sunday,True,25,2016 Q3
2016-09-26,2016,Q3,3,9,September,September,2016-09,39,Monday,False,26,2016 Q3
2016-09-27,2016,Q3,3,9,September,September,2016-09,39,Tuesday,False,27,2016 Q3
2016-09-28,2016,Q3,3,9,September,September,2016-09,39,Wednesday,False,28,2016 Q3
2016-09-29,2016,Q3,3,9,September,September,2016-09,39,Thursday,False,29,2016 Q3
2016-09-30,2016,Q3,3,9,September,September,2016-09,39,Friday,False,30,2016 Q3
2016-10-01,2016,Q4,4,10,Oktober,October,2016-10,39,Saturday,True,1,2016 Q4
2016-10-02,2016,Q4,4,10,Oktober,October,2016-10,39,Sunday,True,2,2016 Q4
2016-10-03,2016,Q4,4,10,Oktober,October,2016-10,40,Monday,False,3,2016 Q4
2016-10-04,2016,Q4,4,10,Oktober,October,2016-10,40,Tuesday,False,4,2016 Q4
2016-10-05,2016,Q4,4,10,Oktober,October,2016-10,40,Wednesday,False,5,2016 Q4
2016-10-06,2016,Q4,4,10,Oktober,October,2016-10,40,Thursday,False,6,2016 Q4
2016-10-07,2016,Q4,4,10,Oktober,October,2016-10,40,Friday,False,7,2016 Q4
2016-10-08,2016,Q4,4,10,Oktober,October,2016-10,40,Saturday,True,8,2016 Q4
2016-10-09,2016,Q4,4,10,Oktober,October,2016-10,40,Sunday,True,9,2016 Q4
2016-10-10,2016,Q4,4,10,Oktober,October,2016-10,41,Monday,False,10,2016 Q4
2016-10-11,2016,Q4,4,10,Oktober,October,2016-10,41,Tuesday,False,11,2016 Q4
2016-10-12,2016,Q4,4,10,Oktober,October,2016-10,41,Wednesday,False,12,2016 Q4
2016-10-13,2016,Q4,4,10,Oktober,October,2016-10,41,Thursday,False,13,2016 Q4
2016-10-14,2016,Q4,4,10,Oktober,October,2016-10,41,Friday,False,14,2016 Q4
2016-10-15,2016,Q4,4,10,Oktober,October,2016-10,41,Saturday,True,15,2016 Q4
2016-10-16,2016,Q4,4,10,Oktober,October,2016-10,41,Sunday,True,16,2016 Q4
2016-10-17,2016,Q4,4,10,Oktober,October,2016-10,42,Monday,False,17,2016 Q4
2016-10-18,2016,Q4,4,10,Oktober,October,2016-10,42,Tuesday,False,18,2016 Q4
2016-10-19,2016,Q4,4,10,Oktober,October,2016-10,42,Wednesday,False,19,2016 Q4
2016-10-20,2016,Q4,4,10,Oktober,October,2016-10,42,Thursday,False,20,2016 Q4
2016-10-21,2016,Q4,4,10,Oktober,October,2016-10,42,Friday,False,21,2016 Q4
2016-10-22,2016,Q4,4,10,Oktober,October,2016-10,42,Saturday,True,22,2016 Q4
2016-10-23,2016,Q4,4,10,Oktober,October,2016-10,42,Sunday,True,23,2016 Q4
2016-10-24,2016,Q4,4,10,Oktober,October,2016-10,43,Monday,False,24,2016 Q4
2016-10-25,2016,Q4,4,10,Oktober,October,2016-10,43,Tuesday,False,25,2016 Q4
2016-10-26,2016,Q4,4,10,Oktober,October,2016-10,43,Wednesday,False,26,2016 Q4
2016-10-27,2016,Q4,4,10,Oktober,October,2016-10,43,Thursday,False,27,2016 Q4
2016-10-28,2016,Q4,4,10,Oktober,October,2016-10,43,Friday,False,28,2016 Q4
2016-10-29,2016,Q4,4,10,Oktober,October,2016-10,43,Saturday,True,29,2016 Q4
2016-10-30,2016,Q4,4,10,Oktober,October,2016-10,43,Sunday,True,30,2016 Q4
2016-10-31,2016,Q4,4,10,Oktober,October,2016-10,44,Monday,False,31,2016 Q4
2016-11-01,2016,Q4,4,11,November,November,2016-11,44,Tuesday,False,1,2016 Q4
2016-11-02,2016,Q4,4,11,November,November,2016-11,44,Wednesday,False,2,2016 Q4
2016-11-03,2016,Q4,4,11,November,November,2016-11,44,Thursday,False,3,2016 Q4
2016-11-04,2016,Q4,4,11,November,November,2016-11,44,Friday,False,4,2016 Q4
2016-11-05,2016,Q4,4,11,November,November,2016-11,44,Saturday,True,5,2016 Q4
2016-11-06,2016,Q4,4,11,November,November,2016-11,44,Sunday,True,6,2016 Q4
2016-11-07,2016,Q4,4,11,November,November,2016-11,45,Monday,False,7,2016 Q4
2016-11-08,2016,Q4,4,11,November,November,2016-11,45,Tuesday,False,8,2016 Q4
2016-11-09,2016,Q4,4,11,November,November,2016-11,45,Wednesday,False,9,2016 Q4
2016-11-10,2016,Q4,4,11,November,November,2016-11,45,Thursday,False,10,2016 Q4
2016-11-11,2016,Q4,4,11,November,November,2016-11,45,Friday,False,11,2016 Q4
2016-11-12,2016,Q4,4,11,November,November,2016-11,45,Saturday,True,12,2016 Q4
2016-11-13,2016,Q4,4,11,November,November,2016-11,45,Sunday,True,13,2016 Q4
2016-11-14,2016,Q4,4,11,November,November,2016-11,46,Monday,False,14,2016 Q4
2016-11-15,2016,Q4,4,11,November,November,2016-11,46,Tuesday,False,15,2016 Q4
2016-11-16,2016,Q4,4,11,November,November,2016-11,46,Wednesday,False,16,2016 Q4
2016-11-17,2016,Q4,4,11,November,November,2016-11,46,Thursday,False,17,2016 Q4
2016-11-18,2016,Q4,4,11,November,November,2016-11,46,Friday,False,18,2016 Q4
2016-11-19,2016,Q4,4,11,November,November,2016-11,46,Saturday,True,19,2016 Q4
2016-11-20,2016,Q4,4,11,November,November,2016-11,46,Sunday,True,20,2016 Q4
2016-11-21,2016,Q4,4,11,November,November,2016-11,47,Monday,False,21,2016 Q4
2016-11-22,2016,Q4,4,11,November,November,2016-11,47,Tuesday,False,22,2016 Q4
2016-11-23,2016,Q4,4,11,November,November,2016-11,47,Wednesday,False,23,2016 Q4
2016-11-24,2016,Q4,4,11,November,November,2016-11,47,Thursday,False,24,2016 Q4
2016-11-25,2016,Q4,4,11,November,November,2016-11,47,Friday,False,25,2016 Q4
2016-11-26,2016,Q4,4,11,November,November,2016-11,47,Saturday,True,26,2016 Q4
2016-11-27,2016,Q4,4,11,November,November,2016-11,47,Sunday,True,27,2016 Q4
2016-11-28,2016,Q4,4,11,November,November,2016-11,48,Monday,False,28,2016 Q4
2016-11-29,2016,Q4,4,11,November,November,2016-11,48,Tuesday,False,29,2016 Q4
2016-11-30,2016,Q4,4,11,November,November,2016-11,48,Wednesday,False,30,2016 Q4
2016-12-01,2016,Q4,4,12,Dezember,December,2016-12,48,Thursday,False,1,2016 Q4
2016-12-02,2016,Q4,4,12,Dezember,December,2016-12,48,Friday,False,2,2016 Q4
2016-12-03,2016,Q4,4,12,Dezember,December,2016-12,48,Saturday,True,3,2016 Q4
2016-12-04,2016,Q4,4,12,Dezember,December,2016-12,48,Sunday,True,4,2016 Q4
2016-12-05,2016,Q4,4,12,Dezember,December,2016-12,49,Monday,False,5,2016 Q4
2016-12-06,2016,Q4,4,12,Dezember,December,2016-12,49,Tuesday,False,6,2016 Q4
2016-12-07,2016,Q4,4,12,Dezember,December,2016-12,49,Wednesday,False,7,2016 Q4
2016-12-08,2016,Q4,4,12,Dezember,December,2016-12,49,Thursday,False,8,2016 Q4
2016-12-09,2016,Q4,4,12,Dezember,December,2016-12,49,Friday,False,9,2016 Q4
2016-12-10,2016,Q4,4,12,Dezember,December,2016-12,49,Saturday,True,10,2016 Q4
2016-12-11,2016,Q4,4,12,Dezember,December,2016-12,49,Sunday,True,11,2016 Q4
2016-12-12,2016,Q4,4,12,Dezember,December,2016-12,50,Monday,False,12,2016 Q4
2016-12-13,2016,Q4,4,12,Dezember,December,2016-12,50,Tuesday,False,13,2016 Q4
2016-12-14,2016,Q4,4,12,Dezember,December,2016-12,50,Wednesday,False,14,2016 Q4
2016-12-15,2016,Q4,4,12,Dezember,December,2016-12,50,Thursday,False,15,2016 Q4
2016-12-16,2016,Q4,4,12,Dezember,December,2016-12,50,Friday,False,16,2016 Q4
2016-12-17,2016,Q4,4,12,Dezember,December,2016-12,50,Saturday,True,17,2016 Q4
2016-12-18,2016,Q4,4,12,Dezember,December,2016-12,50,Sunday,True,18,2016 Q4
2016-12-19,2016,Q4,4,12,Dezember,December,2016-12,51,Monday,False,19,2016 Q4
2016-12-20,2016,Q4,4,12,Dezember,December,2016-12,51,Tuesday,False,20,2016 Q4
2016-12-21,2016,Q4,4,12,Dezember,December,2016-12,51,Wednesday,False,21,2016 Q4
2016-12-22,2016,Q4,4,12,Dezember,December,2016-12,51,Thursday,False,22,2016 Q4
2016-12-23,2016,Q4,4,12,Dezember,December,2016-12,51,Friday,False,23,2016 Q4
2016-12-24,2016,Q4,4,12,Dezember,December,2016-12,51,Saturday,True,24,2016 Q4
2016-12-25,2016,Q4,4,12,Dezember,December,2016-12,51,Sunday,True,25,2016 Q4
2016-12-26,2016,Q4,4,12,Dezember,December,2016-12,52,Monday,False,26,2016 Q4
2016-12-27,2016,Q4,4,12,Dezember,December,2016-12,52,Tuesday,False,27,2016 Q4
2016-12-28,2016,Q4,4,12,Dezember,December,2016-12,52,Wednesday,False,28,2016 Q4
2016-12-29,2016,Q4,4,12,Dezember,December,2016-12,52,Thursday,False,29,2016 Q4
2016-12-30,2016,Q4,4,12,Dezember,December,2016-12,52,Friday,False,30,2016 Q4
2016-12-31,2016,Q4,4,12,Dezember,December,2016-12,52,Saturday,True,31,2016 Q4
