PO_ID,PO_Date,Supplier_ID,Supplier_Name,Category,Product,Quantity,Actual_Unit_Price,Planned_Unit_Price,Actual_Spend,Planned_Spend,PPV,PPV_Pct,Year,Month,Year_Month
PO100000,2015-01-05,SUP001,Supplier A,Accessories,Fender Set - Mountain,83,8.78,8.25,728.7399999999999,684.75,43.989999999999895,0.06424242424242409,2015,1,2015-01
PO100001,2015-01-05,SUP006,Supplier F,Accessories,ML Mountain Tire,213,11.57,11.94,2464.41,2543.22,-78.80999999999995,-0.030988274706867654,2015,1,2015-01
PO100002,2015-01-05,SUP008,Supplier H,Accessories,Touring Tire Tube,12,2.28,2.23,27.36,26.759999999999998,0.6000000000000014,0.022421524663677184,2015,1,2015-01
PO100003,2015-01-06,SUP008,Supplier H,Accessories,"Sport-100 Helmet, Blue",265,14.39,14.18,3813.3500000000004,3757.7,55.650000000000546,0.014809590973201838,2015,1,2015-01
PO100004,2015-01-06,SUP004,Supplier D,Accessories,Fender Set - Mountain,110,8.07,8.54,887.7,939.3999999999999,-51.69999999999982,-0.05503512880562042,2015,1,2015-01
PO100005,2015-01-06,SUP011,Supplier K,Accessories,Touring Tire Tube,222,2.25,2.19,499.5,486.18,13.319999999999993,0.027397260273972587,2015,1,2015-01
PO100006,2015-01-07,SUP005,Supplier E,Accessories,"Sport-100 Helmet, Black",64,13.21,13.52,845.44,865.28,-19.839999999999918,-0.022928994082840142,2015,1,2015-01
PO100007,2015-01-07,SUP003,Supplier C,Accessories,Water Bottle - 30 oz.,245,1.96,2.07,480.2,507.15,-26.94999999999999,-0.05314009661835747,2015,1,2015-01
PO100008,2015-01-08,SUP011,Supplier K,Accessories,Mountain Tire Tube,168,2.16,2.11,362.88,354.47999999999996,8.400000000000034,0.023696682464455075,2015,1,2015-01
PO100009,2015-01-08,SUP008,Supplier H,Accessories,Patch Kit/8 Patches,169,1.12,1.07,189.28000000000003,180.83,8.450000000000017,0.04672897196261691,2015,1,2015-01
PO100010,2015-01-08,SUP003,Supplier C,Accessories,Road Tire Tube,63,1.11,1.09,69.93,68.67,1.2600000000000051,0.018348623853211083,2015,1,2015-01
PO100011,2015-01-09,SUP006,Supplier F,Clothing,AWC Logo Cap,249,7.03,7.29,1750.47,1815.21,-64.74000000000001,-0.03566529492455419,2015,1,2015-01
PO100012,2015-01-09,SUP009,Supplier I,Accessories,ML Road Tire,214,9.15,9.54,1958.1000000000001,2041.5599999999997,-83.45999999999958,-0.04088050314465389,2015,1,2015-01
PO100013,2015-01-10,SUP010,Supplier J,Clothing,"Short-Sleeve Classic Jersey, L",31,43.91,44.38,1361.2099999999998,1375.78,-14.570000000000164,-0.010590356016223643,2015,1,2015-01
PO100014,2015-01-10,SUP003,Supplier C,Accessories,Road Bottle Cage,218,3.25,3.21,708.5,699.78,8.720000000000027,0.012461059190031192,2015,1,2015-01
PO100015,2015-01-10,SUP006,Supplier F,Clothing,AWC Logo Cap,171,7.8,7.45,1333.8,1273.95,59.84999999999991,0.046979865771812006,2015,1,2015-01
PO100016,2015-01-11,SUP003,Supplier C,Clothing,"Long-Sleeve Logo Jersey, L",201,39.51,39.78,7941.509999999999,7995.780000000001,-54.270000000001346,-0.006787330316742249,2015,1,2015-01
PO100017,2015-01-11,SUP009,Supplier I,Accessories,Patch Kit/8 Patches,189,1.19,1.09,224.91,206.01000000000002,18.899999999999977,0.09174311926605493,2015,1,2015-01
PO100018,2015-01-11,SUP002,Supplier B,Accessories,ML Mountain Tire,243,11.61,11.75,2821.23,2855.25,-34.01999999999998,-0.01191489361702127,2015,1,2015-01
PO100019,2015-01-12,SUP007,Supplier G,Accessories,LL Mountain Tire,45,9.28,9.96,417.59999999999997,448.20000000000005,-30.60000000000008,-0.06827309236947808,2015,1,2015-01
PO100020,2015-01-12,SUP001,Supplier A,Accessories,Patch Kit/8 Patches,28,1.04,1.05,29.12,29.400000000000002,-0.28000000000000114,-0.009523809523809561,2015,1,2015-01
PO100021,2015-01-13,SUP010,Supplier J,Accessories,HL Mountain Tire,57,12.66,13.3,721.62,758.1,-36.48000000000002,-0.04812030075187972,2015,1,2015-01
PO100022,2015-01-13,SUP012,Supplier L,Accessories,Road Bottle Cage,94,2.93,3.28,275.42,308.32,-32.89999999999998,-0.10670731707317066,2015,1,2015-01
PO100023,2015-01-13,SUP010,Supplier J,Accessories,LL Road Tire,108,7.87,8.31,849.96,897.48,-47.51999999999998,-0.052948255114320074,2015,1,2015-01
PO100024,2015-01-14,SUP008,Supplier H,Accessories,Mountain Tire Tube,76,2.34,2.23,177.83999999999997,169.48,8.359999999999985,0.0493273542600896,2015,1,2015-01
PO100025,2015-01-14,SUP002,Supplier B,Accessories,"Sport-100 Helmet, Blue",122,14.37,13.96,1753.1399999999999,1703.1200000000001,50.019999999999754,0.02936962750716318,2015,1,2015-01
PO100026,2015-01-15,SUP002,Supplier B,Accessories,LL Road Tire,283,9.07,8.48,2566.81,2399.84,166.9699999999998,0.06957547169811312,2015,1,2015-01
PO100027,2015-01-15,SUP006,Supplier F,Accessories,LL Mountain Tire,254,9.24,9.95,2346.96,2527.2999999999997,-180.3399999999997,-0.07135678391959788,2015,1,2015-01
PO100028,2015-01-15,SUP006,Supplier F,Clothing,"Long-Sleeve Logo Jersey, L",127,44.72,42.01,5679.44,5335.2699999999995,344.1700000000001,0.06450845036895979,2015,1,2015-01
PO100029,2015-01-16,SUP003,Supplier C,Accessories,"Sport-100 Helmet, Blue",15,15.02,13.64,225.29999999999998,204.60000000000002,20.69999999999996,0.10117302052785904,2015,1,2015-01
PO100030,2015-01-16,SUP010,Supplier J,Accessories,Patch Kit/8 Patches,39,0.98,1.03,38.22,40.17,-1.9500000000000028,-0.04854368932038842,2015,1,2015-01
PO100031,2015-01-17,SUP010,Supplier J,Accessories,"Sport-100 Helmet, Blue",264,13.95,14.41,3682.7999999999997,3804.2400000000002,-121.44000000000051,-0.031922276197085486,2015,1,2015-01
PO100032,2015-01-17,SUP006,Supplier F,Accessories,Hitch Rack - 4-Bike,289,49.57,49.42,14325.73,14282.380000000001,43.349999999998545,0.0030352084176445762,2015,1,2015-01
PO100033,2015-01-17,SUP003,Supplier C,Accessories,Water Bottle - 30 oz.,32,2.06,2.1,65.92,67.2,-1.2800000000000011,-0.019047619047619063,2015,1,2015-01
PO100034,2015-01-18,SUP010,Supplier J,Accessories,Water Bottle - 30 oz.,38,2.1,2.16,79.8,82.08000000000001,-2.2800000000000153,-0.02777777777777796,2015,1,2015-01
PO100035,2015-01-18,SUP001,Supplier A,Clothing,"Half-Finger Gloves, S",105,9.94,9.36,1043.7,982.8,60.90000000000009,0.06196581196581206,2015,1,2015-01
PO100036,2015-01-18,SUP006,Supplier F,Accessories,ML Mountain Tire,184,11.65,11.83,2143.6,2176.72,-33.11999999999989,-0.01521555367709209,2015,1,2015-01
PO100037,2015-01-19,SUP003,Supplier C,Clothing,"Women's Mountain Shorts, M",122,26.22,28.06,3198.8399999999997,3423.3199999999997,-224.48000000000002,-0.0655737704918033,2015,1,2015-01
PO100038,2015-01-19,SUP008,Supplier H,Accessories,Touring Tire Tube,77,2.41,2.17,185.57000000000002,167.09,18.480000000000018,0.11059907834101393,2015,1,2015-01
PO100039,2015-01-20,SUP010,Supplier J,Accessories,"Sport-100 Helmet, Blue",14,13.59,14.06,190.26,196.84,-6.5800000000000125,-0.03342816500711244,2015,1,2015-01
PO100040,2015-01-20,SUP009,Supplier I,Clothing,"Half-Finger Gloves, L",132,8.89,9.2,1173.48,1214.3999999999999,-40.919999999999845,-0.03369565217391292,2015,1,2015-01
PO100041,2015-01-20,SUP010,Supplier J,Clothing,"Long-Sleeve Logo Jersey, L",274,38.01,39.63,10414.74,10858.62,-443.880000000001,-0.04087812263436799,2015,1,2015-01
PO100042,2015-01-21,SUP001,Supplier A,Clothing,"Women's Mountain Shorts, M",95,26.2,26.94,2489.0,2559.3,-70.30000000000018,-0.0274684484038605,2015,1,2015-01
PO100043,2015-01-21,SUP004,Supplier D,Accessories,"Sport-100 Helmet, Blue",179,13.99,13.48,2504.21,2412.92,91.28999999999996,0.037833827893175055,2015,1,2015-01
PO100044,2015-01-22,SUP006,Supplier F,Bikes,"Road-350-W Yellow, 44",35,1042.56,1135.6,36489.6,39746.0,-3256.4000000000015,-0.08193025713279327,2015,1,2015-01
PO100045,2015-01-22,SUP006,Supplier F,Accessories,Mountain Tire Tube,111,2.21,2.12,245.31,235.32000000000002,9.98999999999998,0.04245283018867916,2015,1,2015-01
PO100046,2015-01-22,SUP011,Supplier K,Clothing,"Women's Mountain Shorts, L",227,30.45,27.79,6912.15,6308.33,603.8199999999997,0.09571788413098233,2015,1,2015-01
PO100047,2015-01-23,SUP004,Supplier D,Accessories,Hydration Pack - 70 oz.,249,21.81,23.44,5430.69,5836.56,-405.8700000000008,-0.06953924914675781,2015,1,2015-01
PO100048,2015-01-23,SUP002,Supplier B,Accessories,Hydration Pack - 70 oz.,188,20.21,21.61,3799.48,4062.68,-263.1999999999998,-0.06478482184173989,2015,1,2015-01
PO100049,2015-01-24,SUP003,Supplier C,Accessories,Mountain Tire Tube,49,1.87,2.04,91.63000000000001,99.96000000000001,-8.329999999999998,-0.08333333333333331,2015,1,2015-01
PO100050,2015-01-24,SUP002,Supplier B,Accessories,Patch Kit/8 Patches,222,1.06,1.03,235.32000000000002,228.66,6.660000000000025,0.029126213592233118,2015,1,2015-01
PO100051,2015-01-24,SUP005,Supplier E,Accessories,HL Mountain Tire,90,12.68,13.61,1141.2,1224.8999999999999,-83.69999999999982,-0.06833210874357076,2015,1,2015-01
PO100052,2015-01-25,SUP001,Supplier A,Accessories,"Sport-100 Helmet, Black",46,14.48,14.19,666.08,652.74,13.340000000000032,0.02043692741367165,2015,1,2015-01
PO100053,2015-01-25,SUP006,Supplier F,Clothing,"Long-Sleeve Logo Jersey, M",222,39.93,42.28,8864.46,9386.16,-521.7000000000007,-0.055581835383159965,2015,1,2015-01
PO100054,2015-01-25,SUP009,Supplier I,Accessories,Patch Kit/8 Patches,285,1.01,1.08,287.85,307.8,-19.94999999999999,-0.06481481481481477,2015,1,2015-01
PO100055,2015-01-26,SUP002,Supplier B,Accessories,"Sport-100 Helmet, Red",40,13.03,13.28,521.1999999999999,531.1999999999999,-10.0,-0.01882530120481928,2015,1,2015-01
PO100056,2015-01-26,SUP005,Supplier E,Clothing,AWC Logo Cap,133,6.89,7.29,916.37,969.57,-53.200000000000045,-0.054869684499314175,2015,1,2015-01
PO100057,2015-01-27,SUP003,Supplier C,Accessories,LL Road Tire,111,9.4,8.6,1043.4,954.5999999999999,88.80000000000018,0.09302325581395368,2015,1,2015-01
PO100058,2015-01-27,SUP003,Supplier C,Accessories,Water Bottle - 30 oz.,261,2.05,2.24,535.05,584.6400000000001,-49.590000000000146,-0.08482142857142881,2015,1,2015-01
PO100059,2015-01-27,SUP005,Supplier E,Accessories,Patch Kit/8 Patches,131,1.14,1.05,149.33999999999997,137.55,11.789999999999964,0.08571428571428544,2015,1,2015-01
PO100060,2015-01-28,SUP006,Supplier F,Accessories,Fender Set - Mountain,43,8.54,8.25,367.21999999999997,354.75,12.46999999999997,0.035151515151515066,2015,1,2015-01
PO100061,2015-01-28,SUP004,Supplier D,Accessories,HL Mountain Tire,185,15.11,13.79,2795.35,2551.1499999999996,244.20000000000027,0.09572153734590295,2015,1,2015-01
PO100062,2015-01-29,SUP004,Supplier D,Accessories,Mountain Tire Tube,179,2.21,2.13,395.59,381.27,14.319999999999993,0.03755868544600938,2015,1,2015-01
PO100063,2015-01-29,SUP007,Supplier G,Accessories,Road Tire Tube,113,1.03,1.1,116.39,124.30000000000001,-7.910000000000011,-0.06363636363636371,2015,1,2015-01
PO100064,2015-01-29,SUP008,Supplier H,Accessories,Water Bottle - 30 oz.,103,2.43,2.17,250.29000000000002,223.51,26.78000000000003,0.11981566820276511,2015,1,2015-01
PO100065,2015-01-30,SUP002,Supplier B,Accessories,Road Tire Tube,89,1.12,1.07,99.68,95.23,4.450000000000003,0.04672897196261685,2015,1,2015-01
PO100066,2015-01-30,SUP005,Supplier E,Accessories,Road Bottle Cage,65,2.89,3.06,187.85,198.9,-11.050000000000011,-0.05555555555555561,2015,1,2015-01
PO100067,2015-01-31,SUP003,Supplier C,Accessories,"Sport-100 Helmet, Blue",129,13.63,13.59,1758.2700000000002,1753.11,5.160000000000309,0.002943340691685239,2015,1,2015-01
PO100068,2015-01-31,SUP006,Supplier F,Accessories,Mountain Tire Tube,195,2.24,2.19,436.80000000000007,427.05,9.750000000000057,0.022831050228310636,2015,1,2015-01
PO100069,2015-01-31,SUP007,Supplier G,Accessories,Touring Tire,61,11.58,11.59,706.38,706.99,-0.6100000000000136,-0.0008628127696290098,2015,1,2015-01
PO100070,2015-02-01,SUP003,Supplier C,Clothing,"Long-Sleeve Logo Jersey, S",155,40.78,39.98,6320.900000000001,6196.9,124.00000000000091,0.0200100050025014,2015,2,2015-02
PO100071,2015-02-01,SUP002,Supplier B,Clothing,"Short-Sleeve Classic Jersey, XL",148,46.86,45.32,6935.28,6707.36,227.92000000000007,0.03398058252427186,2015,2,2015-02
PO100072,2015-02-01,SUP006,Supplier F,Accessories,Road Tire Tube,251,1.09,1.06,273.59000000000003,266.06,7.53000000000003,0.028301886792452942,2015,2,2015-02
PO100073,2015-02-02,SUP004,Supplier D,Accessories,Mountain Tire Tube,286,2.03,2.07,580.5799999999999,592.02,-11.440000000000055,-0.019323671497584634,2015,2,2015-02
PO100074,2015-02-02,SUP005,Supplier E,Accessories,Fender Set - Mountain,93,9.05,8.7,841.6500000000001,809.0999999999999,32.55000000000018,0.04022988505747149,2015,2,2015-02
PO100075,2015-02-03,SUP002,Supplier B,Accessories,"Sport-100 Helmet, Red",219,13.15,13.28,2879.85,2908.3199999999997,-28.4699999999998,-0.009789156626505957,2015,2,2015-02
PO100076,2015-02-03,SUP005,Supplier E,Accessories,Water Bottle - 30 oz.,34,2.02,2.15,68.68,73.1,-4.4199999999999875,-0.0604651162790696,2015,2,2015-02
PO100077,2015-02-03,SUP003,Supplier C,Clothing,"Short-Sleeve Classic Jersey, S",21,44.6,45.36,936.6,952.56,-15.959999999999923,-0.01675485008818334,2015,2,2015-02
PO100078,2015-02-04,SUP012,Supplier L,Accessories,Water Bottle - 30 oz.,40,2.21,2.18,88.4,87.2,1.2000000000000028,0.013761467889908289,2015,2,2015-02
PO100079,2015-02-04,SUP007,Supplier G,Accessories,Water Bottle - 30 oz.,293,2.23,2.18,653.39,638.74,14.649999999999977,0.022935779816513725,2015,2,2015-02
PO100080,2015-02-05,SUP008,Supplier H,Accessories,"Sport-100 Helmet, Red",126,12.94,13.29,1630.4399999999998,1674.54,-44.100000000000136,-0.026335590669676532,2015,2,2015-02
PO100081,2015-02-05,SUP002,Supplier B,Accessories,Water Bottle - 30 oz.,216,2.25,2.1,486.0,453.6,32.39999999999998,0.07142857142857137,2015,2,2015-02
PO100082,2015-02-05,SUP009,Supplier I,Accessories,Fender Set - Mountain,232,8.32,8.78,1930.24,2036.9599999999998,-106.7199999999998,-0.05239179954441904,2015,2,2015-02
PO100083,2015-02-06,SUP001,Supplier A,Accessories,HL Mountain Tire,32,12.36,13.29,395.52,425.28,-29.75999999999999,-0.06997742663656883,2015,2,2015-02
PO100084,2015-02-06,SUP001,Supplier A,Accessories,LL Road Tire,116,10.5,8.88,1218.0,1030.0800000000002,187.91999999999985,0.18243243243243226,2015,2,2015-02
PO100085,2015-02-06,SUP010,Supplier J,Accessories,Patch Kit/8 Patches,161,1.0,1.05,161.0,169.05,-8.050000000000011,-0.047619047619047686,2015,2,2015-02
PO100086,2015-02-07,SUP001,Supplier A,Accessories,Water Bottle - 30 oz.,101,2.38,2.16,240.38,218.16000000000003,22.21999999999997,0.10185185185185171,2015,2,2015-02
PO100087,2015-02-07,SUP006,Supplier F,Clothing,AWC Logo Cap,138,7.89,7.81,1088.82,1077.78,11.039999999999964,0.010243277848911618,2015,2,2015-02
PO100088,2015-02-08,SUP003,Supplier C,Accessories,Patch Kit/8 Patches,73,1.19,1.09,86.86999999999999,79.57000000000001,7.299999999999983,0.09174311926605483,2015,2,2015-02
PO100089,2015-02-08,SUP001,Supplier A,Clothing,"Half-Finger Gloves, L",206,10.25,9.99,2111.5,2057.94,53.559999999999945,0.026026026026025998,2015,2,2015-02
PO100090,2015-02-08,SUP007,Supplier G,Clothing,"Classic Vest, M",140,28.03,25.63,3924.2000000000003,3588.2,336.00000000000045,0.09364026531408519,2015,2,2015-02
PO100091,2015-02-09,SUP010,Supplier J,Accessories,Patch Kit/8 Patches,261,1.08,1.06,281.88,276.66,5.21999999999997,0.01886792452830178,2015,2,2015-02
PO100092,2015-02-09,SUP011,Supplier K,Accessories,Road Tire Tube,145,1.17,1.1,169.64999999999998,159.5,10.149999999999977,0.06363636363636349,2015,2,2015-02
PO100093,2015-02-10,SUP004,Supplier D,Clothing,"Long-Sleeve Logo Jersey, S",244,45.07,40.18,10997.08,9803.92,1193.1599999999999,0.1217023394723743,2015,2,2015-02
PO100094,2015-02-10,SUP004,Supplier D,Accessories,Patch Kit/8 Patches,169,1.11,1.09,187.59,184.21,3.3799999999999955,0.018348623853210982,2015,2,2015-02
PO100095,2015-02-10,SUP007,Supplier G,Accessories,Water Bottle - 30 oz.,187,1.9,2.14,355.3,400.18,-44.879999999999995,-0.11214953271028036,2015,2,2015-02
PO100096,2015-02-11,SUP007,Supplier G,Accessories,Water Bottle - 30 oz.,157,1.96,2.07,307.71999999999997,324.98999999999995,-17.269999999999982,-0.05314009661835744,2015,2,2015-02
PO100097,2015-02-11,SUP006,Supplier F,Accessories,Patch Kit/8 Patches,61,0.96,1.03,58.559999999999995,62.83,-4.270000000000003,-0.06796116504854374,2015,2,2015-02
PO100098,2015-02-12,SUP006,Supplier F,Accessories,Road Tire Tube,43,1.03,1.05,44.29,45.15,-0.8599999999999994,-0.019047619047619035,2015,2,2015-02
PO100099,2015-02-12,SUP007,Supplier G,Accessories,All-Purpose Bike Stand,213,59.46,63.78,12664.98,13585.14,-920.1599999999999,-0.06773283160865474,2015,2,2015-02
PO100100,2015-02-12,SUP005,Supplier E,Accessories,Water Bottle - 30 oz.,139,2.15,2.13,298.84999999999997,296.07,2.7799999999999727,0.009389671361502256,2015,2,2015-02
PO100101,2015-02-13,SUP006,Supplier F,Accessories,Hydration Pack - 70 oz.,282,19.61,22.44,5530.0199999999995,6328.08,-798.0600000000004,-0.126114081996435,2015,2,2015-02
PO100102,2015-02-13,SUP002,Supplier B,Clothing,"Long-Sleeve Logo Jersey, S",115,38.83,39.6,4465.45,4554.0,-88.55000000000018,-0.019444444444444483,2015,2,2015-02
PO100103,2015-02-13,SUP002,Supplier B,Accessories,Mountain Tire Tube,293,2.3,2.19,673.9,641.67,32.23000000000002,0.05022831050228314,2015,2,2015-02
PO100104,2015-02-14,SUP008,Supplier H,Accessories,Mountain Tire Tube,152,2.05,2.17,311.59999999999997,329.84,-18.24000000000001,-0.055299539170506944,2015,2,2015-02
PO100105,2015-02-14,SUP001,Supplier A,Accessories,"Sport-100 Helmet, Red",99,14.81,13.66,1466.19,1352.34,113.85000000000014,0.08418740849194739,2015,2,2015-02
PO100106,2015-02-15,SUP004,Supplier D,Accessories,ML Road Tire,60,10.08,9.77,604.8,586.1999999999999,18.600000000000023,0.03172978505629482,2015,2,2015-02
PO100107,2015-02-15,SUP001,Supplier A,Accessories,Mountain Tire Tube,291,2.07,2.04,602.37,593.64,8.730000000000018,0.014705882352941207,2015,2,2015-02
PO100108,2015-02-15,SUP009,Supplier I,Accessories,Fender Set - Mountain,129,8.0,8.23,1032.0,1061.67,-29.670000000000073,-0.02794653705953834,2015,2,2015-02
PO100109,2015-02-16,SUP001,Supplier A,Accessories,HL Road Tire,247,12.43,12.74,3070.21,3146.78,-76.57000000000016,-0.024332810047095813,2015,2,2015-02
PO100110,2015-02-16,SUP002,Supplier B,Accessories,Mountain Tire Tube,216,1.99,2.12,429.84,457.92,-28.08000000000004,-0.06132075471698122,2015,2,2015-02
PO100111,2015-02-17,SUP006,Supplier F,Accessories,HL Road Tire,91,12.81,12.76,1165.71,1161.16,4.5499999999999545,0.003918495297805603,2015,2,2015-02
PO100112,2015-02-17,SUP003,Supplier C,Accessories,Patch Kit/8 Patches,12,0.95,1.03,11.399999999999999,12.36,-0.9600000000000009,-0.07766990291262144,2015,2,2015-02
PO100113,2015-02-17,SUP010,Supplier J,Accessories,Road Tire Tube,24,1.06,1.1,25.44,26.400000000000002,-0.9600000000000009,-0.03636363636363639,2015,2,2015-02
PO100114,2015-02-18,SUP006,Supplier F,Accessories,Fender Set - Mountain,217,8.01,8.6,1738.1699999999998,1866.1999999999998,-128.02999999999997,-0.06860465116279069,2015,2,2015-02
PO100115,2015-02-18,SUP002,Supplier B,Accessories,ML Mountain Tire,145,11.14,11.76,1615.3000000000002,1705.2,-89.89999999999986,-0.05272108843537407,2015,2,2015-02
PO100116,2015-02-19,SUP003,Supplier C,Accessories,Touring Tire Tube,241,2.19,2.21,527.79,532.61,-4.82000000000005,-0.009049773755656203,2015,2,2015-02
PO100117,2015-02-19,SUP006,Supplier F,Accessories,LL Road Tire,244,8.13,8.31,1983.7200000000003,2027.64,-43.919999999999845,-0.021660649819494508,2015,2,2015-02
PO100118,2015-02-19,SUP009,Supplier I,Accessories,Road Bottle Cage,14,3.25,3.19,45.5,44.66,0.8400000000000034,0.018808777429467162,2015,2,2015-02
PO100119,2015-02-20,SUP001,Supplier A,Accessories,ML Mountain Tire,95,12.46,11.47,1183.7,1089.65,94.04999999999995,0.08631211857018303,2015,2,2015-02
PO100120,2015-02-20,SUP005,Supplier E,Accessories,Mountain Tire Tube,184,2.23,2.08,410.32,382.72,27.599999999999966,0.07211538461538453,2015,2,2015-02
PO100121,2015-02-20,SUP010,Supplier J,Clothing,"Half-Finger Gloves, S",51,9.14,9.43,466.14000000000004,480.93,-14.789999999999964,-0.030752916224814346,2015,2,2015-02
PO100122,2015-02-21,SUP001,Supplier A,Accessories,"Sport-100 Helmet, Blue",102,15.82,13.58,1613.64,1385.16,228.48000000000002,0.16494845360824742,2015,2,2015-02
PO100123,2015-02-21,SUP005,Supplier E,Accessories,Mountain Bottle Cage,269,4.31,4.43,1159.3899999999999,1191.6699999999998,-32.27999999999997,-0.027088036117381472,2015,2,2015-02
PO100124,2015-02-22,SUP001,Supplier A,Accessories,"Sport-100 Helmet, Blue",278,14.5,14.14,4031.0,3930.92,100.07999999999993,0.02545968882602544,2015,2,2015-02
PO100125,2015-02-22,SUP006,Supplier F,Accessories,Mountain Bottle Cage,204,4.12,4.17,840.48,850.68,-10.199999999999932,-0.011990407673860832,2015,2,2015-02
PO100126,2015-02-22,SUP007,Supplier G,Accessories,Patch Kit/8 Patches,278,0.94,1.08,261.32,300.24,-38.920000000000016,-0.12962962962962968,2015,2,2015-02
PO100127,2015-02-23,SUP006,Supplier F,Accessories,Mountain Bottle Cage,23,4.05,4.29,93.14999999999999,98.67,-5.52000000000001,-0.05594405594405605,2015,2,2015-02
PO100128,2015-02-23,SUP008,Supplier H,Accessories,LL Mountain Tire,184,10.24,10.05,1884.16,1849.2,34.960000000000036,0.01890547263681594,2015,2,2015-02
PO100129,2015-02-24,SUP009,Supplier I,Accessories,Mountain Bottle Cage,186,4.24,4.43,788.64,823.9799999999999,-35.33999999999992,-0.04288939051918726,2015,2,2015-02
PO100130,2015-02-24,SUP002,Supplier B,Accessories,"Sport-100 Helmet, Black",55,14.55,14.25,800.25,783.75,16.5,0.021052631578947368,2015,2,2015-02
PO100131,2015-02-24,SUP004,Supplier D,Accessories,Mountain Tire Tube,206,2.21,2.08,455.26,428.48,26.779999999999973,0.06249999999999993,2015,2,2015-02
PO100132,2015-02-25,SUP011,Supplier K,Accessories,Touring Tire Tube,69,1.92,2.06,132.48,142.14000000000001,-9.660000000000025,-0.06796116504854385,2015,2,2015-02
PO100133,2015-02-25,SUP005,Supplier E,Accessories,Hitch Rack - 4-Bike,226,49.29,48.85,11139.539999999999,11040.1,99.43999999999869,0.009007164790173883,2015,2,2015-02
PO100134,2015-02-26,SUP008,Supplier H,Accessories,Road Tire Tube,27,1.08,1.11,29.160000000000004,29.970000000000002,-0.8099999999999987,-0.027027027027026983,2015,2,2015-02
PO100135,2015-02-26,SUP007,Supplier G,Accessories,Fender Set - Mountain,90,8.41,8.92,756.9,802.8,-45.89999999999998,-0.05717488789237666,2015,2,2015-02
PO100136,2015-02-26,SUP006,Supplier F,Clothing,"Classic Vest, S",185,26.93,26.8,4982.05,4958.0,24.050000000000182,0.0048507462686567535,2015,2,2015-02
PO100137,2015-02-27,SUP001,Supplier A,Accessories,"Sport-100 Helmet, Blue",76,15.24,14.52,1158.24,1103.52,54.72000000000003,0.049586776859504154,2015,2,2015-02
PO100138,2015-02-27,SUP005,Supplier E,Clothing,"Racing Socks, M",111,3.38,3.17,375.18,351.87,23.310000000000002,0.06624605678233439,2015,2,2015-02
PO100139,2015-02-27,SUP001,Supplier A,Accessories,Touring Tire Tube,233,2.23,2.23,519.59,519.59,0.0,0.0,2015,2,2015-02
PO100140,2015-02-28,SUP007,Supplier G,Accessories,"Sport-100 Helmet, Blue",267,12.58,13.36,3358.86,3567.12,-208.25999999999976,-0.058383233532934065,2015,2,2015-02
PO100141,2015-02-28,SUP004,Supplier D,Accessories,Water Bottle - 30 oz.,79,2.06,2.16,162.74,170.64000000000001,-7.900000000000006,-0.04629629629629633,2015,2,2015-02
PO100142,2015-03-01,SUP001,Supplier A,Accessories,"Sport-100 Helmet, Red",196,14.78,14.46,2896.8799999999997,2834.1600000000003,62.719999999999345,0.02213001383125841,2015,3,2015-03
PO100143,2015-03-01,SUP007,Supplier G,Clothing,AWC Logo Cap,73,7.41,7.31,540.9300000000001,533.63,7.300000000000068,0.013679890560875641,2015,3,2015-03
PO100144,2015-03-01,SUP005,Supplier E,Accessories,Road Tire Tube,21,1.13,1.1,23.729999999999997,23.1,0.6299999999999955,0.027272727272727074,2015,3,2015-03
PO100145,2015-03-02,SUP006,Supplier F,Clothing,"Short-Sleeve Classic Jersey, S",266,41.99,46.16,11169.34,12278.56,-1109.2199999999993,-0.09033795493934137,2015,3,2015-03
PO100146,2015-03-02,SUP005,Supplier E,Accessories,Touring Tire Tube,230,2.01,2.19,462.29999999999995,503.7,-41.400000000000034,-0.08219178082191787,2015,3,2015-03
PO100147,2015-03-03,SUP004,Supplier D,Clothing,"Women's Mountain Shorts, L",190,29.22,27.56,5551.8,5236.4,315.40000000000055,0.06023222060957921,2015,3,2015-03
PO100148,2015-03-03,SUP002,Supplier B,Accessories,Fender Set - Mountain,191,8.67,8.8,1655.97,1680.8000000000002,-24.830000000000155,-0.014772727272727363,2015,3,2015-03
PO100149,2015-03-03,SUP011,Supplier K,Accessories,"Sport-100 Helmet, Blue",102,13.18,13.97,1344.36,1424.94,-80.58000000000015,-0.056549749463135394,2015,3,2015-03
PO100150,2015-03-04,SUP010,Supplier J,Accessories,Mountain Tire Tube,219,2.14,2.18,468.66,477.42,-8.759999999999991,-0.01834862385321099,2015,3,2015-03
PO100151,2015-03-04,SUP007,Supplier G,Accessories,Patch Kit/8 Patches,288,1.14,1.08,328.32,311.04,17.279999999999973,0.05555555555555546,2015,3,2015-03
PO100152,2015-03-05,SUP002,Supplier B,Accessories,Water Bottle - 30 oz.,277,2.04,2.18,565.08,603.86,-38.77999999999997,-0.06422018348623848,2015,3,2015-03
PO100153,2015-03-05,SUP002,Supplier B,Accessories,Mountain Tire Tube,130,2.21,2.12,287.3,275.6,11.699999999999989,0.0424528301886792,2015,3,2015-03
PO100154,2015-03-05,SUP005,Supplier E,Accessories,Touring Tire,136,12.17,11.57,1655.12,1573.52,81.59999999999991,0.05185825410544506,2015,3,2015-03
PO100155,2015-03-06,SUP007,Supplier G,Accessories,Patch Kit/8 Patches,270,1.11,1.1,299.70000000000005,297.0,2.7000000000000455,0.009090909090909245,2015,3,2015-03
PO100156,2015-03-06,SUP002,Supplier B,Accessories,Fender Set - Mountain,11,8.7,8.44,95.69999999999999,92.83999999999999,2.8599999999999994,0.030805687203791468,2015,3,2015-03
PO100157,2015-03-06,SUP003,Supplier C,Accessories,Patch Kit/8 Patches,22,1.06,1.02,23.32,22.44,0.879999999999999,0.039215686274509755,2015,3,2015-03
PO100158,2015-03-07,SUP003,Supplier C,Accessories,Mountain Tire Tube,264,2.23,2.13,588.72,562.3199999999999,26.40000000000009,0.0469483568075119,2015,3,2015-03
PO100159,2015-03-07,SUP002,Supplier B,Accessories,"Sport-100 Helmet, Red",128,13.87,13.81,1775.36,1767.68,7.679999999999836,0.0043446777697319855,2015,3,2015-03
PO100160,2015-03-08,SUP003,Supplier C,Accessories,"Sport-100 Helmet, Black",215,13.3,13.61,2859.5,2926.15,-66.65000000000009,-0.02277736958119033,2015,3,2015-03
PO100161,2015-03-08,SUP006,Supplier F,Clothing,AWC Logo Cap,30,7.76,7.45,232.79999999999998,223.5,9.299999999999983,0.04161073825503348,2015,3,2015-03
PO100162,2015-03-08,SUP006,Supplier F,Bikes,"Mountain-500 Black, 48",93,303.31,301.13,28207.83,28005.09,202.7400000000016,0.007239398266529463,2015,3,2015-03
PO100163,2015-03-09,SUP006,Supplier F,Accessories,Patch Kit/8 Patches,122,1.25,1.11,152.5,135.42000000000002,17.079999999999984,0.126126126126126,2015,3,2015-03
PO100164,2015-03-09,SUP009,Supplier I,Accessories,Fender Set - Mountain,191,9.15,8.92,1747.65,1703.72,43.930000000000064,0.025784753363228736,2015,3,2015-03
PO100165,2015-03-10,SUP001,Supplier A,Accessories,Touring Tire,24,12.78,11.94,306.71999999999997,286.56,20.159999999999968,0.07035175879396974,2015,3,2015-03
PO100166,2015-03-10,SUP003,Supplier C,Accessories,Water Bottle - 30 oz.,109,2.16,2.2,235.44000000000003,239.8,-4.359999999999985,-0.01818181818181812,2015,3,2015-03
PO100167,2015-03-10,SUP011,Supplier K,Clothing,"Short-Sleeve Classic Jersey, L",130,42.73,44.4,5554.9,5772.0,-217.10000000000036,-0.03761261261261267,2015,3,2015-03
PO100168,2015-03-11,SUP002,Supplier B,Clothing,"Long-Sleeve Logo Jersey, XL",197,40.91,40.76,8059.2699999999995,8029.719999999999,29.550000000000182,0.003680078508341534,2015,3,2015-03
PO100169,2015-03-11,SUP008,Supplier H,Accessories,Patch Kit/8 Patches,247,1.07,1.08,264.29,266.76,-2.4699999999999704,-0.00925925925925915,2015,3,2015-03
PO100170,2015-03-11,SUP009,Supplier I,Clothing,"Women's Mountain Shorts, L",24,26.14,27.81,627.36,667.4399999999999,-40.07999999999993,-0.06005034160373956,2015,3,2015-03
PO100171,2015-03-12,SUP010,Supplier J,Accessories,Fender Set - Mountain,54,8.94,8.95,482.76,483.29999999999995,-0.5399999999999636,-0.0011173184357541148,2015,3,2015-03
PO100172,2015-03-12,SUP004,Supplier D,Accessories,Patch Kit/8 Patches,260,1.17,1.08,304.2,280.8,23.399999999999977,0.08333333333333325,2015,3,2015-03
PO100173,2015-03-13,SUP007,Supplier G,Accessories,"Sport-100 Helmet, Red",273,13.84,14.06,3778.32,3838.38,-60.059999999999945,-0.01564722617354195,2015,3,2015-03
PO100174,2015-03-13,SUP005,Supplier E,Accessories,Patch Kit/8 Patches,205,1.11,1.07,227.55,219.35000000000002,8.199999999999989,0.0373831775700934,2015,3,2015-03
PO100175,2015-03-13,SUP006,Supplier F,Accessories,"Sport-100 Helmet, Blue",160,13.37,13.61,2139.2,2177.6,-38.40000000000009,-0.017634092578986082,2015,3,2015-03
PO100176,2015-03-14,SUP009,Supplier I,Clothing,"Long-Sleeve Logo Jersey, XL",90,39.12,40.69,3520.7999999999997,3662.1,-141.30000000000018,-0.038584418776112114,2015,3,2015-03
PO100177,2015-03-14,SUP009,Supplier I,Accessories,Patch Kit/8 Patches,12,1.14,1.11,13.68,13.32,0.35999999999999943,0.027027027027026983,2015,3,2015-03
PO100178,2015-03-15,SUP007,Supplier G,Accessories,HL Mountain Tire,40,13.3,13.82,532.0,552.8,-20.799999999999955,-0.037626628075253174,2015,3,2015-03
PO100179,2015-03-15,SUP006,Supplier F,Bikes,"Mountain-400-W Silver, 38",106,434.21,447.16,46026.259999999995,47398.96,-1372.7000000000044,-0.02896055103318732,2015,3,2015-03
PO100180,2015-03-15,SUP004,Supplier D,Clothing,AWC Logo Cap,33,7.78,7.6,256.74,250.79999999999998,5.940000000000026,0.023684210526315894,2015,3,2015-03
PO100181,2015-03-16,SUP004,Supplier D,Accessories,"Sport-100 Helmet, Blue",191,15.09,13.74,2882.19,2624.34,257.8499999999999,0.09825327510917027,2015,3,2015-03
PO100182,2015-03-16,SUP003,Supplier C,Clothing,"Half-Finger Gloves, M",163,10.18,9.59,1659.34,1563.17,96.16999999999985,0.06152241918665266,2015,3,2015-03
PO100183,2015-03-17,SUP007,Supplier G,Clothing,"Long-Sleeve Logo Jersey, S",192,40.05,39.72,7689.599999999999,7626.24,63.35999999999967,0.008308157099697842,2015,3,2015-03
PO100184,2015-03-17,SUP003,Supplier C,Clothing,"Half-Finger Gloves, L",287,9.55,9.2,2740.8500000000004,2640.3999999999996,100.45000000000073,0.038043478260869845,2015,3,2015-03
PO100185,2015-03-17,SUP004,Supplier D,Accessories,Mountain Tire Tube,122,2.31,2.14,281.82,261.08000000000004,20.739999999999952,0.0794392523364484,2015,3,2015-03
PO100186,2015-03-18,SUP002,Supplier B,Accessories,Bike Wash - Dissolver,36,3.32,3.3,119.52,118.8,0.7199999999999989,0.006060606060606051,2015,3,2015-03
PO100187,2015-03-18,SUP002,Supplier B,Accessories,Road Tire Tube,163,1.05,1.07,171.15,174.41,-3.259999999999991,-0.018691588785046676,2015,3,2015-03
PO100188,2015-03-18,SUP004,Supplier D,Accessories,Road Tire Tube,42,1.12,1.04,47.040000000000006,43.68,3.3600000000000065,0.07692307692307708,2015,3,2015-03
PO100189,2015-03-19,SUP002,Supplier B,Accessories,Water Bottle - 30 oz.,31,2.1,2.21,65.10000000000001,68.51,-3.4099999999999966,-0.049773755656108545,2015,3,2015-03
PO100190,2015-03-19,SUP008,Supplier H,Accessories,Road Bottle Cage,273,3.54,3.28,966.42,895.4399999999999,70.98000000000002,0.07926829268292686,2015,3,2015-03
PO100191,2015-03-20,SUP002,Supplier B,Accessories,"Sport-100 Helmet, Black",221,14.05,14.38,3105.05,3177.98,-72.92999999999984,-0.022948539638386597,2015,3,2015-03
PO100192,2015-03-20,SUP007,Supplier G,Accessories,Mountain Tire Tube,186,2.2,2.12,409.20000000000005,394.32,14.880000000000052,0.037735849056603904,2015,3,2015-03
PO100193,2015-03-20,SUP003,Supplier C,Accessories,"Sport-100 Helmet, Blue",110,11.78,13.34,1295.8,1467.4,-171.60000000000014,-0.1169415292353824,2015,3,2015-03
PO100194,2015-03-21,SUP006,Supplier F,Accessories,Road Tire Tube,159,1.09,1.1,173.31,174.9,-1.5900000000000034,-0.00909090909090911,2015,3,2015-03
PO100195,2015-03-21,SUP005,Supplier E,Accessories,Water Bottle - 30 oz.,213,1.95,2.15,415.34999999999997,457.95,-42.60000000000002,-0.09302325581395354,2015,3,2015-03
PO100196,2015-03-22,SUP007,Supplier G,Accessories,Patch Kit/8 Patches,237,0.95,1.09,225.14999999999998,258.33000000000004,-33.180000000000064,-0.1284403669724773,2015,3,2015-03
PO100197,2015-03-22,SUP008,Supplier H,Accessories,Water Bottle - 30 oz.,154,2.45,2.24,377.3,344.96000000000004,32.339999999999975,0.09374999999999992,2015,3,2015-03
PO100198,2015-03-22,SUP008,Supplier H,Accessories,Water Bottle - 30 oz.,260,2.28,2.2,592.8,572.0,20.799999999999955,0.036363636363636286,2015,3,2015-03
PO100199,2015-03-23,SUP005,Supplier E,Accessories,Hydration Pack - 70 oz.,123,22.28,22.68,2740.44,2789.64,-49.19999999999982,-0.017636684303350907,2015,3,2015-03
PO100200,2015-03-23,SUP007,Supplier G,Accessories,ML Road Tire,166,9.29,9.31,1542.1399999999999,1545.46,-3.3200000000001637,-0.0021482277121375923,2015,3,2015-03
PO100201,2015-03-24,SUP007,Supplier G,Accessories,Mountain Bottle Cage,286,4.35,4.38,1244.1,1252.68,-8.580000000000155,-0.0068493150684932735,2015,3,2015-03
PO100202,2015-03-24,SUP008,Supplier H,Accessories,Road Bottle Cage,175,3.08,3.15,539.0,551.25,-12.25,-0.022222222222222223,2015,3,2015-03
PO100203,2015-03-24,SUP002,Supplier B,Clothing,"Classic Vest, L",189,29.5,25.33,5575.5,4787.37,788.1300000000001,0.1646269245953415,2015,3,2015-03
PO100204,2015-03-25,SUP002,Supplier B,Accessories,Fender Set - Mountain,26,8.35,8.86,217.1,230.35999999999999,-13.259999999999991,-0.05756207674943563,2015,3,2015-03
PO100205,2015-03-25,SUP006,Supplier F,Accessories,Mountain Tire Tube,162,2.2,2.14,356.40000000000003,346.68,9.720000000000027,0.028037383177570173,2015,3,2015-03
PO100206,2015-03-25,SUP006,Supplier F,Accessories,"Sport-100 Helmet, Red",50,13.75,13.83,687.5,691.5,-4.0,-0.005784526391901663,2015,3,2015-03
PO100207,2015-03-26,SUP005,Supplier E,Accessories,"Sport-100 Helmet, Blue",98,14.06,13.48,1377.88,1321.04,56.840000000000146,0.04302670623145412,2015,3,2015-03
PO100208,2015-03-26,SUP007,Supplier G,Clothing,"Short-Sleeve Classic Jersey, L",165,42.94,46.29,7085.099999999999,7637.849999999999,-552.75,-0.0723698422985526,2015,3,2015-03
PO100209,2015-03-27,SUP001,Supplier A,Accessories,HL Mountain Tire,287,14.94,14.29,4287.78,4101.23,186.55000000000018,0.04548635409377192,2015,3,2015-03
PO100210,2015-03-27,SUP003,Supplier C,Accessories,ML Road Tire,94,9.14,9.21,859.1600000000001,865.7400000000001,-6.580000000000041,-0.007600434310532076,2015,3,2015-03
PO100211,2015-03-27,SUP003,Supplier C,Accessories,"Sport-100 Helmet, Black",174,13.76,14.46,2394.24,2516.04,-121.80000000000018,-0.048409405255878356,2015,3,2015-03
PO100212,2015-03-28,SUP006,Supplier F,Accessories,ML Road Tire,198,9.26,9.94,1833.48,1968.12,-134.63999999999987,-0.0684104627766599,2015,3,2015-03
PO100213,2015-03-28,SUP006,Supplier F,Accessories,Fender Set - Mountain,80,8.41,8.52,672.8,681.5999999999999,-8.799999999999955,-0.012910798122065663,2015,3,2015-03
PO100214,2015-03-29,SUP003,Supplier C,Accessories,Road Tire Tube,64,1.11,1.08,71.04,69.12,1.9200000000000017,0.0277777777777778,2015,3,2015-03
PO100215,2015-03-29,SUP008,Supplier H,Clothing,"Long-Sleeve Logo Jersey, XL",158,39.35,40.61,6217.3,6416.38,-199.07999999999993,-0.031026840679635546,2015,3,2015-03
PO100216,2015-03-29,SUP010,Supplier J,Bikes,"Road-250 Black, 52",220,1728.35,1689.95,380237.0,371789.0,8448.0,0.022722565756383324,2015,3,2015-03
PO100217,2015-03-30,SUP004,Supplier D,Accessories,Patch Kit/8 Patches,261,1.15,1.06,300.15,276.66,23.489999999999952,0.0849056603773583,2015,3,2015-03
PO100218,2015-03-30,SUP008,Supplier H,Accessories,Touring Tire Tube,121,2.23,2.17,269.83,262.57,7.259999999999991,0.027649769585253423,2015,3,2015-03
PO100219,2015-03-31,SUP010,Supplier J,Accessories,Water Bottle - 30 oz.,167,2.1,2.18,350.7,364.06,-13.360000000000014,-0.036697247706422055,2015,3,2015-03
PO100220,2015-03-31,SUP012,Supplier L,Accessories,Water Bottle - 30 oz.,85,2.14,2.15,181.9,182.75,-0.8499999999999943,-0.004651162790697643,2015,3,2015-03
PO100221,2015-03-31,SUP004,Supplier D,Accessories,Hydration Pack - 70 oz.,158,23.56,22.35,3722.48,3531.3,191.17999999999984,0.05413870246085006,2015,3,2015-03
PO100222,2015-04-01,SUP003,Supplier C,Accessories,"Sport-100 Helmet, Red",265,12.45,13.29,3299.25,3521.85,-222.5999999999999,-0.06320541760722345,2015,4,2015-04
PO100223,2015-04-01,SUP006,Supplier F,Accessories,Patch Kit/8 Patches,177,1.03,1.08,182.31,191.16000000000003,-8.850000000000023,-0.04629629629629641,2015,4,2015-04
PO100224,2015-04-01,SUP008,Supplier H,Bikes,"Road-150 Red, 56",240,2441.89,2358.23,586053.6,565975.2,20078.400000000023,0.03547575936189434,2015,4,2015-04
PO100225,2015-04-02,SUP001,Supplier A,Accessories,Touring Tire,203,12.12,11.29,2460.3599999999997,2291.87,168.48999999999978,0.07351638618246227,2015,4,2015-04
PO100226,2015-04-02,SUP003,Supplier C,Accessories,"Sport-100 Helmet, Blue",273,14.16,13.55,3865.68,3699.15,166.52999999999975,0.045018450184501776,2015,4,2015-04
PO100227,2015-04-03,SUP005,Supplier E,Accessories,"Sport-100 Helmet, Black",173,15.46,13.84,2674.58,2394.32,280.25999999999976,0.11705202312138718,2015,4,2015-04
PO100228,2015-04-03,SUP012,Supplier L,Clothing,"Long-Sleeve Logo Jersey, M",207,42.19,39.28,8733.33,8130.96,602.3699999999999,0.0740835030549898,2015,4,2015-04
PO100229,2015-04-03,SUP001,Supplier A,Accessories,Water Bottle - 30 oz.,107,2.26,2.23,241.81999999999996,238.60999999999999,3.2099999999999795,0.013452914798206194,2015,4,2015-04
PO100230,2015-04-04,SUP006,Supplier F,Accessories,Water Bottle - 30 oz.,125,2.23,2.16,278.75,270.0,8.75,0.032407407407407406,2015,4,2015-04
PO100231,2015-04-04,SUP002,Supplier B,Accessories,Road Bottle Cage,260,3.47,3.32,902.2,863.1999999999999,39.000000000000114,0.045180722891566404,2015,4,2015-04
PO100232,2015-04-05,SUP001,Supplier A,Accessories,Road Bottle Cage,282,2.96,3.08,834.72,868.5600000000001,-33.84000000000003,-0.038961038961038995,2015,4,2015-04
PO100233,2015-04-05,SUP003,Supplier C,Clothing,AWC Logo Cap,95,8.58,7.5,815.1,712.5,102.60000000000002,0.14400000000000004,2015,4,2015-04
PO100234,2015-04-05,SUP001,Supplier A,Accessories,Mountain Tire Tube,226,2.39,2.22,540.14,501.72,38.41999999999996,0.07657657657657649,2015,4,2015-04
PO100235,2015-04-06,SUP004,Supplier D,Accessories,"Sport-100 Helmet, Red",33,15.4,14.09,508.2,464.96999999999997,43.23000000000002,0.09297374024130593,2015,4,2015-04
PO100236,2015-04-06,SUP004,Supplier D,Accessories,Road Bottle Cage,272,3.34,3.17,908.48,862.24,46.24000000000001,0.05362776025236594,2015,4,2015-04
PO100237,2015-04-07,SUP008,Supplier H,Clothing,"Long-Sleeve Logo Jersey, L",100,41.38,40.23,4138.0,4022.9999999999995,115.00000000000045,0.028585632612478366,2015,4,2015-04
PO100238,2015-04-07,SUP002,Supplier B,Accessories,Touring Tire Tube,140,2.07,2.15,289.79999999999995,301.0,-11.200000000000045,-0.03720930232558155,2015,4,2015-04
PO100239,2015-04-07,SUP010,Supplier J,Accessories,Fender Set - Mountain,143,9.08,8.49,1298.44,1214.07,84.37000000000012,0.06949352179034168,2015,4,2015-04
PO100240,2015-04-08,SUP002,Supplier B,Clothing,"Long-Sleeve Logo Jersey, M",292,38.4,40.42,11212.8,11802.640000000001,-589.840000000002,-0.04997525977239007,2015,4,2015-04
PO100241,2015-04-08,SUP011,Supplier K,Accessories,Mountain Tire Tube,77,2.13,2.09,164.01,160.92999999999998,3.0800000000000125,0.019138755980861323,2015,4,2015-04
PO100242,2015-04-08,SUP005,Supplier E,Accessories,Road Tire Tube,183,1.01,1.07,184.83,195.81,-10.97999999999999,-0.05607476635514013,2015,4,2015-04
PO100243,2015-04-09,SUP001,Supplier A,Accessories,Water Bottle - 30 oz.,237,2.28,2.21,540.3599999999999,523.77,16.589999999999918,0.031674208144796226,2015,4,2015-04
PO100244,2015-04-09,SUP002,Supplier B,Accessories,Water Bottle - 30 oz.,29,1.98,2.16,57.42,62.64,-5.219999999999999,-0.08333333333333331,2015,4,2015-04
PO100245,2015-04-10,SUP006,Supplier F,Accessories,"Sport-100 Helmet, Red",62,13.94,13.84,864.28,858.08,6.199999999999932,0.007225433526011481,2015,4,2015-04
PO100246,2015-04-10,SUP003,Supplier C,Clothing,"Long-Sleeve Logo Jersey, L",44,42.07,40.64,1851.08,1788.16,62.919999999999845,0.03518700787401566,2015,4,2015-04
PO100247,2015-04-10,SUP003,Supplier C,Accessories,Road Bottle Cage,119,3.25,3.25,386.75,386.75,0.0,0.0,2015,4,2015-04
PO100248,2015-04-11,SUP003,Supplier C,Clothing,"Classic Vest, M",168,23.73,25.02,3986.64,4203.36,-216.7199999999998,-0.051558752997601875,2015,4,2015-04
PO100249,2015-04-11,SUP007,Supplier G,Accessories,Touring Tire,217,11.37,11.84,2467.29,2569.2799999999997,-101.98999999999978,-0.03969594594594587,2015,4,2015-04
PO100250,2015-04-12,SUP008,Supplier H,Bikes,"Road-750 Black, 48",186,398.66,376.01,74150.76000000001,69937.86,4212.900000000009,0.06023775963405241,2015,4,2015-04
PO100251,2015-04-12,SUP001,Supplier A,Accessories,"Sport-100 Helmet, Black",159,12.13,13.95,1928.67,2218.0499999999997,-289.37999999999965,-0.13046594982078838,2015,4,2015-04
PO100252,2015-04-12,SUP004,Supplier D,Clothing,AWC Logo Cap,58,8.32,7.8,482.56,452.4,30.160000000000025,0.06666666666666672,2015,4,2015-04
PO100253,2015-04-13,SUP001,Supplier A,Accessories,Water Bottle - 30 oz.,152,1.97,2.21,299.44,335.92,-36.48000000000002,-0.10859728506787335,2015,4,2015-04
PO100254,2015-04-13,SUP006,Supplier F,Accessories,All-Purpose Bike Stand,53,61.56,62.22,3262.6800000000003,3297.66,-34.97999999999956,-0.01060752169720334,2015,4,2015-04
PO100255,2015-04-13,SUP005,Supplier E,Accessories,"Sport-100 Helmet, Blue",257,13.52,13.75,3474.64,3533.75,-59.11000000000013,-0.016727272727272764,2015,4,2015-04
PO100256,2015-04-14,SUP009,Supplier I,Accessories,Water Bottle - 30 oz.,230,2.1,2.16,483.0,496.8,-13.800000000000011,-0.0277777777777778,2015,4,2015-04
PO100257,2015-04-14,SUP010,Supplier J,Accessories,Water Bottle - 30 oz.,69,2.02,2.14,139.38,147.66,-8.280000000000001,-0.05607476635514019,2015,4,2015-04
PO100258,2015-04-15,SUP009,Supplier I,Accessories,Patch Kit/8 Patches,18,1.0,1.1,18.0,19.8,-1.8000000000000007,-0.09090909090909094,2015,4,2015-04
PO100259,2015-04-15,SUP003,Supplier C,Clothing,"Half-Finger Gloves, S",177,9.62,9.8,1702.7399999999998,1734.6000000000001,-31.860000000000355,-0.018367346938775713,2015,4,2015-04
PO100260,2015-04-15,SUP005,Supplier E,Accessories,Mountain Tire Tube,104,2.23,2.17,231.92,225.68,6.239999999999981,0.02764976958525337,2015,4,2015-04
PO100261,2015-04-16,SUP001,Supplier A,Accessories,Road Bottle Cage,230,2.88,3.08,662.4,708.4,-46.0,-0.06493506493506494,2015,4,2015-04
PO100262,2015-04-16,SUP002,Supplier B,Accessories,Fender Set - Mountain,78,8.69,8.83,677.8199999999999,688.74,-10.920000000000073,-0.0158550396375992,2015,4,2015-04
PO100263,2015-04-17,SUP001,Supplier A,Accessories,Patch Kit/8 Patches,89,1.18,1.11,105.02,98.79,6.22999999999999,0.06306306306306296,2015,4,2015-04
PO100264,2015-04-17,SUP007,Supplier G,Accessories,LL Road Tire,148,8.48,8.57,1255.04,1268.3600000000001,-13.320000000000164,-0.010501750291715415,2015,4,2015-04
PO100265,2015-04-17,SUP001,Supplier A,Accessories,Water Bottle - 30 oz.,226,2.01,2.06,454.25999999999993,465.56,-11.300000000000068,-0.02427184466019432,2015,4,2015-04
PO100266,2015-04-18,SUP003,Supplier C,Accessories,Touring Tire Tube,81,2.1,2.1,170.1,170.1,0.0,0.0,2015,4,2015-04
PO100267,2015-04-18,SUP005,Supplier E,Clothing,"Short-Sleeve Classic Jersey, L",177,44.32,45.12,7844.64,7986.24,-141.59999999999945,-0.01773049645390064,2015,4,2015-04
PO100268,2015-04-19,SUP003,Supplier C,Accessories,Touring Tire Tube,238,2.08,2.16,495.04,514.08,-19.04000000000002,-0.03703703703703708,2015,4,2015-04
PO100269,2015-04-19,SUP002,Supplier B,Accessories,Fender Set - Mountain,113,8.23,8.23,929.99,929.99,0.0,0.0,2015,4,2015-04
PO100270,2015-04-19,SUP003,Supplier C,Clothing,"Short-Sleeve Classic Jersey, XL",51,49.28,46.47,2513.28,2369.97,143.3100000000004,0.06046911986227691,2015,4,2015-04
PO100271,2015-04-20,SUP004,Supplier D,Accessories,Mountain Tire Tube,96,2.18,2.11,209.28000000000003,202.56,6.720000000000027,0.0331753554502371,2015,4,2015-04
PO100272,2015-04-20,SUP007,Supplier G,Accessories,Fender Set - Mountain,85,8.32,8.33,707.2,708.05,-0.849999999999909,-0.0012004801920767023,2015,4,2015-04
PO100273,2015-04-20,SUP012,Supplier L,Accessories,Mountain Tire Tube,73,2.15,2.12,156.95,154.76000000000002,2.1899999999999693,0.014150943396226214,2015,4,2015-04
PO100274,2015-04-21,SUP005,Supplier E,Accessories,Patch Kit/8 Patches,18,1.0,1.05,18.0,18.900000000000002,-0.9000000000000021,-0.04761904761904773,2015,4,2015-04
PO100275,2015-04-21,SUP006,Supplier F,Bikes,"Mountain-400-W Silver, 40",73,454.17,435.29,33154.41,31776.170000000002,1378.2400000000016,0.0433733832617336,2015,4,2015-04
PO100276,2015-04-22,SUP005,Supplier E,Accessories,Water Bottle - 30 oz.,279,2.09,2.17,583.11,605.43,-22.319999999999936,-0.036866359447004504,2015,4,2015-04
PO100277,2015-04-22,SUP002,Supplier B,Clothing,"Long-Sleeve Logo Jersey, S",191,39.44,42.08,7533.04,8037.28,-504.2399999999998,-0.06273764258555131,2015,4,2015-04
PO100278,2015-04-22,SUP002,Supplier B,Accessories,Mountain Bottle Cage,243,4.21,4.23,1023.03,1027.89,-4.860000000000127,-0.004728132387706979,2015,4,2015-04
PO100279,2015-04-23,SUP002,Supplier B,Accessories,Touring Tire Tube,215,2.21,2.22,475.15,477.30000000000007,-2.150000000000091,-0.004504504504504694,2015,4,2015-04
PO100280,2015-04-23,SUP004,Supplier D,Accessories,LL Mountain Tire,247,9.54,9.31,2356.3799999999997,2299.57,56.80999999999949,0.024704618689580873,2015,4,2015-04
PO100281,2015-04-24,SUP003,Supplier C,Accessories,Fender Set - Mountain,14,7.73,8.34,108.22,116.75999999999999,-8.539999999999992,-0.07314148681055149,2015,4,2015-04
PO100282,2015-04-24,SUP008,Supplier H,Accessories,"Sport-100 Helmet, Blue",150,12.47,13.83,1870.5,2074.5,-204.0,-0.09833694866232827,2015,4,2015-04
PO100283,2015-04-24,SUP006,Supplier F,Accessories,Patch Kit/8 Patches,236,1.03,1.12,243.08,264.32000000000005,-21.240000000000038,-0.08035714285714299,2015,4,2015-04
PO100284,2015-04-25,SUP001,Supplier A,Accessories,Road Bottle Cage,70,3.08,3.26,215.6,228.2,-12.599999999999994,-0.05521472392638035,2015,4,2015-04
PO100285,2015-04-25,SUP004,Supplier D,Accessories,Mountain Bottle Cage,141,4.76,4.45,671.16,627.45,43.70999999999992,0.06966292134831448,2015,4,2015-04
PO100286,2015-04-26,SUP002,Supplier B,Clothing,"Women's Mountain Shorts, L",204,32.09,28.95,6546.360000000001,5905.8,640.5600000000004,0.10846286701208988,2015,4,2015-04
PO100287,2015-04-26,SUP009,Supplier I,Clothing,"Long-Sleeve Logo Jersey, XL",289,42.0,42.49,12138.0,12279.61,-141.61000000000058,-0.011532125205930855,2015,4,2015-04
PO100288,2015-04-26,SUP003,Supplier C,Accessories,Water Bottle - 30 oz.,197,2.11,2.19,415.66999999999996,431.43,-15.760000000000048,-0.03652968036529691,2015,4,2015-04
PO100289,2015-04-27,SUP007,Supplier G,Accessories,Patch Kit/8 Patches,193,1.1,1.1,212.3,212.3,0.0,0.0,2015,4,2015-04
PO100290,2015-04-27,SUP002,Supplier B,Clothing,AWC Logo Cap,110,7.99,7.69,878.9,845.9000000000001,32.999999999999886,0.03901170351105318,2015,4,2015-04
PO100291,2015-04-27,SUP010,Supplier J,Clothing,AWC Logo Cap,124,6.64,7.29,823.36,903.96,-80.60000000000002,-0.08916323731138548,2015,4,2015-04
PO100292,2015-04-28,SUP006,Supplier F,Accessories,Bike Wash - Dissolver,134,3.02,3.16,404.68,423.44,-18.75999999999999,-0.04430379746835441,2015,4,2015-04
PO100293,2015-04-28,SUP005,Supplier E,Accessories,Mountain Tire Tube,209,2.02,2.06,422.18,430.54,-8.360000000000014,-0.01941747572815537,2015,4,2015-04
PO100294,2015-04-29,SUP007,Supplier G,Clothing,"Short-Sleeve Classic Jersey, S",142,43.97,43.42,6243.74,6165.64,78.09999999999945,0.012666973744817967,2015,4,2015-04
PO100295,2015-04-29,SUP001,Supplier A,Accessories,Patch Kit/8 Patches,298,1.14,1.02,339.71999999999997,303.96,35.75999999999999,0.1176470588235294,2015,4,2015-04
PO100296,2015-04-29,SUP001,Supplier A,Accessories,Water Bottle - 30 oz.,120,2.16,2.16,259.20000000000005,259.20000000000005,0.0,0.0,2015,4,2015-04
PO100297,2015-04-30,SUP005,Supplier E,Accessories,Patch Kit/8 Patches,17,1.07,1.05,18.19,17.85,0.33999999999999986,0.01904761904761904,2015,4,2015-04
PO100298,2015-04-30,SUP001,Supplier A,Accessories,Water Bottle - 30 oz.,132,2.3,2.23,303.59999999999997,294.36,9.239999999999952,0.031390134529147816,2015,4,2015-04
PO100299,2015-05-01,SUP006,Supplier F,Accessories,"Sport-100 Helmet, Black",95,14.35,14.11,1363.25,1340.45,22.799999999999955,0.017009213323883735,2015,5,2015-05
PO100300,2015-05-01,SUP001,Supplier A,Clothing,"Women's Mountain Shorts, M",139,26.42,27.59,3672.38,3835.0099999999998,-162.62999999999965,-0.042406669083001,2015,5,2015-05
PO100301,2015-05-01,SUP001,Supplier A,Accessories,Mountain Bottle Cage,13,4.17,4.18,54.21,54.339999999999996,-0.12999999999999545,-0.002392344497607572,2015,5,2015-05
PO100302,2015-05-02,SUP008,Supplier H,Clothing,AWC Logo Cap,181,7.7,7.65,1393.7,1384.65,9.049999999999955,0.006535947712418267,2015,5,2015-05
PO100303,2015-05-02,SUP011,Supplier K,Accessories,"Sport-100 Helmet, Black",195,14.43,13.49,2813.85,2630.55,183.29999999999973,0.06968124536693836,2015,5,2015-05
PO100304,2015-05-03,SUP002,Supplier B,Accessories,Mountain Tire Tube,69,2.29,2.22,158.01,153.18,4.829999999999984,0.031531531531531425,2015,5,2015-05
PO100305,2015-05-03,SUP006,Supplier F,Accessories,"Sport-100 Helmet, Red",47,14.07,13.38,661.29,628.86,32.42999999999995,0.05156950672645732,2015,5,2015-05
PO100306,2015-05-03,SUP006,Supplier F,Accessories,Hitch Rack - 4-Bike,88,45.21,47.09,3978.48,4143.92,-165.44000000000005,-0.03992355064769591,2015,5,2015-05
PO100307,2015-05-04,SUP007,Supplier G,Accessories,Hitch Rack - 4-Bike,116,50.82,49.23,5895.12,5710.679999999999,184.4400000000005,0.03229737964655707,2015,5,2015-05
PO100308,2015-05-04,SUP003,Supplier C,Accessories,Water Bottle - 30 oz.,62,2.07,2.18,128.34,135.16,-6.819999999999993,-0.05045871559633023,2015,5,2015-05
PO100309,2015-05-04,SUP005,Supplier E,Accessories,Fender Set - Mountain,237,8.23,8.43,1950.51,1997.9099999999999,-47.399999999999864,-0.023724792408066363,2015,5,2015-05
PO100310,2015-05-05,SUP004,Supplier D,Clothing,"Half-Finger Gloves, L",29,9.69,9.58,281.01,277.82,3.1899999999999977,0.011482254697286004,2015,5,2015-05
PO100311,2015-05-05,SUP009,Supplier I,Accessories,"Sport-100 Helmet, Blue",34,14.8,13.78,503.20000000000005,468.52,34.680000000000064,0.07402031930333831,2015,5,2015-05
PO100312,2015-05-06,SUP007,Supplier G,Accessories,Fender Set - Mountain,99,9.06,8.85,896.94,876.15,20.790000000000077,0.02372881355932212,2015,5,2015-05
PO100313,2015-05-06,SUP007,Supplier G,Accessories,Road Bottle Cage,88,3.14,3.28,276.32,288.64,-12.319999999999993,-0.04268292682926827,2015,5,2015-05
PO100314,2015-05-06,SUP003,Supplier C,Accessories,Water Bottle - 30 oz.,13,2.44,2.21,31.72,28.73,2.9899999999999984,0.1040723981900452,2015,5,2015-05
PO100315,2015-05-07,SUP007,Supplier G,Accessories,Bike Wash - Dissolver,216,3.01,3.13,650.16,676.0799999999999,-25.91999999999996,-0.0383386581469648,2015,5,2015-05
PO100316,2015-05-07,SUP005,Supplier E,Clothing,AWC Logo Cap,263,7.22,7.81,1898.86,2054.0299999999997,-155.16999999999985,-0.07554417413572337,2015,5,2015-05
PO100317,2015-05-08,SUP010,Supplier J,Accessories,Water Bottle - 30 oz.,216,2.16,2.21,466.56000000000006,477.36,-10.799999999999955,-0.022624434389140177,2015,5,2015-05
PO100318,2015-05-08,SUP003,Supplier C,Clothing,"Long-Sleeve Logo Jersey, M",67,44.85,41.82,3004.9500000000003,2801.94,203.01000000000022,0.07245337159253953,2015,5,2015-05
PO100319,2015-05-08,SUP003,Supplier C,Accessories,Patch Kit/8 Patches,279,1.08,1.02,301.32,284.58,16.74000000000001,0.05882352941176474,2015,5,2015-05
PO100320,2015-05-09,SUP011,Supplier K,Bikes,"Road-550-W Yellow, 42",184,792.03,776.78,145733.52,142927.52,2806.0,0.019632328329771624,2015,5,2015-05
PO100321,2015-05-09,SUP009,Supplier I,Accessories,Patch Kit/8 Patches,51,0.91,1.04,46.410000000000004,53.04,-6.6299999999999955,-0.12499999999999992,2015,5,2015-05
PO100322,2015-05-10,SUP004,Supplier D,Accessories,Water Bottle - 30 oz.,92,2.38,2.14,218.95999999999998,196.88000000000002,22.079999999999956,0.11214953271028014,2015,5,2015-05
PO100323,2015-05-10,SUP002,Supplier B,Clothing,AWC Logo Cap,192,8.7,7.82,1670.3999999999999,1501.44,168.9599999999998,0.11253196930946278,2015,5,2015-05
PO100324,2015-05-10,SUP002,Supplier B,Accessories,Fender Set - Mountain,258,9.14,8.32,2358.1200000000003,2146.56,211.5600000000004,0.0985576923076925,2015,5,2015-05
PO100325,2015-05-11,SUP008,Supplier H,Accessories,"Sport-100 Helmet, Black",161,13.47,13.49,2168.67,2171.89,-3.2199999999998,-0.0014825796886581734,2015,5,2015-05
PO100326,2015-05-11,SUP002,Supplier B,Accessories,Water Bottle - 30 oz.,230,1.99,2.07,457.7,476.09999999999997,-18.399999999999977,-0.03864734299516904,2015,5,2015-05
PO100327,2015-05-11,SUP004,Supplier D,Accessories,ML Mountain Tire,115,11.53,11.48,1325.9499999999998,1320.2,5.749999999999773,0.0043554006968639395,2015,5,2015-05
PO100328,2015-05-12,SUP006,Supplier F,Accessories,Water Bottle - 30 oz.,97,2.11,2.19,204.67,212.43,-7.760000000000019,-0.03652968036529689,2015,5,2015-05
PO100329,2015-05-12,SUP001,Supplier A,Accessories,Touring Tire Tube,75,2.27,2.21,170.25,165.75,4.5,0.027149321266968326,2015,5,2015-05
PO100330,2015-05-13,SUP010,Supplier J,Clothing,"Racing Socks, L",46,3.42,3.33,157.32,153.18,4.139999999999986,0.02702702702702694,2015,5,2015-05
PO100331,2015-05-13,SUP009,Supplier I,Bikes,"Road-150 Red, 48",30,2072.42,2345.24,62172.600000000006,70357.2,-8184.599999999991,-0.11632924562091715,2015,5,2015-05
PO100332,2015-05-13,SUP004,Supplier D,Accessories,Road Bottle Cage,286,3.64,3.29,1041.04,940.94,100.09999999999991,0.10638297872340416,2015,5,2015-05
PO100333,2015-05-14,SUP004,Supplier D,Accessories,Mountain Tire Tube,78,2.29,2.15,178.62,167.7,10.920000000000016,0.06511627906976754,2015,5,2015-05
PO100334,2015-05-14,SUP005,Supplier E,Accessories,Road Bottle Cage,297,3.39,3.28,1006.83,974.16,32.67000000000007,0.03353658536585374,2015,5,2015-05
PO100335,2015-05-15,SUP007,Supplier G,Accessories,Mountain Tire Tube,81,2.16,2.17,174.96,175.76999999999998,-0.8099999999999739,-0.004608294930875428,2015,5,2015-05
PO100336,2015-05-15,SUP005,Supplier E,Accessories,Water Bottle - 30 oz.,166,2.14,2.18,355.24,361.88000000000005,-6.640000000000043,-0.018348623853211125,2015,5,2015-05
PO100337,2015-05-15,SUP007,Supplier G,Clothing,"Short-Sleeve Classic Jersey, XL",223,45.41,45.69,10126.429999999998,10188.869999999999,-62.44000000000051,-0.006128255635806573,2015,5,2015-05
PO100338,2015-05-16,SUP011,Supplier K,Clothing,AWC Logo Cap,292,7.65,7.36,2233.8,2149.12,84.68000000000029,0.03940217391304362,2015,5,2015-05
PO100339,2015-05-16,SUP011,Supplier K,Accessories,Water Bottle - 30 oz.,75,2.09,2.15,156.75,161.25,-4.5,-0.027906976744186046,2015,5,2015-05
PO100340,2015-05-16,SUP003,Supplier C,Accessories,Mountain Tire Tube,291,2.19,2.13,637.29,619.8299999999999,17.460000000000036,0.028169014084507105,2015,5,2015-05
PO100341,2015-05-17,SUP002,Supplier B,Clothing,"Long-Sleeve Logo Jersey, S",10,38.9,39.82,389.0,398.2,-9.199999999999989,-0.023103967855349045,2015,5,2015-05
PO100342,2015-05-17,SUP005,Supplier E,Accessories,Road Bottle Cage,44,3.48,3.34,153.12,146.95999999999998,6.160000000000025,0.041916167664670836,2015,5,2015-05
PO100343,2015-05-18,SUP004,Supplier D,Accessories,ML Mountain Tire,105,10.84,11.82,1138.2,1241.1000000000001,-102.90000000000009,-0.08291032148900175,2015,5,2015-05
PO100344,2015-05-18,SUP007,Supplier G,Accessories,Road Bottle Cage,67,3.14,3.23,210.38,216.41,-6.030000000000001,-0.027863777089783288,2015,5,2015-05
PO100345,2015-05-18,SUP006,Supplier F,Clothing,"Long-Sleeve Logo Jersey, S",174,39.72,40.37,6911.28,7024.379999999999,-113.09999999999945,-0.016101065147386597,2015,5,2015-05
PO100346,2015-05-19,SUP009,Supplier I,Clothing,"Long-Sleeve Logo Jersey, M",26,38.66,39.12,1005.1599999999999,1017.1199999999999,-11.960000000000036,-0.011758691206544004,2015,5,2015-05
PO100347,2015-05-19,SUP004,Supplier D,Clothing,"Women's Mountain Shorts, L",85,26.26,27.78,2232.1,2361.3,-129.20000000000027,-0.0547156227501801,2015,5,2015-05
PO100348,2015-05-20,SUP007,Supplier G,Accessories,Mountain Bottle Cage,44,4.26,4.32,187.44,190.08,-2.640000000000015,-0.013888888888888966,2015,5,2015-05
PO100349,2015-05-20,SUP004,Supplier D,Accessories,Water Bottle - 30 oz.,214,2.03,2.07,434.41999999999996,442.97999999999996,-8.560000000000002,-0.019323671497584547,2015,5,2015-05
PO100350,2015-05-20,SUP012,Supplier L,Clothing,AWC Logo Cap,270,6.91,7.64,1865.7,2062.7999999999997,-197.09999999999968,-0.09554973821989515,2015,5,2015-05
PO100351,2015-05-21,SUP001,Supplier A,Accessories,Road Bottle Cage,81,3.16,3.34,255.96,270.53999999999996,-14.579999999999956,-0.05389221556886212,2015,5,2015-05
PO100352,2015-05-21,SUP010,Supplier J,Accessories,Patch Kit/8 Patches,199,1.1,1.04,218.9,206.96,11.939999999999998,0.05769230769230768,2015,5,2015-05
PO100353,2015-05-22,SUP011,Supplier K,Accessories,Patch Kit/8 Patches,229,1.12,1.05,256.48,240.45000000000002,16.03,0.06666666666666667,2015,5,2015-05
PO100354,2015-05-22,SUP006,Supplier F,Accessories,Water Bottle - 30 oz.,164,2.38,2.22,390.32,364.08000000000004,26.239999999999952,0.07207207207207193,2015,5,2015-05
PO100355,2015-05-22,SUP004,Supplier D,Accessories,Mountain Bottle Cage,226,4.1,4.2,926.5999999999999,949.2,-22.600000000000136,-0.02380952380952395,2015,5,2015-05
PO100356,2015-05-23,SUP004,Supplier D,Bikes,"Road-350-W Yellow, 42",292,1250.96,1193.03,365280.32,348364.76,16915.559999999998,0.04855703544755789,2015,5,2015-05
PO100357,2015-05-23,SUP007,Supplier G,Accessories,"Sport-100 Helmet, Red",178,14.93,14.31,2657.54,2547.1800000000003,110.35999999999967,0.04332634521313753,2015,5,2015-05
PO100358,2015-05-23,SUP012,Supplier L,Accessories,Patch Kit/8 Patches,10,1.15,1.07,11.5,10.700000000000001,0.7999999999999989,0.07476635514018681,2015,5,2015-05
PO100359,2015-05-24,SUP003,Supplier C,Accessories,Patch Kit/8 Patches,263,1.09,1.05,286.67,276.15000000000003,10.519999999999982,0.03809523809523802,2015,5,2015-05
PO100360,2015-05-24,SUP001,Supplier A,Accessories,"Sport-100 Helmet, Black",122,15.03,13.45,1833.6599999999999,1640.8999999999999,192.76,0.11747211895910781,2015,5,2015-05
PO100361,2015-05-25,SUP007,Supplier G,Accessories,Water Bottle - 30 oz.,139,2.21,2.14,307.19,297.46000000000004,9.729999999999961,0.03271028037383164,2015,5,2015-05
PO100362,2015-05-25,SUP005,Supplier E,Accessories,Road Tire Tube,70,1.1,1.1,77.0,77.0,0.0,0.0,2015,5,2015-05
PO100363,2015-05-25,SUP009,Supplier I,Accessories,Patch Kit/8 Patches,159,1.14,1.09,181.26,173.31,7.949999999999989,0.045871559633027456,2015,5,2015-05
PO100364,2015-05-26,SUP001,Supplier A,Accessories,"Sport-100 Helmet, Red",135,14.32,13.97,1933.2,1885.95,47.25,0.025053686471009307,2015,5,2015-05
PO100365,2015-05-26,SUP005,Supplier E,Accessories,Mountain Tire Tube,161,2.15,2.07,346.15,333.27,12.879999999999995,0.03864734299516907,2015,5,2015-05
PO100366,2015-05-27,SUP003,Supplier C,Accessories,Patch Kit/8 Patches,84,1.06,1.04,89.04,87.36,1.6800000000000068,0.019230769230769308,2015,5,2015-05
PO100367,2015-05-27,SUP005,Supplier E,Accessories,"Sport-100 Helmet, Black",300,13.17,13.5,3951.0,4050.0,-99.0,-0.024444444444444446,2015,5,2015-05
PO100368,2015-05-27,SUP001,Supplier A,Accessories,Touring Tire Tube,183,2.15,2.07,393.45,378.80999999999995,14.640000000000043,0.038647342995169205,2015,5,2015-05
PO100369,2015-05-28,SUP008,Supplier H,Accessories,Patch Kit/8 Patches,63,1.09,1.1,68.67,69.30000000000001,-0.6300000000000097,-0.00909090909090923,2015,5,2015-05
PO100370,2015-05-28,SUP012,Supplier L,Clothing,"Half-Finger Gloves, M",214,10.47,9.49,2240.58,2030.8600000000001,209.7199999999998,0.10326659641728124,2015,5,2015-05
PO100371,2015-05-29,SUP008,Supplier H,Accessories,Touring Tire Tube,92,2.13,2.21,195.95999999999998,203.32,-7.360000000000014,-0.0361990950226245,2015,5,2015-05
PO100372,2015-05-29,SUP003,Supplier C,Accessories,Touring Tire Tube,209,2.21,2.23,461.89,466.07,-4.180000000000007,-0.008968609865470867,2015,5,2015-05
PO100373,2015-05-29,SUP009,Supplier I,Clothing,"Half-Finger Gloves, S",30,9.11,9.51,273.29999999999995,285.3,-12.000000000000057,-0.04206098843322838,2015,5,2015-05
PO100374,2015-05-30,SUP009,Supplier I,Accessories,Mountain Tire Tube,83,2.21,2.24,183.43,185.92000000000002,-2.490000000000009,-0.01339285714285719,2015,5,2015-05
PO100375,2015-05-30,SUP004,Supplier D,Clothing,"Long-Sleeve Logo Jersey, M",13,45.83,42.25,595.79,549.25,46.539999999999964,0.08473372781065082,2015,5,2015-05
PO100376,2015-05-30,SUP007,Supplier G,Accessories,Mountain Tire Tube,216,1.99,2.19,429.84,473.03999999999996,-43.19999999999999,-0.09132420091324199,2015,5,2015-05
PO100377,2015-05-31,SUP003,Supplier C,Accessories,Fender Set - Mountain,239,8.72,8.67,2084.08,2072.13,11.949999999999818,0.005767012687427824,2015,5,2015-05
PO100378,2015-05-31,SUP003,Supplier C,Accessories,HL Road Tire,139,12.84,13.04,1784.76,1812.56,-27.799999999999955,-0.015337423312883411,2015,5,2015-05
PO100379,2015-06-01,SUP001,Supplier A,Accessories,"Sport-100 Helmet, Black",94,15.36,14.43,1443.84,1356.42,87.41999999999985,0.06444906444906433,2015,6,2015-06
PO100380,2015-06-01,SUP002,Supplier B,Accessories,"Sport-100 Helmet, Blue",37,14.15,13.64,523.5500000000001,504.68,18.87000000000006,0.037390029325513316,2015,6,2015-06
PO100381,2015-06-01,SUP008,Supplier H,Accessories,Touring Tire Tube,252,2.0,2.06,504.0,519.12,-15.120000000000005,-0.029126213592233018,2015,6,2015-06
PO100382,2015-06-02,SUP002,Supplier B,Clothing,"Classic Vest, L",74,29.65,26.6,2194.1,1968.4,225.69999999999982,0.11466165413533824,2015,6,2015-06
PO100383,2015-06-02,SUP004,Supplier D,Accessories,Water Bottle - 30 oz.,284,2.4,2.21,681.6,627.64,53.960000000000036,0.08597285067873309,2015,6,2015-06
PO100384,2015-06-03,SUP004,Supplier D,Clothing,AWC Logo Cap,291,7.71,7.29,2243.61,2121.39,122.22000000000025,0.05761316872427996,2015,6,2015-06
PO100385,2015-06-03,SUP011,Supplier K,Clothing,"Half-Finger Gloves, L",130,9.47,9.48,1231.1000000000001,1232.4,-1.2999999999999545,-0.0010548523206750685,2015,6,2015-06
PO100386,2015-06-03,SUP010,Supplier J,Accessories,Patch Kit/8 Patches,174,1.02,1.07,177.48,186.18,-8.700000000000017,-0.04672897196261691,2015,6,2015-06
PO100387,2015-06-04,SUP003,Supplier C,Clothing,"Half-Finger Gloves, L",79,9.6,9.78,758.4,772.62,-14.220000000000027,-0.01840490797546016,2015,6,2015-06
PO100388,2015-06-04,SUP001,Supplier A,Clothing,"Long-Sleeve Logo Jersey, XL",29,38.46,40.41,1115.34,1171.8899999999999,-56.549999999999955,-0.04825538233110613,2015,6,2015-06
PO100389,2015-06-05,SUP003,Supplier C,Bikes,"Touring-2000 Blue, 50",237,730.15,802.5,173045.55,190192.5,-17146.95000000001,-0.09015576323987545,2015,6,2015-06
PO100390,2015-06-05,SUP006,Supplier F,Accessories,Fender Set - Mountain,245,8.54,8.57,2092.2999999999997,2099.65,-7.350000000000364,-0.003500583430571935,2015,6,2015-06
PO100391,2015-06-05,SUP011,Supplier K,Accessories,Patch Kit/8 Patches,129,1.13,1.05,145.76999999999998,135.45000000000002,10.319999999999965,0.07619047619047592,2015,6,2015-06
PO100392,2015-06-06,SUP007,Supplier G,Accessories,Road Bottle Cage,51,3.07,3.08,156.57,157.08,-0.5100000000000193,-0.0032467532467533697,2015,6,2015-06
PO100393,2015-06-06,SUP003,Supplier C,Accessories,Fender Set - Mountain,51,8.27,8.22,421.77,419.22,2.5499999999999545,0.006082725060827142,2015,6,2015-06
PO100394,2015-06-06,SUP006,Supplier F,Accessories,Water Bottle - 30 oz.,170,2.32,2.24,394.4,380.8,13.599999999999966,0.03571428571428562,2015,6,2015-06
PO100395,2015-06-07,SUP008,Supplier H,Accessories,"Sport-100 Helmet, Blue",266,14.68,13.95,3904.88,3710.7,194.1800000000003,0.05232974910394273,2015,6,2015-06
PO100396,2015-06-07,SUP004,Supplier D,Accessories,Patch Kit/8 Patches,240,1.05,1.05,252.0,252.0,0.0,0.0,2015,6,2015-06
PO100397,2015-06-08,SUP002,Supplier B,Bikes,"Road-150 Red, 52",11,2263.84,2407.25,24902.24,26479.75,-1577.5099999999984,-0.05957420292865297,2015,6,2015-06
PO100398,2015-06-08,SUP005,Supplier E,Clothing,"Long-Sleeve Logo Jersey, L",285,41.39,41.2,11796.15,11742.0,54.149999999999636,0.004611650485436862,2015,6,2015-06
PO100399,2015-06-08,SUP012,Supplier L,Clothing,AWC Logo Cap,120,9.07,7.7,1088.4,924.0,164.4000000000001,0.177922077922078,2015,6,2015-06
PO100400,2015-06-09,SUP004,Supplier D,Accessories,Patch Kit/8 Patches,23,1.03,1.02,23.69,23.46,0.23000000000000043,0.009803921568627468,2015,6,2015-06
PO100401,2015-06-09,SUP007,Supplier G,Accessories,Mountain Bottle Cage,106,4.21,4.26,446.26,451.56,-5.300000000000011,-0.01173708920187796,2015,6,2015-06
PO100402,2015-06-10,SUP009,Supplier I,Accessories,Fender Set - Mountain,138,8.01,8.95,1105.3799999999999,1235.1,-129.72000000000003,-0.10502793296089388,2015,6,2015-06
PO100403,2015-06-10,SUP008,Supplier H,Accessories,Water Bottle - 30 oz.,210,2.09,2.15,438.9,451.5,-12.600000000000023,-0.027906976744186098,2015,6,2015-06
PO100404,2015-06-10,SUP011,Supplier K,Accessories,"Sport-100 Helmet, Red",277,14.43,14.12,3997.11,3911.24,85.87000000000035,0.021954674220963262,2015,6,2015-06
PO100405,2015-06-11,SUP001,Supplier A,Accessories,Touring Tire Tube,14,2.22,2.06,31.080000000000002,28.84,2.240000000000002,0.07766990291262142,2015,6,2015-06
PO100406,2015-06-11,SUP011,Supplier K,Accessories,Patch Kit/8 Patches,20,1.11,1.05,22.200000000000003,21.0,1.2000000000000028,0.05714285714285728,2015,6,2015-06
PO100407,2015-06-12,SUP005,Supplier E,Accessories,Road Bottle Cage,90,2.95,3.15,265.5,283.5,-18.0,-0.06349206349206349,2015,6,2015-06
PO100408,2015-06-12,SUP005,Supplier E,Clothing,AWC Logo Cap,24,7.43,7.56,178.32,181.44,-3.1200000000000045,-0.017195767195767223,2015,6,2015-06
PO100409,2015-06-12,SUP008,Supplier H,Clothing,"Long-Sleeve Logo Jersey, L",68,38.14,39.28,2593.52,2671.04,-77.51999999999998,-0.029022403258655797,2015,6,2015-06
PO100410,2015-06-13,SUP005,Supplier E,Bikes,"Road-550-W Yellow, 48",191,795.29,783.24,151900.38999999998,149598.84,2301.5499999999884,0.015384811807364205,2015,6,2015-06
PO100411,2015-06-13,SUP012,Supplier L,Accessories,Water Bottle - 30 oz.,144,2.12,2.09,305.28000000000003,300.96,4.32000000000005,0.0143540669856461,2015,6,2015-06
PO100412,2015-06-13,SUP005,Supplier E,Accessories,Water Bottle - 30 oz.,267,2.18,2.13,582.0600000000001,568.7099999999999,13.350000000000136,0.02347417840375611,2015,6,2015-06
PO100413,2015-06-14,SUP001,Supplier A,Accessories,Road Tire Tube,25,1.04,1.04,26.0,26.0,0.0,0.0,2015,6,2015-06
PO100414,2015-06-14,SUP007,Supplier G,Accessories,"Sport-100 Helmet, Red",148,14.05,14.02,2079.4,2074.96,4.440000000000055,0.002139800285306731,2015,6,2015-06
PO100415,2015-06-15,SUP001,Supplier A,Accessories,Mountain Bottle Cage,46,4.07,4.32,187.22000000000003,198.72000000000003,-11.5,-0.057870370370370364,2015,6,2015-06
PO100416,2015-06-15,SUP011,Supplier K,Accessories,"Sport-100 Helmet, Black",149,14.52,13.97,2163.48,2081.53,81.94999999999982,0.03937007874015739,2015,6,2015-06
PO100417,2015-06-15,SUP005,Supplier E,Accessories,Water Bottle - 30 oz.,220,2.25,2.24,495.0,492.80000000000007,2.199999999999932,0.004464285714285575,2015,6,2015-06
PO100418,2015-06-16,SUP002,Supplier B,Accessories,Fender Set - Mountain,284,9.11,8.95,2587.24,2541.7999999999997,45.440000000000055,0.017877094972067062,2015,6,2015-06
PO100419,2015-06-16,SUP002,Supplier B,Accessories,"Sport-100 Helmet, Red",248,13.06,13.52,3238.88,3352.96,-114.07999999999993,-0.034023668639053234,2015,6,2015-06
PO100420,2015-06-17,SUP011,Supplier K,Accessories,Patch Kit/8 Patches,253,0.94,1.04,237.82,263.12,-25.30000000000001,-0.0961538461538462,2015,6,2015-06
PO100421,2015-06-17,SUP004,Supplier D,Accessories,LL Road Tire,99,9.09,8.54,899.91,845.4599999999999,54.450000000000045,0.0644028103044497,2015,6,2015-06
PO100422,2015-06-17,SUP002,Supplier B,Accessories,Mountain Tire Tube,182,2.08,2.2,378.56,400.40000000000003,-21.840000000000032,-0.05454545454545462,2015,6,2015-06
PO100423,2015-06-18,SUP004,Supplier D,Clothing,"Short-Sleeve Classic Jersey, XL",115,49.89,44.87,5737.35,5160.049999999999,577.3000000000011,0.11187876086472053,2015,6,2015-06
PO100424,2015-06-18,SUP001,Supplier A,Clothing,"Long-Sleeve Logo Jersey, S",84,43.35,40.15,3641.4,3372.6,268.8000000000002,0.07970112079701126,2015,6,2015-06
PO100425,2015-06-18,SUP011,Supplier K,Accessories,Patch Kit/8 Patches,261,1.06,1.1,276.66,287.1,-10.439999999999998,-0.036363636363636355,2015,6,2015-06
PO100426,2015-06-19,SUP004,Supplier D,Accessories,LL Mountain Tire,78,10.17,10.01,793.26,780.78,12.480000000000018,0.01598401598401601,2015,6,2015-06
PO100427,2015-06-19,SUP005,Supplier E,Accessories,Road Bottle Cage,108,3.15,3.29,340.2,355.32,-15.120000000000005,-0.042553191489361715,2015,6,2015-06
PO100428,2015-06-20,SUP005,Supplier E,Accessories,HL Road Tire,19,13.04,13.14,247.76,249.66000000000003,-1.900000000000034,-0.0076103500761036365,2015,6,2015-06
PO100429,2015-06-20,SUP003,Supplier C,Accessories,Water Bottle - 30 oz.,60,2.07,2.12,124.19999999999999,127.2,-3.000000000000014,-0.02358490566037747,2015,6,2015-06
PO100430,2015-06-20,SUP007,Supplier G,Accessories,Mountain Tire Tube,280,2.27,2.24,635.6,627.2,8.399999999999977,0.013392857142857106,2015,6,2015-06
PO100431,2015-06-21,SUP010,Supplier J,Accessories,Bike Wash - Dissolver,136,3.23,3.15,439.28,428.4,10.879999999999995,0.025396825396825386,2015,6,2015-06
PO100432,2015-06-21,SUP005,Supplier E,Accessories,Water Bottle - 30 oz.,140,2.08,2.2,291.2,308.0,-16.80000000000001,-0.054545454545454584,2015,6,2015-06
PO100433,2015-06-22,SUP002,Supplier B,Accessories,Water Bottle - 30 oz.,257,1.93,2.08,496.01,534.5600000000001,-38.55000000000007,-0.07211538461538473,2015,6,2015-06
PO100434,2015-06-22,SUP002,Supplier B,Accessories,Touring Tire Tube,132,2.17,2.21,286.44,291.71999999999997,-5.279999999999973,-0.018099547511312125,2015,6,2015-06
PO100435,2015-06-22,SUP004,Supplier D,Accessories,"Sport-100 Helmet, Black",277,14.94,14.04,4138.38,3889.08,249.30000000000018,0.06410256410256415,2015,6,2015-06
PO100436,2015-06-23,SUP008,Supplier H,Accessories,Patch Kit/8 Patches,240,1.11,1.07,266.40000000000003,256.8,9.600000000000023,0.037383177570093545,2015,6,2015-06
PO100437,2015-06-23,SUP001,Supplier A,Accessories,Patch Kit/8 Patches,259,1.12,1.07,290.08000000000004,277.13,12.950000000000045,0.04672897196261699,2015,6,2015-06
PO100438,2015-06-24,SUP004,Supplier D,Clothing,"Long-Sleeve Logo Jersey, XL",144,42.47,42.04,6115.68,6053.76,61.92000000000007,0.010228353948620374,2015,6,2015-06
PO100439,2015-06-24,SUP003,Supplier C,Accessories,Fender Set - Mountain,241,8.17,8.57,1968.97,2065.37,-96.39999999999986,-0.04667444574095676,2015,6,2015-06
PO100440,2015-06-24,SUP010,Supplier J,Accessories,"Sport-100 Helmet, Red",192,14.09,14.45,2705.2799999999997,2774.3999999999996,-69.11999999999989,-0.024913494809688547,2015,6,2015-06
PO100441,2015-06-25,SUP002,Supplier B,Accessories,LL Mountain Tire,154,8.92,9.84,1373.68,1515.36,-141.67999999999984,-0.09349593495934949,2015,6,2015-06
PO100442,2015-06-25,SUP003,Supplier C,Accessories,Road Tire Tube,170,1.21,1.12,205.7,190.4,15.299999999999983,0.08035714285714277,2015,6,2015-06
PO100443,2015-06-25,SUP003,Supplier C,Accessories,Water Bottle - 30 oz.,187,2.12,2.23,396.44,417.01,-20.569999999999993,-0.04932735426008967,2015,6,2015-06
PO100444,2015-06-26,SUP006,Supplier F,Accessories,Mountain Tire Tube,134,2.03,2.07,272.02,277.38,-5.360000000000014,-0.019323671497584592,2015,6,2015-06
PO100445,2015-06-26,SUP009,Supplier I,Accessories,Mountain Tire Tube,216,2.05,2.08,442.79999999999995,449.28000000000003,-6.480000000000075,-0.014423076923077089,2015,6,2015-06
PO100446,2015-06-27,SUP004,Supplier D,Accessories,Touring Tire Tube,24,2.12,2.05,50.88,49.199999999999996,1.6800000000000068,0.034146341463414775,2015,6,2015-06
PO100447,2015-06-27,SUP003,Supplier C,Accessories,Patch Kit/8 Patches,31,1.04,1.07,32.24,33.17,-0.9299999999999997,-0.028037383177570083,2015,6,2015-06
PO100448,2015-06-27,SUP011,Supplier K,Accessories,Fender Set - Mountain,277,8.83,8.57,2445.91,2373.89,72.01999999999998,0.03033838973162193,2015,6,2015-06
PO100449,2015-06-28,SUP003,Supplier C,Accessories,Fender Set - Mountain,255,9.06,8.29,2310.3,2113.95,196.35000000000036,0.09288299155609185,2015,6,2015-06
PO100450,2015-06-28,SUP005,Supplier E,Clothing,"Half-Finger Gloves, L",47,9.83,9.3,462.01,437.1,24.909999999999968,0.05698924731182788,2015,6,2015-06
PO100451,2015-06-29,SUP001,Supplier A,Accessories,"Sport-100 Helmet, Black",246,13.74,14.05,3380.04,3456.3,-76.26000000000022,-0.022064056939501843,2015,6,2015-06
PO100452,2015-06-29,SUP007,Supplier G,Accessories,LL Road Tire,92,8.62,8.63,793.04,793.96,-0.9200000000000728,-0.001158748551564402,2015,6,2015-06
PO100453,2015-06-29,SUP007,Supplier G,Clothing,"Short-Sleeve Classic Jersey, M",141,46.43,44.68,6546.63,6299.88,246.75,0.0391674127126231,2015,6,2015-06
PO100454,2015-06-30,SUP005,Supplier E,Accessories,Water Bottle - 30 oz.,182,2.15,2.17,391.3,394.94,-3.6399999999999864,-0.009216589861751117,2015,6,2015-06
PO100455,2015-06-30,SUP010,Supplier J,Accessories,LL Road Tire,151,8.55,8.25,1291.0500000000002,1245.75,45.30000000000018,0.03636363636363651,2015,6,2015-06
PO100456,2015-07-01,SUP010,Supplier J,Accessories,Touring Tire Tube,215,2.4,2.11,516.0,453.65,62.35000000000002,0.13744075829383892,2015,7,2015-07
PO100457,2015-07-01,SUP008,Supplier H,Clothing,"Women's Mountain Shorts, M",162,27.06,26.79,4383.719999999999,4339.98,43.73999999999978,0.01007838745800667,2015,7,2015-07
PO100458,2015-07-01,SUP001,Supplier A,Accessories,"Sport-100 Helmet, Blue",261,15.0,14.12,3915.0,3685.3199999999997,229.6800000000003,0.06232294617563748,2015,7,2015-07
PO100459,2015-07-02,SUP012,Supplier L,Accessories,Patch Kit/8 Patches,179,1.12,1.07,200.48000000000002,191.53,8.950000000000017,0.04672897196261691,2015,7,2015-07
PO100460,2015-07-02,SUP002,Supplier B,Clothing,"Long-Sleeve Logo Jersey, M",117,38.45,40.56,4498.650000000001,4745.52,-246.8699999999999,-0.05202169625246546,2015,7,2015-07
PO100461,2015-07-02,SUP005,Supplier E,Accessories,"Sport-100 Helmet, Black",171,14.62,14.26,2500.02,2438.46,61.559999999999945,0.025245441795231395,2015,7,2015-07
PO100462,2015-07-03,SUP001,Supplier A,Clothing,"Half-Finger Gloves, M",123,10.2,9.62,1254.6,1183.26,71.33999999999992,0.060291060291060225,2015,7,2015-07
PO100463,2015-07-03,SUP006,Supplier F,Accessories,Fender Set - Mountain,59,8.77,8.75,517.43,516.25,1.17999999999995,0.0022857142857141887,2015,7,2015-07
PO100464,2015-07-04,SUP002,Supplier B,Accessories,Water Bottle - 30 oz.,189,2.14,2.22,404.46000000000004,419.58000000000004,-15.120000000000005,-0.03603603603603604,2015,7,2015-07
PO100465,2015-07-04,SUP005,Supplier E,Accessories,Patch Kit/8 Patches,163,1.16,1.03,189.07999999999998,167.89000000000001,21.18999999999997,0.12621359223300951,2015,7,2015-07
PO100466,2015-07-04,SUP010,Supplier J,Accessories,HL Mountain Tire,248,12.75,13.69,3162.0,3395.12,-233.1199999999999,-0.06866325785244701,2015,7,2015-07
PO100467,2015-07-05,SUP002,Supplier B,Accessories,"Sport-100 Helmet, Red",208,13.31,13.34,2768.48,2774.72,-6.239999999999782,-0.002248875562218812,2015,7,2015-07
PO100468,2015-07-05,SUP006,Supplier F,Accessories,Water Bottle - 30 oz.,128,2.03,2.16,259.84,276.48,-16.640000000000043,-0.060185185185185334,2015,7,2015-07
PO100469,2015-07-06,SUP004,Supplier D,Accessories,Touring Tire Tube,218,2.2,2.21,479.6,481.78,-2.17999999999995,-0.004524886877827951,2015,7,2015-07
PO100470,2015-07-06,SUP006,Supplier F,Accessories,Fender Set - Mountain,275,8.48,8.4,2332.0,2310.0,22.0,0.009523809523809525,2015,7,2015-07
PO100471,2015-07-06,SUP001,Supplier A,Accessories,HL Road Tire,263,13.36,12.48,3513.68,3282.2400000000002,231.4399999999996,0.07051282051282039,2015,7,2015-07
PO100472,2015-07-07,SUP010,Supplier J,Accessories,Road Tire Tube,161,1.03,1.07,165.83,172.27,-6.439999999999998,-0.03738317757009344,2015,7,2015-07
PO100473,2015-07-07,SUP001,Supplier A,Accessories,"Sport-100 Helmet, Red",259,14.05,13.48,3638.9500000000003,3491.32,147.6300000000001,0.04228486646884276,2015,7,2015-07
PO100474,2015-07-08,SUP007,Supplier G,Accessories,Patch Kit/8 Patches,57,0.98,1.03,55.86,58.71,-2.8500000000000014,-0.04854368932038837,2015,7,2015-07
PO100475,2015-07-08,SUP012,Supplier L,Accessories,HL Mountain Tire,104,15.91,14.49,1654.64,1506.96,147.68000000000006,0.09799861973775022,2015,7,2015-07
PO100476,2015-07-08,SUP001,Supplier A,Accessories,Bike Wash - Dissolver,40,3.22,3.13,128.8,125.19999999999999,3.6000000000000227,0.028753993610223825,2015,7,2015-07
PO100477,2015-07-09,SUP002,Supplier B,Clothing,AWC Logo Cap,271,7.05,7.21,1910.55,1953.91,-43.36000000000013,-0.022191400832177594,2015,7,2015-07
PO100478,2015-07-09,SUP009,Supplier I,Accessories,"Sport-100 Helmet, Red",19,12.84,14.33,243.96,272.27,-28.309999999999974,-0.10397766922540116,2015,7,2015-07
PO100479,2015-07-09,SUP002,Supplier B,Accessories,Patch Kit/8 Patches,202,0.97,1.12,195.94,226.24,-30.30000000000001,-0.13392857142857148,2015,7,2015-07
PO100480,2015-07-10,SUP001,Supplier A,Accessories,HL Mountain Tire,33,13.37,13.37,441.21,441.21,0.0,0.0,2015,7,2015-07
PO100481,2015-07-10,SUP003,Supplier C,Accessories,Touring Tire Tube,186,2.32,2.18,431.52,405.48,26.039999999999964,0.06422018348623844,2015,7,2015-07
PO100482,2015-07-11,SUP011,Supplier K,Accessories,Road Tire Tube,146,0.9,1.03,131.4,150.38,-18.97999999999999,-0.12621359223300965,2015,7,2015-07
PO100483,2015-07-11,SUP005,Supplier E,Clothing,"Half-Finger Gloves, M",207,9.06,9.74,1875.42,2016.18,-140.76,-0.06981519507186858,2015,7,2015-07
PO100484,2015-07-11,SUP005,Supplier E,Accessories,HL Mountain Tire,229,13.48,14.04,3086.92,3215.16,-128.23999999999978,-0.03988603988603982,2015,7,2015-07
PO100485,2015-07-12,SUP011,Supplier K,Accessories,HL Mountain Tire,255,12.72,13.35,3243.6000000000004,3404.25,-160.64999999999964,-0.04719101123595495,2015,7,2015-07
PO100486,2015-07-12,SUP005,Supplier E,Accessories,Patch Kit/8 Patches,174,1.06,1.02,184.44,177.48,6.960000000000008,0.03921568627450985,2015,7,2015-07
PO100487,2015-07-13,SUP002,Supplier B,Accessories,ML Road Tire,126,9.29,9.86,1170.54,1242.36,-71.81999999999994,-0.057809330628803196,2015,7,2015-07
PO100488,2015-07-13,SUP005,Supplier E,Accessories,LL Road Tire,282,8.66,8.88,2442.12,2504.1600000000003,-62.04000000000042,-0.024774774774774938,2015,7,2015-07
PO100489,2015-07-13,SUP006,Supplier F,Accessories,Water Bottle - 30 oz.,44,2.19,2.2,96.36,96.80000000000001,-0.44000000000001194,-0.004545454545454668,2015,7,2015-07
PO100490,2015-07-14,SUP002,Supplier B,Accessories,Water Bottle - 30 oz.,263,1.99,2.14,523.37,562.82,-39.450000000000045,-0.07009345794392531,2015,7,2015-07
PO100491,2015-07-14,SUP001,Supplier A,Accessories,"Sport-100 Helmet, Red",268,13.36,13.86,3580.48,3714.48,-134.0,-0.03607503607503607,2015,7,2015-07
PO100492,2015-07-14,SUP004,Supplier D,Accessories,"Sport-100 Helmet, Black",242,14.47,13.66,3501.7400000000002,3305.7200000000003,196.01999999999998,0.059297218155197645,2015,7,2015-07
PO100493,2015-07-15,SUP001,Supplier A,Accessories,Road Tire Tube,258,1.22,1.1,314.76,283.8,30.95999999999998,0.10909090909090902,2015,7,2015-07
PO100494,2015-07-15,SUP005,Supplier E,Accessories,HL Road Tire,221,13.21,12.78,2919.4100000000003,2824.3799999999997,95.03000000000065,0.03364632237871698,2015,7,2015-07
PO100495,2015-07-16,SUP003,Supplier C,Accessories,Road Tire Tube,295,1.06,1.04,312.7,306.8,5.899999999999977,0.019230769230769156,2015,7,2015-07
PO100496,2015-07-16,SUP010,Supplier J,Clothing,AWC Logo Cap,107,7.93,7.4,848.51,791.8000000000001,56.70999999999992,0.07162162162162151,2015,7,2015-07
PO100497,2015-07-16,SUP003,Supplier C,Clothing,"Short-Sleeve Classic Jersey, L",221,39.13,44.45,8647.730000000001,9823.45,-1175.7199999999993,-0.11968503937007867,2015,7,2015-07
PO100498,2015-07-17,SUP002,Supplier B,Accessories,Patch Kit/8 Patches,256,1.15,1.06,294.4,271.36,23.039999999999964,0.08490566037735835,2015,7,2015-07
PO100499,2015-07-17,SUP008,Supplier H,Accessories,Road Tire Tube,80,1.11,1.1,88.80000000000001,88.0,0.8000000000000114,0.00909090909090922,2015,7,2015-07
PO100500,2015-07-18,SUP001,Supplier A,Accessories,Road Tire Tube,151,1.12,1.06,169.12,160.06,9.060000000000002,0.056603773584905676,2015,7,2015-07
PO100501,2015-07-18,SUP005,Supplier E,Clothing,AWC Logo Cap,169,8.13,7.78,1373.97,1314.82,59.15000000000009,0.04498714652956305,2015,7,2015-07
PO100502,2015-07-18,SUP003,Supplier C,Accessories,"Sport-100 Helmet, Blue",68,13.31,13.38,905.08,909.84,-4.759999999999991,-0.00523168908819132,2015,7,2015-07
PO100503,2015-07-19,SUP001,Supplier A,Accessories,Touring Tire,86,10.69,12.32,919.3399999999999,1059.52,-140.18000000000006,-0.13230519480519487,2015,7,2015-07
PO100504,2015-07-19,SUP008,Supplier H,Accessories,Mountain Bottle Cage,79,4.65,4.34,367.35,342.86,24.49000000000001,0.07142857142857145,2015,7,2015-07
PO100505,2015-07-20,SUP006,Supplier F,Accessories,Water Bottle - 30 oz.,103,2.07,2.17,213.20999999999998,223.51,-10.300000000000011,-0.04608294930875581,2015,7,2015-07
PO100506,2015-07-20,SUP001,Supplier A,Accessories,Patch Kit/8 Patches,112,1.11,1.11,124.32000000000001,124.32000000000001,0.0,0.0,2015,7,2015-07
PO100507,2015-07-20,SUP006,Supplier F,Clothing,"Short-Sleeve Classic Jersey, XL",75,44.9,45.76,3367.5,3432.0,-64.5,-0.018793706293706292,2015,7,2015-07
PO100508,2015-07-21,SUP002,Supplier B,Accessories,Mountain Tire Tube,249,2.2,2.21,547.8000000000001,550.29,-2.4899999999998954,-0.004524886877827865,2015,7,2015-07
PO100509,2015-07-21,SUP004,Supplier D,Clothing,"Half-Finger Gloves, S",141,8.7,9.47,1226.6999999999998,1335.27,-108.57000000000016,-0.08130939809926095,2015,7,2015-07
PO100510,2015-07-21,SUP002,Supplier B,Bikes,"Road-750 Black, 58",215,369.19,383.05,79375.85,82355.75,-2979.899999999994,-0.036183265892181106,2015,7,2015-07
PO100511,2015-07-22,SUP004,Supplier D,Accessories,"Sport-100 Helmet, Black",157,13.23,13.98,2077.11,2194.86,-117.75,-0.05364806866952789,2015,7,2015-07
PO100512,2015-07-22,SUP009,Supplier I,Clothing,"Women's Mountain Shorts, M",15,24.66,27.1,369.9,406.5,-36.60000000000002,-0.09003690036900375,2015,7,2015-07
PO100513,2015-07-23,SUP006,Supplier F,Accessories,Road Bottle Cage,175,3.31,3.32,579.25,581.0,-1.75,-0.0030120481927710845,2015,7,2015-07
PO100514,2015-07-23,SUP009,Supplier I,Clothing,"Classic Vest, L",72,27.51,26.05,1980.72,1875.6000000000001,105.11999999999989,0.05604606525911702,2015,7,2015-07
PO100515,2015-07-23,SUP005,Supplier E,Clothing,AWC Logo Cap,193,7.82,7.82,1509.26,1509.26,0.0,0.0,2015,7,2015-07
PO100516,2015-07-24,SUP005,Supplier E,Accessories,Water Bottle - 30 oz.,125,2.04,2.22,255.0,277.5,-22.5,-0.08108108108108109,2015,7,2015-07
PO100517,2015-07-24,SUP008,Supplier H,Accessories,HL Road Tire,187,13.41,13.32,2507.67,2490.84,16.829999999999927,0.006756756756756727,2015,7,2015-07
PO100518,2015-07-25,SUP003,Supplier C,Bikes,"Mountain-200 Black, 46",47,1435.71,1374.73,67478.37,64612.31,2866.0599999999977,0.04435780116822936,2015,7,2015-07
PO100519,2015-07-25,SUP005,Supplier E,Accessories,Hydration Pack - 70 oz.,270,23.56,22.35,6361.2,6034.5,326.6999999999998,0.054138702460850084,2015,7,2015-07
PO100520,2015-07-25,SUP010,Supplier J,Accessories,ML Mountain Tire,92,12.07,11.67,1110.44,1073.64,36.799999999999955,0.03427592116538127,2015,7,2015-07
PO100521,2015-07-26,SUP005,Supplier E,Accessories,Mountain Tire Tube,297,1.99,2.05,591.03,608.8499999999999,-17.819999999999936,-0.02926829268292673,2015,7,2015-07
PO100522,2015-07-26,SUP002,Supplier B,Accessories,Mountain Tire Tube,154,2.08,2.13,320.32,328.02,-7.699999999999989,-0.023474178403755836,2015,7,2015-07
PO100523,2015-07-27,SUP007,Supplier G,Clothing,"Long-Sleeve Logo Jersey, M",16,44.82,42.13,717.12,674.08,43.039999999999964,0.0638499881319724,2015,7,2015-07
PO100524,2015-07-27,SUP010,Supplier J,Accessories,Patch Kit/8 Patches,162,0.99,1.04,160.38,168.48000000000002,-8.100000000000023,-0.048076923076923204,2015,7,2015-07
PO100525,2015-07-27,SUP003,Supplier C,Accessories,Water Bottle - 30 oz.,204,2.24,2.14,456.96000000000004,436.56,20.400000000000034,0.0467289719626169,2015,7,2015-07
PO100526,2015-07-28,SUP006,Supplier F,Clothing,"Short-Sleeve Classic Jersey, XL",237,40.99,46.28,9714.630000000001,10968.36,-1253.7299999999996,-0.1143042350907519,2015,7,2015-07
PO100527,2015-07-28,SUP011,Supplier K,Accessories,Patch Kit/8 Patches,142,1.12,1.11,159.04000000000002,157.62,1.420000000000016,0.00900900900900911,2015,7,2015-07
PO100528,2015-07-28,SUP007,Supplier G,Accessories,"Sport-100 Helmet, Black",36,13.69,14.28,492.84,514.0799999999999,-21.239999999999952,-0.04131652661064417,2015,7,2015-07
PO100529,2015-07-29,SUP004,Supplier D,Accessories,Mountain Tire Tube,285,2.18,2.11,621.3000000000001,601.3499999999999,19.95000000000016,0.03317535545023724,2015,7,2015-07
PO100530,2015-07-29,SUP005,Supplier E,Accessories,Road Tire Tube,16,1.17,1.11,18.72,17.76,0.9599999999999973,0.0540540540540539,2015,7,2015-07
PO100531,2015-07-30,SUP001,Supplier A,Accessories,Patch Kit/8 Patches,143,1.16,1.11,165.88,158.73000000000002,7.149999999999977,0.0450450450450449,2015,7,2015-07
PO100532,2015-07-30,SUP005,Supplier E,Accessories,ML Mountain Tire,199,12.29,12.11,2445.71,2409.89,35.820000000000164,0.01486374896779528,2015,7,2015-07
PO100533,2015-07-30,SUP009,Supplier I,Clothing,"Women's Mountain Shorts, M",210,27.93,27.6,5865.3,5796.0,69.30000000000018,0.011956521739130466,2015,7,2015-07
PO100534,2015-07-31,SUP008,Supplier H,Clothing,AWC Logo Cap,150,7.37,7.67,1105.5,1150.5,-45.0,-0.03911342894393742,2015,7,2015-07
PO100535,2015-07-31,SUP002,Supplier B,Accessories,LL Road Tire,237,9.37,8.43,2220.6899999999996,1997.9099999999999,222.77999999999975,0.1115065243179121,2015,7,2015-07
PO100536,2015-08-01,SUP006,Supplier F,Clothing,AWC Logo Cap,183,7.75,7.84,1418.25,1434.72,-16.470000000000027,-0.011479591836734712,2015,8,2015-08
PO100537,2015-08-01,SUP010,Supplier J,Accessories,Water Bottle - 30 oz.,158,2.07,2.09,327.06,330.21999999999997,-3.159999999999968,-0.009569377990430526,2015,8,2015-08
PO100538,2015-08-01,SUP009,Supplier I,Accessories,"Sport-100 Helmet, Red",22,13.8,14.31,303.6,314.82,-11.21999999999997,-0.03563941299790347,2015,8,2015-08
PO100539,2015-08-02,SUP003,Supplier C,Accessories,Mountain Tire Tube,147,2.14,2.11,314.58000000000004,310.16999999999996,4.410000000000082,0.014218009478673252,2015,8,2015-08
PO100540,2015-08-02,SUP009,Supplier I,Accessories,Touring Tire Tube,170,2.24,2.21,380.8,375.7,5.100000000000023,0.013574660633484224,2015,8,2015-08
PO100541,2015-08-03,SUP004,Supplier D,Accessories,Road Tire Tube,275,1.06,1.07,291.5,294.25,-2.75,-0.009345794392523364,2015,8,2015-08
PO100542,2015-08-03,SUP005,Supplier E,Accessories,"Sport-100 Helmet, Black",185,14.88,14.47,2752.8,2676.9500000000003,75.84999999999991,0.02833448514167239,2015,8,2015-08
PO100543,2015-08-03,SUP007,Supplier G,Clothing,"Women's Mountain Shorts, S",42,26.3,26.69,1104.6000000000001,1120.98,-16.37999999999988,-0.014612214312476477,2015,8,2015-08
PO100544,2015-08-04,SUP012,Supplier L,Accessories,Hydration Pack - 70 oz.,222,22.31,21.72,4952.82,4821.84,130.97999999999956,0.02716390423572735,2015,8,2015-08
PO100545,2015-08-04,SUP012,Supplier L,Accessories,Road Tire Tube,15,0.97,1.04,14.549999999999999,15.600000000000001,-1.0500000000000025,-0.06730769230769246,2015,8,2015-08
PO100546,2015-08-04,SUP004,Supplier D,Accessories,Hitch Rack - 4-Bike,285,50.58,48.92,14415.3,13942.2,473.09999999999854,0.03393295175797209,2015,8,2015-08
PO100547,2015-08-05,SUP009,Supplier I,Clothing,"Long-Sleeve Logo Jersey, M",267,40.46,41.29,10802.82,11024.43,-221.61000000000058,-0.020101719544683996,2015,8,2015-08
PO100548,2015-08-05,SUP004,Supplier D,Accessories,Water Bottle - 30 oz.,101,2.03,2.04,205.02999999999997,206.04,-1.0100000000000193,-0.004901960784313819,2015,8,2015-08
PO100549,2015-08-06,SUP003,Supplier C,Accessories,Mountain Tire Tube,77,2.05,2.04,157.85,157.08,0.7699999999999818,0.004901960784313609,2015,8,2015-08
PO100550,2015-08-06,SUP003,Supplier C,Accessories,"Sport-100 Helmet, Blue",41,14.77,14.05,605.5699999999999,576.0500000000001,29.519999999999868,0.05124555160142325,2015,8,2015-08
PO100551,2015-08-06,SUP002,Supplier B,Clothing,"Long-Sleeve Logo Jersey, S",51,39.33,40.77,2005.83,2079.27,-73.44000000000005,-0.03532008830022078,2015,8,2015-08
PO100552,2015-08-07,SUP007,Supplier G,Accessories,Mountain Tire Tube,85,2.23,2.12,189.55,180.20000000000002,9.349999999999994,0.05188679245283015,2015,8,2015-08
PO100553,2015-08-07,SUP007,Supplier G,Accessories,"Sport-100 Helmet, Red",34,14.37,14.15,488.58,481.1,7.479999999999961,0.015547703180211933,2015,8,2015-08
PO100554,2015-08-08,SUP004,Supplier D,Accessories,Patch Kit/8 Patches,235,1.24,1.09,291.4,256.15000000000003,35.24999999999994,0.13761467889908233,2015,8,2015-08
PO100555,2015-08-08,SUP002,Supplier B,Clothing,"Women's Mountain Shorts, L",191,27.87,28.63,5323.17,5468.33,-145.15999999999985,-0.02654558155780647,2015,8,2015-08
PO100556,2015-08-08,SUP006,Supplier F,Accessories,LL Mountain Tire,225,8.69,9.96,1955.25,2241.0,-285.75,-0.12751004016064257,2015,8,2015-08
PO100557,2015-08-09,SUP007,Supplier G,Clothing,"Women's Mountain Shorts, S",110,27.28,26.9,3000.8,2959.0,41.80000000000018,0.014126394052044671,2015,8,2015-08
PO100558,2015-08-09,SUP008,Supplier H,Clothing,"Women's Mountain Shorts, S",186,27.77,27.55,5165.22,5124.3,40.92000000000007,0.00798548094373867,2015,8,2015-08
PO100559,2015-08-10,SUP002,Supplier B,Accessories,Patch Kit/8 Patches,159,1.11,1.09,176.49,173.31,3.180000000000007,0.01834862385321105,2015,8,2015-08
PO100560,2015-08-10,SUP003,Supplier C,Accessories,Water Bottle - 30 oz.,58,2.06,2.17,119.48,125.86,-6.3799999999999955,-0.0506912442396313,2015,8,2015-08
PO100561,2015-08-10,SUP010,Supplier J,Accessories,Road Tire Tube,109,1.08,1.12,117.72000000000001,122.08000000000001,-4.359999999999999,-0.035714285714285705,2015,8,2015-08
PO100562,2015-08-11,SUP002,Supplier B,Accessories,HL Road Tire,181,12.68,12.61,2295.08,2282.41,12.670000000000073,0.005551149881046821,2015,8,2015-08
PO100563,2015-08-11,SUP012,Supplier L,Bikes,"Road-350-W Yellow, 42",186,1197.82,1179.99,222794.52,219478.14,3316.3799999999756,0.015110297544894336,2015,8,2015-08
PO100564,2015-08-11,SUP008,Supplier H,Bikes,"Road-350-W Yellow, 42",213,1173.65,1155.56,249987.45,246134.28,3853.170000000013,0.015654747481740505,2015,8,2015-08
PO100565,2015-08-12,SUP003,Supplier C,Accessories,Fender Set - Mountain,120,8.08,8.56,969.6,1027.2,-57.60000000000002,-0.05607476635514021,2015,8,2015-08
PO100566,2015-08-12,SUP002,Supplier B,Clothing,"Short-Sleeve Classic Jersey, M",211,49.95,45.88,10539.45,9680.68,858.7700000000004,0.08870967741935488,2015,8,2015-08
PO100567,2015-08-13,SUP001,Supplier A,Clothing,"Half-Finger Gloves, M",263,10.18,9.84,2677.34,2587.92,89.42000000000007,0.03455284552845531,2015,8,2015-08
PO100568,2015-08-13,SUP004,Supplier D,Accessories,Fender Set - Mountain,111,9.24,8.57,1025.64,951.27,74.37000000000012,0.07817969661610281,2015,8,2015-08
PO100569,2015-08-13,SUP001,Supplier A,Accessories,"Sport-100 Helmet, Blue",167,14.01,13.27,2339.67,2216.09,123.57999999999993,0.055764883195177056,2015,8,2015-08
PO100570,2015-08-14,SUP009,Supplier I,Clothing,"Classic Vest, M",201,25.38,25.08,5101.38,5041.08,60.30000000000018,0.011961722488038314,2015,8,2015-08
PO100571,2015-08-14,SUP001,Supplier A,Accessories,Patch Kit/8 Patches,274,1.08,1.05,295.92,287.7,8.220000000000027,0.028571428571428668,2015,8,2015-08
PO100572,2015-08-15,SUP007,Supplier G,Accessories,HL Mountain Tire,104,15.45,14.49,1606.8,1506.96,99.83999999999992,0.06625258799171838,2015,8,2015-08
PO100573,2015-08-15,SUP003,Supplier C,Accessories,"Sport-100 Helmet, Blue",188,14.02,14.33,2635.7599999999998,2694.04,-58.2800000000002,-0.021632937892533222,2015,8,2015-08
PO100574,2015-08-15,SUP006,Supplier F,Clothing,"Short-Sleeve Classic Jersey, S",274,49.06,45.65,13442.44,12508.1,934.3400000000001,0.07469879518072291,2015,8,2015-08
PO100575,2015-08-16,SUP007,Supplier G,Accessories,"Sport-100 Helmet, Red",159,13.87,13.8,2205.33,2194.2000000000003,11.129999999999654,0.005072463768115784,2015,8,2015-08
PO100576,2015-08-16,SUP004,Supplier D,Clothing,"Women's Mountain Shorts, M",170,30.2,29.03,5134.0,4935.1,198.89999999999964,0.04030313468825345,2015,8,2015-08
PO100577,2015-08-16,SUP001,Supplier A,Accessories,"Sport-100 Helmet, Black",265,13.25,13.32,3511.25,3529.8,-18.550000000000182,-0.005255255255255307,2015,8,2015-08
PO100578,2015-08-17,SUP001,Supplier A,Accessories,"Sport-100 Helmet, Blue",285,13.5,13.75,3847.5,3918.75,-71.25,-0.01818181818181818,2015,8,2015-08
PO100579,2015-08-17,SUP003,Supplier C,Accessories,Touring Tire Tube,173,2.1,2.14,363.3,370.22,-6.920000000000016,-0.01869158878504677,2015,8,2015-08
PO100580,2015-08-18,SUP002,Supplier B,Clothing,AWC Logo Cap,281,7.66,7.65,2152.46,2149.65,2.8099999999999454,0.0013071895424836347,2015,8,2015-08
PO100581,2015-08-18,SUP001,Supplier A,Accessories,Water Bottle - 30 oz.,132,2.18,2.06,287.76000000000005,271.92,15.840000000000032,0.05825242718446613,2015,8,2015-08
PO100582,2015-08-18,SUP002,Supplier B,Clothing,AWC Logo Cap,33,7.23,7.36,238.59,242.88000000000002,-4.2900000000000205,-0.01766304347826095,2015,8,2015-08
PO100583,2015-08-19,SUP012,Supplier L,Accessories,Water Bottle - 30 oz.,61,2.4,2.21,146.4,134.81,11.590000000000003,0.08597285067873306,2015,8,2015-08
PO100584,2015-08-19,SUP001,Supplier A,Accessories,Mountain Tire Tube,74,1.94,2.08,143.56,153.92000000000002,-10.360000000000014,-0.06730769230769239,2015,8,2015-08
PO100585,2015-08-20,SUP008,Supplier H,Accessories,Patch Kit/8 Patches,266,1.08,1.05,287.28000000000003,279.3,7.980000000000018,0.028571428571428636,2015,8,2015-08
PO100586,2015-08-20,SUP012,Supplier L,Accessories,LL Road Tire,68,8.84,8.22,601.12,558.96,42.15999999999997,0.07542579075425784,2015,8,2015-08
PO100587,2015-08-20,SUP001,Supplier A,Clothing,"Short-Sleeve Classic Jersey, M",91,45.26,42.91,4118.66,3904.8099999999995,213.85000000000036,0.0547657888604056,2015,8,2015-08
PO100588,2015-08-21,SUP007,Supplier G,Accessories,Road Tire Tube,64,0.91,1.02,58.24,65.28,-7.039999999999999,-0.10784313725490195,2015,8,2015-08
PO100589,2015-08-21,SUP007,Supplier G,Clothing,"Short-Sleeve Classic Jersey, S",258,44.95,46.09,11597.1,11891.220000000001,-294.1200000000008,-0.02473421566500332,2015,8,2015-08
PO100590,2015-08-22,SUP009,Supplier I,Accessories,ML Mountain Tire,63,13.81,12.28,870.0300000000001,773.64,96.3900000000001,0.12459283387622162,2015,8,2015-08
PO100591,2015-08-22,SUP008,Supplier H,Accessories,Mountain Tire Tube,163,2.13,2.21,347.19,360.23,-13.04000000000002,-0.036199095022624486,2015,8,2015-08
PO100592,2015-08-22,SUP007,Supplier G,Accessories,LL Mountain Tire,125,9.29,9.98,1161.25,1247.5,-86.25,-0.06913827655310621,2015,8,2015-08
PO100593,2015-08-23,SUP001,Supplier A,Accessories,Water Bottle - 30 oz.,79,2.23,2.19,176.17,173.01,3.1599999999999966,0.018264840182648383,2015,8,2015-08
PO100594,2015-08-23,SUP005,Supplier E,Accessories,"Sport-100 Helmet, Red",252,14.68,14.45,3699.36,3641.3999999999996,57.96000000000049,0.015916955017301174,2015,8,2015-08
PO100595,2015-08-23,SUP012,Supplier L,Accessories,"Sport-100 Helmet, Blue",132,13.46,13.66,1776.72,1803.1200000000001,-26.40000000000009,-0.014641288433382187,2015,8,2015-08
PO100596,2015-08-24,SUP011,Supplier K,Accessories,"Sport-100 Helmet, Red",199,14.89,13.5,2963.11,2686.5,276.6100000000001,0.102962962962963,2015,8,2015-08
PO100597,2015-08-24,SUP008,Supplier H,Accessories,LL Road Tire,139,7.98,8.83,1109.22,1227.3700000000001,-118.15000000000009,-0.09626274065685171,2015,8,2015-08
PO100598,2015-08-25,SUP004,Supplier D,Accessories,Water Bottle - 30 oz.,156,2.23,2.12,347.88,330.72,17.159999999999968,0.05188679245283009,2015,8,2015-08
PO100599,2015-08-25,SUP008,Supplier H,Accessories,Patch Kit/8 Patches,288,1.05,1.08,302.40000000000003,311.04,-8.639999999999986,-0.02777777777777773,2015,8,2015-08
PO100600,2015-08-25,SUP005,Supplier E,Accessories,Water Bottle - 30 oz.,14,2.06,2.05,28.84,28.699999999999996,0.14000000000000412,0.004878048780487949,2015,8,2015-08
PO100601,2015-08-26,SUP007,Supplier G,Accessories,Touring Tire Tube,278,2.07,2.09,575.4599999999999,581.02,-5.560000000000059,-0.009569377990430724,2015,8,2015-08
PO100602,2015-08-26,SUP007,Supplier G,Clothing,"Long-Sleeve Logo Jersey, S",155,37.67,40.77,5838.85,6319.35,-480.5,-0.07603630120186411,2015,8,2015-08
PO100603,2015-08-27,SUP011,Supplier K,Accessories,Patch Kit/8 Patches,32,1.09,1.09,34.88,34.88,0.0,0.0,2015,8,2015-08
PO100604,2015-08-27,SUP011,Supplier K,Accessories,Patch Kit/8 Patches,274,1.07,1.08,293.18,295.92,-2.740000000000009,-0.00925925925925929,2015,8,2015-08
PO100605,2015-08-27,SUP010,Supplier J,Accessories,"Sport-100 Helmet, Blue",71,13.75,13.62,976.25,967.02,9.230000000000018,0.009544787077826744,2015,8,2015-08
PO100606,2015-08-28,SUP006,Supplier F,Clothing,"Long-Sleeve Logo Jersey, M",50,41.64,42.43,2082.0,2121.5,-39.5,-0.018618901720480793,2015,8,2015-08
PO100607,2015-08-28,SUP002,Supplier B,Accessories,Mountain Bottle Cage,216,4.04,4.14,872.64,894.2399999999999,-21.59999999999991,-0.02415458937198058,2015,8,2015-08
PO100608,2015-08-29,SUP004,Supplier D,Clothing,"Women's Mountain Shorts, M",225,28.67,27.95,6450.75,6288.75,162.0,0.025760286225402506,2015,8,2015-08
PO100609,2015-08-29,SUP012,Supplier L,Accessories,Water Bottle - 30 oz.,67,2.29,2.17,153.43,145.39,8.04000000000002,0.05529953917050706,2015,8,2015-08
PO100610,2015-08-29,SUP001,Supplier A,Accessories,"Sport-100 Helmet, Black",298,14.3,13.58,4261.400000000001,4046.84,214.5600000000004,0.05301914580265105,2015,8,2015-08
PO100611,2015-08-30,SUP002,Supplier B,Accessories,Road Bottle Cage,125,3.03,3.26,378.75,407.5,-28.75,-0.0705521472392638,2015,8,2015-08
PO100612,2015-08-30,SUP004,Supplier D,Accessories,"Sport-100 Helmet, Blue",197,14.91,14.15,2937.27,2787.55,149.7199999999998,0.05371024734982325,2015,8,2015-08
PO100613,2015-08-30,SUP006,Supplier F,Accessories,"Sport-100 Helmet, Black",55,12.87,14.23,707.8499999999999,782.65,-74.80000000000007,-0.09557273366127908,2015,8,2015-08
PO100614,2015-08-31,SUP004,Supplier D,Accessories,Water Bottle - 30 oz.,108,2.22,2.23,239.76000000000002,240.84,-1.079999999999984,-0.00448430493273536,2015,8,2015-08
PO100615,2015-08-31,SUP002,Supplier B,Clothing,AWC Logo Cap,159,8.06,7.75,1281.5400000000002,1232.25,49.29000000000019,0.040000000000000153,2015,8,2015-08
PO100616,2015-09-01,SUP004,Supplier D,Clothing,"Long-Sleeve Logo Jersey, L",199,40.51,39.46,8061.49,7852.54,208.94999999999982,0.026609224531170782,2015,9,2015-09
PO100617,2015-09-01,SUP003,Supplier C,Accessories,Water Bottle - 30 oz.,143,1.97,2.07,281.71,296.01,-14.300000000000011,-0.048309178743961394,2015,9,2015-09
PO100618,2015-09-01,SUP005,Supplier E,Accessories,Mountain Bottle Cage,222,4.37,4.13,970.14,916.86,53.27999999999997,0.05811138014527842,2015,9,2015-09
PO100619,2015-09-02,SUP009,Supplier I,Accessories,"Sport-100 Helmet, Black",284,13.74,14.47,3902.16,4109.4800000000005,-207.32000000000062,-0.05044920525224617,2015,9,2015-09
PO100620,2015-09-02,SUP003,Supplier C,Accessories,Patch Kit/8 Patches,143,0.99,1.04,141.57,148.72,-7.150000000000006,-0.048076923076923114,2015,9,2015-09
PO100621,2015-09-03,SUP005,Supplier E,Accessories,Patch Kit/8 Patches,260,1.0,1.05,260.0,273.0,-13.0,-0.047619047619047616,2015,9,2015-09
PO100622,2015-09-03,SUP006,Supplier F,Accessories,LL Mountain Tire,152,9.5,9.4,1444.0,1428.8,15.200000000000045,0.010638297872340458,2015,9,2015-09
PO100623,2015-09-03,SUP006,Supplier F,Accessories,Water Bottle - 30 oz.,46,2.18,2.13,100.28,97.97999999999999,2.3000000000000114,0.023474178403755985,2015,9,2015-09
PO100624,2015-09-04,SUP001,Supplier A,Accessories,ML Road Tire,111,9.71,9.97,1077.8100000000002,1106.67,-28.8599999999999,-0.026078234704112246,2015,9,2015-09
PO100625,2015-09-04,SUP003,Supplier C,Clothing,"Half-Finger Gloves, S",37,9.42,9.34,348.54,345.58,2.9600000000000364,0.00856531049250546,2015,9,2015-09
PO100626,2015-09-05,SUP010,Supplier J,Accessories,Mountain Tire Tube,178,1.96,2.15,348.88,382.7,-33.81999999999999,-0.0883720930232558,2015,9,2015-09
PO100627,2015-09-05,SUP011,Supplier K,Accessories,ML Road Tire,85,9.55,9.99,811.7500000000001,849.15,-37.399999999999864,-0.044044044044043884,2015,9,2015-09
PO100628,2015-09-05,SUP001,Supplier A,Clothing,AWC Logo Cap,185,7.84,7.76,1450.3999999999999,1435.6,14.799999999999955,0.010309278350515432,2015,9,2015-09
PO100629,2015-09-06,SUP004,Supplier D,Clothing,"Short-Sleeve Classic Jersey, L",111,45.48,44.64,5048.28,4955.04,93.23999999999978,0.018817204301075224,2015,9,2015-09
PO100630,2015-09-06,SUP009,Supplier I,Accessories,Road Tire Tube,17,1.11,1.06,18.87,18.02,0.8500000000000014,0.0471698113207548,2015,9,2015-09
PO100631,2015-09-06,SUP005,Supplier E,Accessories,Patch Kit/8 Patches,49,1.09,1.05,53.410000000000004,51.45,1.9600000000000009,0.03809523809523811,2015,9,2015-09
PO100632,2015-09-07,SUP008,Supplier H,Accessories,Fender Set - Mountain,299,8.63,8.73,2580.3700000000003,2610.27,-29.899999999999636,-0.01145475372279482,2015,9,2015-09
PO100633,2015-09-07,SUP007,Supplier G,Accessories,Road Bottle Cage,18,3.23,3.1,58.14,55.800000000000004,2.3399999999999963,0.041935483870967676,2015,9,2015-09
PO100634,2015-09-08,SUP002,Supplier B,Accessories,Road Tire Tube,144,1.14,1.12,164.16,161.28000000000003,2.879999999999967,0.017857142857142648,2015,9,2015-09
PO100635,2015-09-08,SUP006,Supplier F,Accessories,"Sport-100 Helmet, Blue",144,13.17,13.68,1896.48,1969.92,-73.44000000000005,-0.03728070175438599,2015,9,2015-09
PO100636,2015-09-08,SUP006,Supplier F,Accessories,HL Road Tire,109,13.07,13.14,1424.63,1432.26,-7.629999999999882,-0.005327245053272368,2015,9,2015-09
PO100637,2015-09-09,SUP009,Supplier I,Accessories,"Sport-100 Helmet, Red",28,14.04,14.03,393.12,392.84,0.28000000000002956,0.0007127583749109805,2015,9,2015-09
PO100638,2015-09-09,SUP009,Supplier I,Accessories,HL Mountain Tire,233,13.56,13.52,3159.48,3150.16,9.320000000000164,0.0029585798816568567,2015,9,2015-09
PO100639,2015-09-10,SUP001,Supplier A,Accessories,Water Bottle - 30 oz.,114,2.25,2.23,256.5,254.22,2.280000000000001,0.008968609865470857,2015,9,2015-09
PO100640,2015-09-10,SUP009,Supplier I,Accessories,LL Road Tire,177,8.42,8.75,1490.34,1548.75,-58.41000000000008,-0.03771428571428577,2015,9,2015-09
PO100641,2015-09-10,SUP008,Supplier H,Accessories,Mountain Tire Tube,162,2.1,2.13,340.2,345.06,-4.860000000000014,-0.014084507042253561,2015,9,2015-09
PO100642,2015-09-11,SUP001,Supplier A,Clothing,"Women's Mountain Shorts, S",198,26.08,27.57,5163.839999999999,5458.86,-295.02000000000044,-0.054044250997461095,2015,9,2015-09
PO100643,2015-09-11,SUP005,Supplier E,Accessories,Fender Set - Mountain,176,8.88,8.81,1562.88,1550.5600000000002,12.319999999999936,0.007945516458569765,2015,9,2015-09
PO100644,2015-09-12,SUP005,Supplier E,Accessories,Road Tire Tube,249,1.22,1.12,303.78,278.88000000000005,24.89999999999992,0.08928571428571398,2015,9,2015-09
PO100645,2015-09-12,SUP011,Supplier K,Clothing,"Long-Sleeve Logo Jersey, L",160,41.78,40.21,6684.8,6433.6,251.19999999999982,0.03904501367818947,2015,9,2015-09
PO100646,2015-09-12,SUP007,Supplier G,Clothing,"Long-Sleeve Logo Jersey, S",97,36.5,40.28,3540.5,3907.1600000000003,-366.6600000000003,-0.09384309831181735,2015,9,2015-09
PO100647,2015-09-13,SUP004,Supplier D,Accessories,Mountain Tire Tube,193,2.21,2.2,426.53,424.6,1.92999999999995,0.004545454545454427,2015,9,2015-09
PO100648,2015-09-13,SUP009,Supplier I,Accessories,Touring Tire Tube,171,2.09,2.14,357.39,365.94,-8.550000000000011,-0.02336448598130844,2015,9,2015-09
PO100649,2015-09-13,SUP001,Supplier A,Clothing,AWC Logo Cap,83,8.26,7.45,685.5799999999999,618.35,67.2299999999999,0.10872483221476494,2015,9,2015-09
PO100650,2015-09-14,SUP002,Supplier B,Accessories,Road Tire Tube,190,1.06,1.05,201.4,199.5,1.9000000000000057,0.009523809523809552,2015,9,2015-09
PO100651,2015-09-14,SUP001,Supplier A,Clothing,"Short-Sleeve Classic Jersey, S",198,44.34,44.32,8779.320000000002,8775.36,3.960000000000946,0.0004512635379062449,2015,9,2015-09
PO100652,2015-09-15,SUP010,Supplier J,Accessories,Fender Set - Mountain,68,8.11,8.57,551.48,582.76,-31.279999999999973,-0.053675612602100305,2015,9,2015-09
PO100653,2015-09-15,SUP008,Supplier H,Accessories,Patch Kit/8 Patches,254,1.02,1.07,259.08,271.78000000000003,-12.700000000000045,-0.04672897196261699,2015,9,2015-09
PO100654,2015-09-15,SUP009,Supplier I,Accessories,Fender Set - Mountain,159,8.83,8.46,1403.97,1345.14,58.82999999999993,0.04373522458628836,2015,9,2015-09
PO100655,2015-09-16,SUP003,Supplier C,Accessories,Touring Tire Tube,88,2.02,2.23,177.76,196.24,-18.480000000000018,-0.09417040358744404,2015,9,2015-09
PO100656,2015-09-16,SUP005,Supplier E,Accessories,Mountain Bottle Cage,100,4.04,4.12,404.0,412.0,-8.0,-0.019417475728155338,2015,9,2015-09
PO100657,2015-09-17,SUP003,Supplier C,Accessories,Fender Set - Mountain,258,8.54,8.73,2203.3199999999997,2252.34,-49.02000000000044,-0.021764032073310617,2015,9,2015-09
PO100658,2015-09-17,SUP010,Supplier J,Accessories,HL Road Tire,224,12.94,12.37,2898.56,2770.8799999999997,127.68000000000029,0.046079223928860255,2015,9,2015-09
PO100659,2015-09-17,SUP002,Supplier B,Accessories,"Sport-100 Helmet, Blue",192,13.14,13.72,2522.88,2634.2400000000002,-111.36000000000013,-0.04227405247813416,2015,9,2015-09
PO100660,2015-09-18,SUP002,Supplier B,Accessories,"Sport-100 Helmet, Blue",181,15.2,13.39,2751.2,2423.59,327.6099999999997,0.1351755041075428,2015,9,2015-09
PO100661,2015-09-18,SUP001,Supplier A,Accessories,Bike Wash - Dissolver,254,3.24,3.16,822.96,802.64,20.32000000000005,0.025316455696202594,2015,9,2015-09
PO100662,2015-09-18,SUP009,Supplier I,Clothing,"Short-Sleeve Classic Jersey, M",249,48.41,45.17,12054.089999999998,11247.33,806.7599999999984,0.07172902368828854,2015,9,2015-09
PO100663,2015-09-19,SUP008,Supplier H,Accessories,LL Mountain Tire,157,9.86,9.35,1548.02,1467.95,80.06999999999994,0.0545454545454545,2015,9,2015-09
PO100664,2015-09-19,SUP001,Supplier A,Accessories,Patch Kit/8 Patches,122,1.04,1.08,126.88000000000001,131.76000000000002,-4.88000000000001,-0.037037037037037104,2015,9,2015-09
PO100665,2015-09-20,SUP006,Supplier F,Accessories,Water Bottle - 30 oz.,28,2.08,2.06,58.24,57.68,0.5600000000000023,0.009708737864077709,2015,9,2015-09
PO100666,2015-09-20,SUP004,Supplier D,Accessories,Hydration Pack - 70 oz.,121,22.51,21.69,2723.71,2624.4900000000002,99.2199999999998,0.03780544029506677,2015,9,2015-09
PO100667,2015-09-20,SUP005,Supplier E,Accessories,All-Purpose Bike Stand,152,64.62,64.25,9822.240000000002,9766.0,56.2400000000016,0.005758754863813394,2015,9,2015-09
PO100668,2015-09-21,SUP004,Supplier D,Accessories,"Sport-100 Helmet, Blue",166,13.86,13.78,2300.7599999999998,2287.48,13.279999999999745,0.005805515239477393,2015,9,2015-09
PO100669,2015-09-21,SUP002,Supplier B,Accessories,Road Tire Tube,148,1.04,1.07,153.92000000000002,158.36,-4.439999999999998,-0.028037383177570076,2015,9,2015-09
PO100670,2015-09-22,SUP003,Supplier C,Accessories,"Sport-100 Helmet, Red",47,15.73,13.75,739.3100000000001,646.25,93.06000000000006,0.1440000000000001,2015,9,2015-09
PO100671,2015-09-22,SUP001,Supplier A,Accessories,Fender Set - Mountain,35,8.65,8.28,302.75,289.79999999999995,12.950000000000045,0.044685990338164415,2015,9,2015-09
PO100672,2015-09-22,SUP001,Supplier A,Accessories,Road Tire Tube,15,0.97,1.09,14.549999999999999,16.35,-1.8000000000000025,-0.1100917431192662,2015,9,2015-09
PO100673,2015-09-23,SUP008,Supplier H,Clothing,"Short-Sleeve Classic Jersey, S",227,40.05,43.61,9091.349999999999,9899.47,-808.1200000000008,-0.08163265306122458,2015,9,2015-09
PO100674,2015-09-23,SUP001,Supplier A,Accessories,Road Bottle Cage,63,3.19,3.25,200.97,204.75,-3.780000000000001,-0.018461538461538467,2015,9,2015-09
PO100675,2015-09-24,SUP002,Supplier B,Accessories,Touring Tire,46,10.92,12.13,502.32,557.98,-55.660000000000025,-0.0997526793075021,2015,9,2015-09
PO100676,2015-09-24,SUP002,Supplier B,Clothing,AWC Logo Cap,25,7.31,7.27,182.75,181.75,1.0,0.005502063273727648,2015,9,2015-09
PO100677,2015-09-24,SUP003,Supplier C,Accessories,Touring Tire Tube,140,1.9,2.05,266.0,287.0,-21.0,-0.07317073170731707,2015,9,2015-09
PO100678,2015-09-25,SUP003,Supplier C,Accessories,Mountain Tire Tube,109,2.31,2.19,251.79,238.71,13.079999999999984,0.05479452054794514,2015,9,2015-09
PO100679,2015-09-25,SUP008,Supplier H,Accessories,"Sport-100 Helmet, Red",167,12.82,13.46,2140.94,2247.82,-106.88000000000011,-0.04754829123328385,2015,9,2015-09
PO100680,2015-09-25,SUP006,Supplier F,Accessories,Road Bottle Cage,192,3.16,3.26,606.72,625.92,-19.199999999999932,-0.030674846625766763,2015,9,2015-09
PO100681,2015-09-26,SUP005,Supplier E,Accessories,Patch Kit/8 Patches,283,1.12,1.09,316.96000000000004,308.47,8.490000000000009,0.02752293577981654,2015,9,2015-09
PO100682,2015-09-26,SUP008,Supplier H,Accessories,Mountain Bottle Cage,268,4.05,4.21,1085.3999999999999,1128.28,-42.88000000000011,-0.03800475059382433,2015,9,2015-09
PO100683,2015-09-27,SUP008,Supplier H,Accessories,Water Bottle - 30 oz.,42,1.99,2.22,83.58,93.24000000000001,-9.66000000000001,-0.10360360360360371,2015,9,2015-09
PO100684,2015-09-27,SUP003,Supplier C,Accessories,Mountain Tire Tube,127,2.16,2.12,274.32,269.24,5.079999999999984,0.018867924528301827,2015,9,2015-09
PO100685,2015-09-27,SUP004,Supplier D,Clothing,"Short-Sleeve Classic Jersey, M",123,45.95,46.09,5651.85,5669.070000000001,-17.220000000000255,-0.0030375352571057074,2015,9,2015-09
PO100686,2015-09-28,SUP004,Supplier D,Accessories,Water Bottle - 30 oz.,10,2.33,2.17,23.3,21.7,1.6000000000000014,0.07373271889400929,2015,9,2015-09
PO100687,2015-09-28,SUP011,Supplier K,Accessories,"Sport-100 Helmet, Black",220,14.33,14.3,3152.6,3146.0,6.599999999999909,0.002097902097902069,2015,9,2015-09
PO100688,2015-09-29,SUP009,Supplier I,Accessories,Patch Kit/8 Patches,244,0.96,1.04,234.23999999999998,253.76000000000002,-19.52000000000004,-0.07692307692307707,2015,9,2015-09
PO100689,2015-09-29,SUP002,Supplier B,Accessories,Road Bottle Cage,28,3.0,3.19,84.0,89.32,-5.319999999999993,-0.0595611285266457,2015,9,2015-09
PO100690,2015-09-29,SUP002,Supplier B,Accessories,Road Tire Tube,57,1.05,1.03,59.85,58.71,1.1400000000000006,0.01941747572815535,2015,9,2015-09
PO100691,2015-09-30,SUP004,Supplier D,Clothing,"Long-Sleeve Logo Jersey, S",273,39.58,39.34,10805.34,10739.820000000002,65.51999999999862,0.006100660904931238,2015,9,2015-09
PO100692,2015-09-30,SUP008,Supplier H,Accessories,"Sport-100 Helmet, Red",225,13.98,14.41,3145.5,3242.25,-96.75,-0.029840388619014575,2015,9,2015-09
PO100693,2015-10-01,SUP001,Supplier A,Accessories,"Sport-100 Helmet, Red",277,14.19,13.31,3930.6299999999997,3686.8700000000003,243.7599999999993,0.06611570247933865,2015,10,2015-10
PO100694,2015-10-01,SUP003,Supplier C,Accessories,LL Mountain Tire,158,10.38,9.74,1640.0400000000002,1538.92,101.12000000000012,0.0657084188911705,2015,10,2015-10
PO100695,2015-10-01,SUP004,Supplier D,Accessories,LL Road Tire,40,10.0,8.9,400.0,356.0,44.0,0.12359550561797752,2015,10,2015-10
PO100696,2015-10-02,SUP003,Supplier C,Accessories,Mountain Tire Tube,264,2.3,2.24,607.1999999999999,591.36,15.839999999999918,0.026785714285714145,2015,10,2015-10
PO100697,2015-10-02,SUP011,Supplier K,Clothing,AWC Logo Cap,27,7.28,7.76,196.56,209.51999999999998,-12.95999999999998,-0.06185567010309269,2015,10,2015-10
PO100698,2015-10-02,SUP002,Supplier B,Accessories,"Sport-100 Helmet, Blue",235,12.68,13.31,2979.7999999999997,3127.85,-148.05000000000018,-0.04733283245679946,2015,10,2015-10
PO100699,2015-10-03,SUP008,Supplier H,Accessories,Mountain Tire Tube,283,2.18,2.16,616.94,611.2800000000001,5.659999999999968,0.009259259259259207,2015,10,2015-10
PO100700,2015-10-03,SUP007,Supplier G,Accessories,Patch Kit/8 Patches,178,0.97,1.03,172.66,183.34,-10.680000000000007,-0.058252427184466056,2015,10,2015-10
PO100701,2015-10-04,SUP005,Supplier E,Accessories,Mountain Tire Tube,37,2.24,2.22,82.88000000000001,82.14,0.7400000000000091,0.00900900900900912,2015,10,2015-10
PO100702,2015-10-04,SUP003,Supplier C,Accessories,"Sport-100 Helmet, Red",96,14.58,13.44,1399.68,1290.24,109.44000000000005,0.08482142857142862,2015,10,2015-10
PO100703,2015-10-04,SUP005,Supplier E,Accessories,Water Bottle - 30 oz.,80,2.04,2.06,163.2,164.8,-1.6000000000000227,-0.009708737864077808,2015,10,2015-10
PO100704,2015-10-05,SUP011,Supplier K,Accessories,Mountain Tire Tube,37,2.14,2.1,79.18,77.7,1.480000000000004,0.019047619047619098,2015,10,2015-10
PO100705,2015-10-05,SUP004,Supplier D,Accessories,"Sport-100 Helmet, Blue",204,13.54,14.39,2762.16,2935.56,-173.4000000000001,-0.05906879777623353,2015,10,2015-10
PO100706,2015-10-06,SUP004,Supplier D,Bikes,"Mountain-400-W Silver, 46",273,478.87,430.98,130731.51,117657.54000000001,13073.969999999987,0.11111884542206123,2015,10,2015-10
PO100707,2015-10-06,SUP008,Supplier H,Accessories,Road Bottle Cage,221,3.1,3.2,685.1,707.2,-22.100000000000023,-0.03125000000000003,2015,10,2015-10
PO100708,2015-10-06,SUP001,Supplier A,Accessories,Road Tire Tube,183,0.99,1.03,181.17,188.49,-7.320000000000022,-0.038834951456310794,2015,10,2015-10
PO100709,2015-10-07,SUP004,Supplier D,Accessories,Mountain Tire Tube,78,2.26,2.07,176.27999999999997,161.45999999999998,14.819999999999993,0.09178743961352653,2015,10,2015-10
PO100710,2015-10-07,SUP006,Supplier F,Accessories,Mountain Bottle Cage,192,4.3,4.19,825.5999999999999,804.48,21.11999999999989,0.02625298329355595,2015,10,2015-10
PO100711,2015-10-08,SUP011,Supplier K,Accessories,HL Mountain Tire,176,12.29,13.9,2163.04,2446.4,-283.3600000000001,-0.11582733812949646,2015,10,2015-10
PO100712,2015-10-08,SUP002,Supplier B,Clothing,AWC Logo Cap,44,7.65,7.37,336.6,324.28000000000003,12.319999999999993,0.03799185888738125,2015,10,2015-10
PO100713,2015-10-08,SUP002,Supplier B,Accessories,HL Mountain Tire,178,13.8,13.29,2456.4,2365.62,90.7800000000002,0.0383747178329572,2015,10,2015-10
PO100714,2015-10-09,SUP001,Supplier A,Accessories,Water Bottle - 30 oz.,273,2.16,2.08,589.6800000000001,567.84,21.840000000000032,0.03846153846153851,2015,10,2015-10
PO100715,2015-10-09,SUP002,Supplier B,Accessories,"Sport-100 Helmet, Red",217,13.76,14.41,2985.92,3126.9700000000003,-141.05000000000018,-0.04510756419153371,2015,10,2015-10
PO100716,2015-10-09,SUP010,Supplier J,Accessories,LL Mountain Tire,101,9.67,9.42,976.67,951.42,25.25,0.02653927813163482,2015,10,2015-10
PO100717,2015-10-10,SUP010,Supplier J,Accessories,Bike Wash - Dissolver,242,2.84,3.11,687.28,752.62,-65.34000000000003,-0.08681672025723478,2015,10,2015-10
PO100718,2015-10-10,SUP004,Supplier D,Accessories,ML Road Tire,154,10.5,9.84,1617.0,1515.36,101.6400000000001,0.06707317073170739,2015,10,2015-10
PO100719,2015-10-11,SUP001,Supplier A,Accessories,Road Bottle Cage,280,3.4,3.28,952.0,918.4,33.60000000000002,0.03658536585365856,2015,10,2015-10
PO100720,2015-10-11,SUP006,Supplier F,Clothing,"Short-Sleeve Classic Jersey, XL",186,42.69,44.47,7940.339999999999,8271.42,-331.08000000000084,-0.04002698448392185,2015,10,2015-10
PO100721,2015-10-11,SUP002,Supplier B,Clothing,"Half-Finger Gloves, L",169,9.51,9.88,1607.19,1669.72,-62.52999999999997,-0.03744939271255059,2015,10,2015-10
PO100722,2015-10-12,SUP007,Supplier G,Accessories,ML Road Tire,174,9.57,9.58,1665.18,1666.92,-1.740000000000009,-0.0010438413361169155,2015,10,2015-10
PO100723,2015-10-12,SUP001,Supplier A,Clothing,"Short-Sleeve Classic Jersey, M",52,48.31,45.31,2512.12,2356.12,156.0,0.06621054954756125,2015,10,2015-10
PO100724,2015-10-13,SUP001,Supplier A,Accessories,Touring Tire Tube,123,2.31,2.15,284.13,264.45,19.680000000000007,0.07441860465116282,2015,10,2015-10
PO100725,2015-10-13,SUP005,Supplier E,Accessories,"Sport-100 Helmet, Red",97,12.97,13.26,1258.0900000000001,1286.22,-28.12999999999988,-0.021870286576168838,2015,10,2015-10
PO100726,2015-10-13,SUP010,Supplier J,Accessories,"Sport-100 Helmet, Black",277,14.56,14.36,4033.1200000000003,3977.72,55.400000000000546,0.013927576601671448,2015,10,2015-10
PO100727,2015-10-14,SUP001,Supplier A,Clothing,"Long-Sleeve Logo Jersey, XL",105,44.81,41.92,4705.05,4401.6,303.4499999999998,0.06894083969465645,2015,10,2015-10
PO100728,2015-10-14,SUP002,Supplier B,Accessories,Mountain Tire Tube,234,2.03,2.05,475.02,479.69999999999993,-4.67999999999995,-0.009756097560975507,2015,10,2015-10
PO100729,2015-10-15,SUP009,Supplier I,Accessories,Water Bottle - 30 oz.,166,2.1,2.13,348.6,353.58,-4.979999999999961,-0.014084507042253412,2015,10,2015-10
PO100730,2015-10-15,SUP011,Supplier K,Clothing,"Short-Sleeve Classic Jersey, M",93,47.8,45.24,4445.4,4207.320000000001,238.07999999999902,0.05658709106984945,2015,10,2015-10
PO100731,2015-10-15,SUP005,Supplier E,Accessories,Water Bottle - 30 oz.,156,2.22,2.21,346.32000000000005,344.76,1.5600000000000591,0.004524886877828226,2015,10,2015-10
PO100732,2015-10-16,SUP006,Supplier F,Clothing,"Short-Sleeve Classic Jersey, S",281,48.83,46.34,13721.23,13021.54,699.6899999999987,0.05373327578765635,2015,10,2015-10
PO100733,2015-10-16,SUP004,Supplier D,Accessories,Water Bottle - 30 oz.,280,2.23,2.2,624.4,616.0,8.399999999999977,0.0136363636363636,2015,10,2015-10
PO100734,2015-10-16,SUP011,Supplier K,Accessories,Road Tire Tube,273,1.14,1.1,311.21999999999997,300.3,10.919999999999959,0.03636363636363622,2015,10,2015-10
PO100735,2015-10-17,SUP006,Supplier F,Accessories,Fender Set - Mountain,295,8.54,8.71,2519.2999999999997,2569.4500000000003,-50.150000000000546,-0.019517795637198833,2015,10,2015-10
PO100736,2015-10-17,SUP001,Supplier A,Bikes,"Touring-1000 Yellow, 46",92,1629.49,1647.35,149913.08,151556.19999999998,-1643.1199999999953,-0.010841654778887275,2015,10,2015-10
PO100737,2015-10-18,SUP002,Supplier B,Accessories,Hydration Pack - 70 oz.,252,20.93,23.04,5274.36,5806.08,-531.7200000000003,-0.09157986111111116,2015,10,2015-10
PO100738,2015-10-18,SUP001,Supplier A,Clothing,"Half-Finger Gloves, S",262,9.7,9.78,2541.3999999999996,2562.3599999999997,-20.960000000000036,-0.008179959100204514,2015,10,2015-10
PO100739,2015-10-18,SUP003,Supplier C,Accessories,"Sport-100 Helmet, Red",242,14.11,13.64,3414.62,3300.88,113.73999999999978,0.03445747800586504,2015,10,2015-10
PO100740,2015-10-19,SUP008,Supplier H,Accessories,Water Bottle - 30 oz.,120,1.94,2.08,232.79999999999998,249.60000000000002,-16.80000000000004,-0.06730769230769246,2015,10,2015-10
PO100741,2015-10-19,SUP005,Supplier E,Accessories,"Sport-100 Helmet, Black",146,15.5,14.4,2263.0,2102.4,160.5999999999999,0.07638888888888884,2015,10,2015-10
PO100742,2015-10-20,SUP005,Supplier E,Clothing,"Long-Sleeve Logo Jersey, S",203,43.18,39.69,8765.539999999999,8057.07,708.4699999999993,0.08793146888384976,2015,10,2015-10
PO100743,2015-10-20,SUP009,Supplier I,Accessories,Touring Tire Tube,172,2.33,2.06,400.76,354.32,46.44,0.13106796116504854,2015,10,2015-10
PO100744,2015-10-20,SUP004,Supplier D,Accessories,ML Mountain Tire,152,13.18,12.28,2003.36,1866.56,136.79999999999995,0.07328990228013027,2015,10,2015-10
PO100745,2015-10-21,SUP004,Supplier D,Accessories,Fender Set - Mountain,239,8.63,8.4,2062.57,2007.6000000000001,54.97000000000003,0.02738095238095239,2015,10,2015-10
PO100746,2015-10-21,SUP004,Supplier D,Accessories,Patch Kit/8 Patches,102,1.15,1.1,117.3,112.2,5.099999999999994,0.0454545454545454,2015,10,2015-10
PO100747,2015-10-21,SUP003,Supplier C,Accessories,Patch Kit/8 Patches,275,1.02,1.04,280.5,286.0,-5.5,-0.019230769230769232,2015,10,2015-10
PO100748,2015-10-22,SUP003,Supplier C,Accessories,Mountain Tire Tube,172,2.23,2.22,383.56,381.84000000000003,1.7199999999999704,0.004504504504504426,2015,10,2015-10
PO100749,2015-10-22,SUP008,Supplier H,Accessories,Mountain Tire Tube,81,2.09,2.18,169.29,176.58,-7.2900000000000205,-0.041284403669724884,2015,10,2015-10
PO100750,2015-10-23,SUP003,Supplier C,Accessories,HL Mountain Tire,261,12.73,13.35,3322.53,3484.35,-161.8199999999997,-0.04644194756554299,2015,10,2015-10
PO100751,2015-10-23,SUP005,Supplier E,Accessories,Hydration Pack - 70 oz.,77,21.76,22.01,1675.5200000000002,1694.7700000000002,-19.25,-0.011358473421172193,2015,10,2015-10
PO100752,2015-10-23,SUP002,Supplier B,Bikes,"Mountain-400-W Silver, 40",153,441.08,457.57,67485.23999999999,70008.20999999999,-2522.970000000001,-0.0360382018051883,2015,10,2015-10
PO100753,2015-10-24,SUP004,Supplier D,Bikes,"Touring-3000 Blue, 50",18,504.79,503.51,9086.220000000001,9063.18,23.040000000000873,0.00254215407836994,2015,10,2015-10
PO100754,2015-10-24,SUP006,Supplier F,Accessories,ML Road Tire,145,10.18,10.04,1476.1,1455.8,20.299999999999955,0.01394422310756969,2015,10,2015-10
PO100755,2015-10-25,SUP009,Supplier I,Accessories,"Sport-100 Helmet, Black",62,12.5,13.54,775.0,839.4799999999999,-64.4799999999999,-0.07680945347119635,2015,10,2015-10
PO100756,2015-10-25,SUP002,Supplier B,Clothing,"Half-Finger Gloves, S",95,8.93,9.99,848.35,949.0500000000001,-100.70000000000005,-0.10610610610610614,2015,10,2015-10
PO100757,2015-10-25,SUP006,Supplier F,Accessories,LL Road Tire,145,9.56,8.78,1386.2,1273.1,113.10000000000014,0.08883826879271083,2015,10,2015-10
PO100758,2015-10-26,SUP002,Supplier B,Accessories,Patch Kit/8 Patches,176,1.16,1.03,204.16,181.28,22.879999999999995,0.12621359223300968,2015,10,2015-10
PO100759,2015-10-26,SUP008,Supplier H,Accessories,Road Tire Tube,292,0.95,1.05,277.4,306.6,-29.200000000000045,-0.09523809523809539,2015,10,2015-10
PO100760,2015-10-27,SUP003,Supplier C,Clothing,"Women's Mountain Shorts, L",88,27.24,27.35,2397.12,2406.8,-9.680000000000291,-0.004021937842778914,2015,10,2015-10
PO100761,2015-10-27,SUP008,Supplier H,Accessories,Water Bottle - 30 oz.,217,2.1,2.09,455.70000000000005,453.53,2.1700000000000728,0.004784688995215472,2015,10,2015-10
PO100762,2015-10-27,SUP003,Supplier C,Accessories,Mountain Bottle Cage,146,4.32,4.47,630.72,652.62,-21.899999999999977,-0.03355704697986574,2015,10,2015-10
PO100763,2015-10-28,SUP003,Supplier C,Accessories,Bike Wash - Dissolver,99,3.15,3.24,311.84999999999997,320.76000000000005,-8.910000000000082,-0.02777777777777803,2015,10,2015-10
PO100764,2015-10-28,SUP001,Supplier A,Accessories,Fender Set - Mountain,275,9.36,8.84,2574.0,2431.0,143.0,0.058823529411764705,2015,10,2015-10
PO100765,2015-10-28,SUP012,Supplier L,Clothing,AWC Logo Cap,110,7.58,7.21,833.8,793.1,40.69999999999993,0.051317614424410456,2015,10,2015-10
PO100766,2015-10-29,SUP004,Supplier D,Clothing,"Half-Finger Gloves, S",77,10.04,9.4,773.0799999999999,723.8000000000001,49.27999999999986,0.06808510638297852,2015,10,2015-10
PO100767,2015-10-29,SUP004,Supplier D,Accessories,Water Bottle - 30 oz.,236,2.32,2.21,547.52,521.56,25.960000000000036,0.04977375565610867,2015,10,2015-10
PO100768,2015-10-30,SUP009,Supplier I,Clothing,"Long-Sleeve Logo Jersey, L",77,43.91,41.06,3381.0699999999997,3161.6200000000003,219.44999999999936,0.0694106186069165,2015,10,2015-10
PO100769,2015-10-30,SUP002,Supplier B,Accessories,Water Bottle - 30 oz.,281,2.02,2.17,567.62,609.77,-42.14999999999998,-0.0691244239631336,2015,10,2015-10
PO100770,2015-10-30,SUP001,Supplier A,Accessories,"Sport-100 Helmet, Blue",298,15.33,13.98,4568.34,4166.04,402.3000000000002,0.09656652360515026,2015,10,2015-10
PO100771,2015-10-31,SUP001,Supplier A,Accessories,Mountain Tire Tube,84,2.18,2.15,183.12,180.6,2.5200000000000102,0.01395348837209308,2015,10,2015-10
PO100772,2015-10-31,SUP007,Supplier G,Accessories,Patch Kit/8 Patches,297,1.06,1.09,314.82,323.73,-8.910000000000025,-0.027522935779816588,2015,10,2015-10
PO100773,2015-11-01,SUP012,Supplier L,Accessories,Water Bottle - 30 oz.,28,2.15,2.21,60.199999999999996,61.879999999999995,-1.6799999999999997,-0.027149321266968323,2015,11,2015-11
PO100774,2015-11-01,SUP002,Supplier B,Accessories,Mountain Bottle Cage,98,4.33,4.41,424.34000000000003,432.18,-7.839999999999975,-0.01814058956916094,2015,11,2015-11
PO100775,2015-11-01,SUP009,Supplier I,Accessories,Hydration Pack - 70 oz.,113,21.83,21.71,2466.79,2453.23,13.559999999999945,0.005527406725011493,2015,11,2015-11
PO100776,2015-11-02,SUP005,Supplier E,Accessories,Mountain Tire Tube,23,1.97,2.11,45.31,48.529999999999994,-3.2199999999999918,-0.06635071090047377,2015,11,2015-11
PO100777,2015-11-02,SUP002,Supplier B,Clothing,"Women's Mountain Shorts, L",194,29.37,27.28,5697.78,5292.320000000001,405.4599999999991,0.07661290322580627,2015,11,2015-11
PO100778,2015-11-03,SUP012,Supplier L,Clothing,"Women's Mountain Shorts, S",299,28.08,26.74,8395.92,7995.259999999999,400.66000000000076,0.050112191473448114,2015,11,2015-11
PO100779,2015-11-03,SUP003,Supplier C,Clothing,AWC Logo Cap,30,7.01,7.59,210.29999999999998,227.7,-17.400000000000006,-0.07641633728590254,2015,11,2015-11
PO100780,2015-11-03,SUP001,Supplier A,Accessories,Water Bottle - 30 oz.,94,2.08,2.04,195.52,191.76,3.7600000000000193,0.019607843137255002,2015,11,2015-11
PO100781,2015-11-04,SUP002,Supplier B,Accessories,Fender Set - Mountain,236,9.63,8.62,2272.6800000000003,2034.3199999999997,238.36000000000058,0.1171693735498843,2015,11,2015-11
PO100782,2015-11-04,SUP006,Supplier F,Accessories,"Sport-100 Helmet, Red",190,13.71,13.55,2604.9,2574.5,30.40000000000009,0.011808118081180848,2015,11,2015-11
PO100783,2015-11-04,SUP009,Supplier I,Accessories,Water Bottle - 30 oz.,97,2.24,2.05,217.28000000000003,198.85,18.430000000000035,0.09268292682926847,2015,11,2015-11
PO100784,2015-11-05,SUP009,Supplier I,Clothing,"Short-Sleeve Classic Jersey, M",291,45.61,44.53,13272.51,12958.23,314.28000000000065,0.024253312373680717,2015,11,2015-11
PO100785,2015-11-05,SUP003,Supplier C,Accessories,Fender Set - Mountain,276,8.74,8.54,2412.2400000000002,2357.04,55.20000000000027,0.023419203747072716,2015,11,2015-11
PO100786,2015-11-06,SUP005,Supplier E,Accessories,Road Bottle Cage,87,3.36,3.15,292.32,274.05,18.269999999999982,0.0666666666666666,2015,11,2015-11
PO100787,2015-11-06,SUP012,Supplier L,Accessories,Mountain Tire Tube,20,2.01,2.06,40.199999999999996,41.2,-1.000000000000007,-0.024271844660194344,2015,11,2015-11
PO100788,2015-11-06,SUP003,Supplier C,Clothing,AWC Logo Cap,92,7.34,7.27,675.28,668.8399999999999,6.440000000000055,0.009628610729023466,2015,11,2015-11
PO100789,2015-11-07,SUP012,Supplier L,Accessories,Mountain Bottle Cage,285,4.07,4.1,1159.95,1168.5,-8.549999999999955,-0.007317073170731669,2015,11,2015-11
PO100790,2015-11-07,SUP008,Supplier H,Accessories,"Sport-100 Helmet, Black",170,13.72,13.8,2332.4,2346.0,-13.599999999999909,-0.005797101449275323,2015,11,2015-11
PO100791,2015-11-08,SUP003,Supplier C,Accessories,Patch Kit/8 Patches,280,1.05,1.07,294.0,299.6,-5.600000000000023,-0.018691588785046804,2015,11,2015-11
PO100792,2015-11-08,SUP006,Supplier F,Accessories,ML Mountain Tire,268,11.42,11.97,3060.56,3207.96,-147.4000000000001,-0.04594820384294071,2015,11,2015-11
PO100793,2015-11-08,SUP010,Supplier J,Clothing,"Women's Mountain Shorts, M",240,27.46,29.02,6590.400000000001,6964.8,-374.39999999999964,-0.05375603032391449,2015,11,2015-11
PO100794,2015-11-09,SUP006,Supplier F,Accessories,Bike Wash - Dissolver,280,3.01,3.19,842.8,893.1999999999999,-50.39999999999998,-0.056426332288401236,2015,11,2015-11
PO100795,2015-11-09,SUP003,Supplier C,Accessories,Mountain Tire Tube,201,2.06,2.06,414.06,414.06,0.0,0.0,2015,11,2015-11
PO100796,2015-11-10,SUP004,Supplier D,Clothing,AWC Logo Cap,80,7.83,7.82,626.4,625.6,0.7999999999999545,0.0012787723785165513,2015,11,2015-11
PO100797,2015-11-10,SUP001,Supplier A,Accessories,Mountain Tire Tube,78,2.19,2.09,170.82,163.01999999999998,7.800000000000011,0.047846889952153186,2015,11,2015-11
PO100798,2015-11-10,SUP012,Supplier L,Clothing,"Racing Socks, M",279,3.26,3.07,909.54,856.53,53.00999999999999,0.06188925081433224,2015,11,2015-11
PO100799,2015-11-11,SUP005,Supplier E,Accessories,Patch Kit/8 Patches,147,1.08,1.1,158.76000000000002,161.70000000000002,-2.9399999999999977,-0.018181818181818167,2015,11,2015-11
PO100800,2015-11-11,SUP005,Supplier E,Clothing,"Women's Mountain Shorts, S",200,28.09,28.28,5618.0,5656.0,-38.0,-0.006718528995756719,2015,11,2015-11
PO100801,2015-11-11,SUP012,Supplier L,Accessories,LL Road Tire,22,7.99,8.37,175.78,184.14,-8.359999999999985,-0.04540023894862597,2015,11,2015-11
PO100802,2015-11-12,SUP001,Supplier A,Accessories,"Sport-100 Helmet, Blue",64,15.32,14.46,980.48,925.44,55.039999999999964,0.05947441217150756,2015,11,2015-11
PO100803,2015-11-12,SUP003,Supplier C,Clothing,"Short-Sleeve Classic Jersey, L",20,46.3,45.49,926.0,909.8000000000001,16.199999999999932,0.017806111233237998,2015,11,2015-11
PO100804,2015-11-13,SUP006,Supplier F,Accessories,Fender Set - Mountain,144,8.55,8.36,1231.2,1203.84,27.360000000000127,0.022727272727272835,2015,11,2015-11
PO100805,2015-11-13,SUP009,Supplier I,Accessories,Water Bottle - 30 oz.,81,2.19,2.07,177.39,167.67,9.719999999999999,0.057971014492753624,2015,11,2015-11
PO100806,2015-11-13,SUP006,Supplier F,Accessories,Patch Kit/8 Patches,251,1.1,1.11,276.1,278.61,-2.509999999999991,-0.009009009009008976,2015,11,2015-11
PO100807,2015-11-14,SUP002,Supplier B,Accessories,"Sport-100 Helmet, Red",243,14.72,14.54,3576.96,3533.22,43.74000000000024,0.012379642365887275,2015,11,2015-11
PO100808,2015-11-14,SUP002,Supplier B,Accessories,Water Bottle - 30 oz.,141,2.32,2.16,327.12,304.56,22.560000000000002,0.07407407407407408,2015,11,2015-11
PO100809,2015-11-15,SUP005,Supplier E,Accessories,Water Bottle - 30 oz.,164,2.29,2.18,375.56,357.52000000000004,18.039999999999964,0.05045871559633017,2015,11,2015-11
PO100810,2015-11-15,SUP001,Supplier A,Accessories,Fender Set - Mountain,185,8.61,8.32,1592.85,1539.2,53.649999999999864,0.03485576923076914,2015,11,2015-11
PO100811,2015-11-15,SUP005,Supplier E,Accessories,HL Mountain Tire,119,13.03,13.8,1550.57,1642.2,-91.63000000000011,-0.055797101449275424,2015,11,2015-11
PO100812,2015-11-16,SUP012,Supplier L,Clothing,AWC Logo Cap,28,8.03,7.78,224.83999999999997,217.84,6.999999999999972,0.032133676092544854,2015,11,2015-11
PO100813,2015-11-16,SUP009,Supplier I,Accessories,Mountain Tire Tube,72,1.99,2.11,143.28,151.92,-8.639999999999986,-0.05687203791469186,2015,11,2015-11
PO100814,2015-11-17,SUP004,Supplier D,Accessories,Mountain Tire Tube,280,2.26,2.19,632.8,613.1999999999999,19.600000000000023,0.03196347031963474,2015,11,2015-11
PO100815,2015-11-17,SUP001,Supplier A,Accessories,Hitch Rack - 4-Bike,31,48.64,48.93,1507.84,1516.83,-8.990000000000009,-0.005926834253014517,2015,11,2015-11
PO100816,2015-11-17,SUP007,Supplier G,Clothing,AWC Logo Cap,59,7.56,7.47,446.03999999999996,440.72999999999996,5.310000000000002,0.012048192771084343,2015,11,2015-11
PO100817,2015-11-18,SUP002,Supplier B,Accessories,Water Bottle - 30 oz.,19,2.31,2.12,43.89,40.28,3.6099999999999994,0.08962264150943394,2015,11,2015-11
PO100818,2015-11-18,SUP002,Supplier B,Clothing,"Short-Sleeve Classic Jersey, M",257,45.45,46.91,11680.650000000001,12055.869999999999,-375.2199999999975,-0.031123427840545524,2015,11,2015-11
PO100819,2015-11-18,SUP007,Supplier G,Accessories,Road Bottle Cage,78,2.82,3.09,219.95999999999998,241.01999999999998,-21.060000000000002,-0.08737864077669905,2015,11,2015-11
PO100820,2015-11-19,SUP001,Supplier A,Clothing,"Short-Sleeve Classic Jersey, L",300,45.79,43.47,13737.0,13041.0,696.0,0.05337014032666207,2015,11,2015-11
PO100821,2015-11-19,SUP005,Supplier E,Accessories,"Sport-100 Helmet, Black",63,14.3,14.49,900.9000000000001,912.87,-11.969999999999914,-0.013112491373360844,2015,11,2015-11
PO100822,2015-11-20,SUP002,Supplier B,Clothing,"Classic Vest, L",61,27.72,26.71,1690.9199999999998,1629.31,61.6099999999999,0.03781355297641327,2015,11,2015-11
PO100823,2015-11-20,SUP006,Supplier F,Accessories,"Sport-100 Helmet, Red",118,13.95,13.96,1646.1,1647.2800000000002,-1.180000000000291,-0.0007163323782236723,2015,11,2015-11
PO100824,2015-11-20,SUP001,Supplier A,Accessories,Patch Kit/8 Patches,107,1.08,1.06,115.56,113.42,2.1400000000000006,0.018867924528301893,2015,11,2015-11
PO100825,2015-11-21,SUP011,Supplier K,Accessories,Water Bottle - 30 oz.,173,2.08,2.1,359.84000000000003,363.3,-3.4599999999999795,-0.009523809523809467,2015,11,2015-11
PO100826,2015-11-21,SUP008,Supplier H,Accessories,Patch Kit/8 Patches,268,1.08,1.08,289.44,289.44,0.0,0.0,2015,11,2015-11
PO100827,2015-11-22,SUP003,Supplier C,Accessories,Patch Kit/8 Patches,32,1.05,1.03,33.6,32.96,0.6400000000000006,0.019417475728155355,2015,11,2015-11
PO100828,2015-11-22,SUP003,Supplier C,Accessories,Water Bottle - 30 oz.,113,2.01,2.05,227.12999999999997,231.64999999999998,-4.52000000000001,-0.019512195121951265,2015,11,2015-11
PO100829,2015-11-22,SUP002,Supplier B,Accessories,Mountain Tire Tube,244,2.3,2.17,561.1999999999999,529.48,31.719999999999914,0.059907834101382326,2015,11,2015-11
PO100830,2015-11-23,SUP007,Supplier G,Accessories,Touring Tire Tube,102,2.31,2.2,235.62,224.4,11.219999999999999,0.049999999999999996,2015,11,2015-11
PO100831,2015-11-23,SUP006,Supplier F,Accessories,Water Bottle - 30 oz.,276,1.92,2.19,529.92,604.4399999999999,-74.51999999999998,-0.12328767123287669,2015,11,2015-11
PO100832,2015-11-23,SUP003,Supplier C,Accessories,Mountain Tire Tube,285,2.2,2.07,627.0,589.9499999999999,37.05000000000007,0.06280193236714988,2015,11,2015-11
PO100833,2015-11-24,SUP009,Supplier I,Accessories,ML Mountain Tire,274,12.48,11.8,3419.52,3233.2000000000003,186.3199999999997,0.0576271186440677,2015,11,2015-11
PO100834,2015-11-24,SUP001,Supplier A,Clothing,"Racing Socks, M",143,3.46,3.34,494.78,477.62,17.159999999999968,0.03592814371257479,2015,11,2015-11
PO100835,2015-11-25,SUP002,Supplier B,Accessories,Road Bottle Cage,88,3.27,3.25,287.76,286.0,1.759999999999991,0.006153846153846122,2015,11,2015-11
PO100836,2015-11-25,SUP010,Supplier J,Accessories,Mountain Tire Tube,172,2.21,2.22,380.12,381.84000000000003,-1.7200000000000273,-0.004504504504504576,2015,11,2015-11
PO100837,2015-11-25,SUP009,Supplier I,Clothing,AWC Logo Cap,210,6.81,7.23,1430.1,1518.3000000000002,-88.20000000000027,-0.05809128630705412,2015,11,2015-11
PO100838,2015-11-26,SUP005,Supplier E,Accessories,Fender Set - Mountain,66,9.09,8.92,599.9399999999999,588.72,11.219999999999914,0.019058295964125414,2015,11,2015-11
PO100839,2015-11-26,SUP003,Supplier C,Accessories,Mountain Tire Tube,194,2.14,2.24,415.16,434.56000000000006,-19.400000000000034,-0.04464285714285721,2015,11,2015-11
PO100840,2015-11-27,SUP011,Supplier K,Accessories,Water Bottle - 30 oz.,225,2.06,2.06,463.5,463.5,0.0,0.0,2015,11,2015-11
PO100841,2015-11-27,SUP001,Supplier A,Clothing,"Classic Vest, M",32,24.77,26.42,792.64,845.44,-52.80000000000007,-0.06245268735806215,2015,11,2015-11
PO100842,2015-11-27,SUP004,Supplier D,Clothing,"Short-Sleeve Classic Jersey, S",62,44.43,44.32,2754.66,2747.84,6.819999999999709,0.0024819494584836484,2015,11,2015-11
PO100843,2015-11-28,SUP009,Supplier I,Accessories,Water Bottle - 30 oz.,99,2.28,2.24,225.71999999999997,221.76000000000002,3.959999999999951,0.017857142857142634,2015,11,2015-11
PO100844,2015-11-28,SUP003,Supplier C,Accessories,Bike Wash - Dissolver,98,3.27,3.21,320.46,314.58,5.8799999999999955,0.018691588785046717,2015,11,2015-11
PO100845,2015-11-29,SUP004,Supplier D,Bikes,"Road-150 Red, 52",103,2467.66,2412.52,254168.97999999998,248489.56,5679.419999999984,0.02285576907134442,2015,11,2015-11
PO100846,2015-11-29,SUP002,Supplier B,Accessories,ML Road Tire,278,10.53,9.96,2927.3399999999997,2768.88,158.45999999999958,0.05722891566265045,2015,11,2015-11
PO100847,2015-11-29,SUP009,Supplier I,Clothing,"Short-Sleeve Classic Jersey, L",249,40.78,43.74,10154.220000000001,10891.26,-737.039999999999,-0.06767261088248734,2015,11,2015-11
PO100848,2015-11-30,SUP006,Supplier F,Accessories,"Sport-100 Helmet, Red",277,13.97,13.46,3869.69,3728.42,141.26999999999998,0.03789004457652303,2015,11,2015-11
PO100849,2015-11-30,SUP001,Supplier A,Clothing,"Women's Mountain Shorts, L",99,28.16,26.52,2787.84,2625.48,162.36000000000013,0.061840120663650126,2015,11,2015-11
PO100850,2015-11-30,SUP008,Supplier H,Clothing,"Short-Sleeve Classic Jersey, S",20,48.98,47.02,979.5999999999999,940.4000000000001,39.19999999999982,0.04168438962143749,2015,11,2015-11
PO100851,2015-12-01,SUP009,Supplier I,Accessories,ML Road Tire,290,9.53,9.9,2763.7,2871.0,-107.30000000000018,-0.037373737373737434,2015,12,2015-12
PO100852,2015-12-01,SUP001,Supplier A,Accessories,HL Road Tire,112,13.62,13.08,1525.4399999999998,1464.96,60.47999999999979,0.04128440366972463,2015,12,2015-12
PO100853,2015-12-02,SUP006,Supplier F,Accessories,Road Bottle Cage,110,3.31,3.25,364.1,357.5,6.600000000000023,0.018461538461538526,2015,12,2015-12
PO100854,2015-12-02,SUP011,Supplier K,Accessories,Touring Tire Tube,265,2.12,2.15,561.8000000000001,569.75,-7.949999999999932,-0.013953488372092903,2015,12,2015-12
PO100855,2015-12-02,SUP001,Supplier A,Accessories,"Sport-100 Helmet, Blue",236,15.04,13.54,3549.4399999999996,3195.4399999999996,354.0,0.11078286558345644,2015,12,2015-12
PO100856,2015-12-03,SUP006,Supplier F,Accessories,Patch Kit/8 Patches,75,1.03,1.05,77.25,78.75,-1.5,-0.01904761904761905,2015,12,2015-12
PO100857,2015-12-03,SUP005,Supplier E,Accessories,Patch Kit/8 Patches,246,0.96,1.02,236.16,250.92000000000002,-14.76000000000002,-0.05882352941176478,2015,12,2015-12
PO100858,2015-12-04,SUP008,Supplier H,Accessories,Patch Kit/8 Patches,256,1.01,1.07,258.56,273.92,-15.360000000000014,-0.056074766355140235,2015,12,2015-12
PO100859,2015-12-04,SUP003,Supplier C,Clothing,AWC Logo Cap,30,7.24,7.58,217.20000000000002,227.4,-10.199999999999989,-0.04485488126649071,2015,12,2015-12
PO100860,2015-12-04,SUP004,Supplier D,Accessories,Patch Kit/8 Patches,68,1.12,1.05,76.16000000000001,71.4,4.760000000000005,0.06666666666666674,2015,12,2015-12
PO100861,2015-12-05,SUP006,Supplier F,Clothing,AWC Logo Cap,27,7.11,7.76,191.97,209.51999999999998,-17.549999999999983,-0.08376288659793807,2015,12,2015-12
PO100862,2015-12-05,SUP006,Supplier F,Accessories,Hydration Pack - 70 oz.,136,22.7,23.41,3087.2,3183.76,-96.5600000000004,-0.030328919265271374,2015,12,2015-12
PO100863,2015-12-06,SUP011,Supplier K,Accessories,Patch Kit/8 Patches,90,1.11,1.11,99.9,99.9,0.0,0.0,2015,12,2015-12
PO100864,2015-12-06,SUP007,Supplier G,Accessories,Hydration Pack - 70 oz.,212,22.06,22.15,4676.719999999999,4695.799999999999,-19.079999999999927,-0.004063205417607209,2015,12,2015-12
PO100865,2015-12-06,SUP009,Supplier I,Accessories,Patch Kit/8 Patches,238,1.08,1.09,257.04,259.42,-2.3799999999999955,-0.009174311926605486,2015,12,2015-12
PO100866,2015-12-07,SUP003,Supplier C,Accessories,Touring Tire Tube,191,2.12,2.16,404.92,412.56,-7.639999999999986,-0.018518518518518486,2015,12,2015-12
PO100867,2015-12-07,SUP001,Supplier A,Clothing,"Half-Finger Gloves, S",96,10.01,9.81,960.96,941.76,19.200000000000045,0.02038735983690117,2015,12,2015-12
PO100868,2015-12-07,SUP001,Supplier A,Accessories,Mountain Bottle Cage,137,4.51,4.46,617.87,611.02,6.850000000000023,0.011210762331838603,2015,12,2015-12
PO100869,2015-12-08,SUP009,Supplier I,Accessories,Water Bottle - 30 oz.,37,2.27,2.2,83.99,81.4,2.589999999999989,0.03181818181818168,2015,12,2015-12
PO100870,2015-12-08,SUP005,Supplier E,Accessories,Patch Kit/8 Patches,134,1.06,1.07,142.04000000000002,143.38,-1.339999999999975,-0.00934579439252319,2015,12,2015-12
PO100871,2015-12-09,SUP008,Supplier H,Accessories,Water Bottle - 30 oz.,157,2.2,2.08,345.40000000000003,326.56,18.840000000000032,0.05769230769230779,2015,12,2015-12
PO100872,2015-12-09,SUP002,Supplier B,Accessories,Mountain Tire Tube,240,2.17,2.1,520.8,504.0,16.799999999999955,0.03333333333333324,2015,12,2015-12
PO100873,2015-12-09,SUP006,Supplier F,Accessories,"Sport-100 Helmet, Blue",149,14.99,13.78,2233.51,2053.22,180.29000000000042,0.08780841799709746,2015,12,2015-12
PO100874,2015-12-10,SUP006,Supplier F,Accessories,Water Bottle - 30 oz.,207,2.16,2.14,447.12,442.98,4.139999999999986,0.009345794392523333,2015,12,2015-12
PO100875,2015-12-10,SUP001,Supplier A,Accessories,Hydration Pack - 70 oz.,156,21.38,22.58,3335.2799999999997,3522.4799999999996,-187.19999999999982,-0.0531443755535872,2015,12,2015-12
PO100876,2015-12-11,SUP003,Supplier C,Accessories,ML Road Tire,160,9.36,9.54,1497.6,1526.3999999999999,-28.799999999999955,-0.01886792452830186,2015,12,2015-12
PO100877,2015-12-11,SUP004,Supplier D,Clothing,AWC Logo Cap,64,7.25,7.77,464.0,497.28,-33.27999999999997,-0.06692406692406687,2015,12,2015-12
PO100878,2015-12-11,SUP006,Supplier F,Accessories,Water Bottle - 30 oz.,10,1.94,2.06,19.4,20.6,-1.2000000000000028,-0.05825242718446615,2015,12,2015-12
PO100879,2015-12-12,SUP004,Supplier D,Accessories,Touring Tire,199,12.05,11.55,2397.9500000000003,2298.4500000000003,99.5,0.04329004329004329,2015,12,2015-12
PO100880,2015-12-12,SUP009,Supplier I,Accessories,Mountain Tire Tube,240,2.11,2.22,506.4,532.8000000000001,-26.40000000000009,-0.049549549549549717,2015,12,2015-12
PO100881,2015-12-13,SUP002,Supplier B,Accessories,Mountain Tire Tube,157,2.14,2.09,335.98,328.13,7.850000000000023,0.023923444976076624,2015,12,2015-12
PO100882,2015-12-13,SUP004,Supplier D,Accessories,ML Road Tire,188,10.28,9.5,1932.6399999999999,1786.0,146.63999999999987,0.08210526315789467,2015,12,2015-12
PO100883,2015-12-13,SUP005,Supplier E,Clothing,"Half-Finger Gloves, S",130,10.0,9.7,1300.0,1261.0,39.0,0.030927835051546393,2015,12,2015-12
PO100884,2015-12-14,SUP002,Supplier B,Accessories,Road Bottle Cage,49,3.2,3.09,156.8,151.41,5.390000000000015,0.03559870550161822,2015,12,2015-12
PO100885,2015-12-14,SUP010,Supplier J,Accessories,Water Bottle - 30 oz.,61,1.99,2.17,121.39,132.37,-10.980000000000004,-0.0829493087557604,2015,12,2015-12
PO100886,2015-12-14,SUP003,Supplier C,Accessories,Road Bottle Cage,81,3.28,3.17,265.68,256.77,8.910000000000025,0.034700315457413346,2015,12,2015-12
PO100887,2015-12-15,SUP003,Supplier C,Accessories,Hydration Pack - 70 oz.,281,23.52,22.98,6609.12,6457.38,151.73999999999978,0.023498694516971244,2015,12,2015-12
PO100888,2015-12-15,SUP004,Supplier D,Accessories,"Sport-100 Helmet, Red",280,14.17,13.57,3967.6,3799.6,168.0,0.04421518054532056,2015,12,2015-12
PO100889,2015-12-16,SUP001,Supplier A,Accessories,Mountain Tire Tube,213,2.31,2.21,492.03000000000003,470.73,21.30000000000001,0.04524886877828056,2015,12,2015-12
PO100890,2015-12-16,SUP011,Supplier K,Clothing,"Classic Vest, M",126,29.28,26.82,3689.28,3379.32,309.96000000000004,0.09172259507829979,2015,12,2015-12
PO100891,2015-12-16,SUP001,Supplier A,Accessories,Hydration Pack - 70 oz.,148,22.64,21.85,3350.7200000000003,3233.8,116.92000000000007,0.036155606407322675,2015,12,2015-12
PO100892,2015-12-17,SUP001,Supplier A,Accessories,Mountain Tire Tube,150,2.16,2.11,324.0,316.5,7.5,0.023696682464454975,2015,12,2015-12
PO100893,2015-12-17,SUP003,Supplier C,Clothing,"Short-Sleeve Classic Jersey, M",191,47.84,46.51,9137.44,8883.41,254.03000000000065,0.028596000860030175,2015,12,2015-12
PO100894,2015-12-18,SUP006,Supplier F,Clothing,"Short-Sleeve Classic Jersey, L",116,43.87,44.23,5088.92,5130.679999999999,-41.75999999999931,-0.008139271987338777,2015,12,2015-12
PO100895,2015-12-18,SUP007,Supplier G,Accessories,"Sport-100 Helmet, Red",209,13.85,13.48,2894.65,2817.32,77.32999999999993,0.027448071216617183,2015,12,2015-12
PO100896,2015-12-18,SUP004,Supplier D,Accessories,"Sport-100 Helmet, Black",43,14.58,14.26,626.94,613.18,13.760000000000105,0.022440392706872543,2015,12,2015-12
PO100897,2015-12-19,SUP006,Supplier F,Accessories,"Sport-100 Helmet, Black",155,14.17,13.97,2196.35,2165.35,31.0,0.014316392269148175,2015,12,2015-12
PO100898,2015-12-19,SUP006,Supplier F,Accessories,Mountain Tire Tube,223,1.98,2.16,441.54,481.68,-40.139999999999986,-0.0833333333333333,2015,12,2015-12
PO100899,2015-12-20,SUP012,Supplier L,Accessories,"Sport-100 Helmet, Red",274,14.96,13.63,4099.04,3734.6200000000003,364.4199999999996,0.09757887013939827,2015,12,2015-12
